product,MAE,RMSE,R2,data_points
P008,307.1204542356509,387.4189197857673,0.8243204510095699,3
P001,1541.5306354366148,1705.507951095646,-5.665013807271628,3
P003,916.4244049996641,1292.5201514836392,-20.35070160948073,3
