product,total_sales
335026,0.0
334892,0.0
334953,0.0
334981,0.0
335003,0.0
334999,0.0
334992,0.0
334988,0.0
334959,0.0
WC,0.0
334978,0.0
334976,0.0
334972,0.0
334968,0.0
48880,-0.08
428930,-0.08999999999999998
72045,-0.17
30970,-0.25
72373,-1.6800000000000002
83432,-6.49
