product,total_sales
53929,5952.860000000001
23445,5458.0
2,3842.0
23886,3813.0
35840,2913.76
90468,2654.0
90590,2576.0
23905,2184.0
26187,2086.0
3999,1956.51
96741,1895.17
35254,1853.74
40932,1822.99
96750,1773.0
26735,1679.82
2909,1662.65
5096,1654.0
72777,1619.1299999999999
91170,1552.0
50744,1489.58
