month,total_sales
January,74624.69600000001
February,57715.399
March,80862.21
April,87927.47
May,101123.03300000001
June,105283.73999999999
July,127636.691
August,96230.664
September,81951.815
October,99337.89
November,99003.396
December,117251.07
