product,previous_year,previous_sales,current_year,current_sales,growth_pct
P008,2024,36110.021,2025,8306.514,-76.99665142814511
P001,2024,37978.889,2025,10556.092,-72.20536914600109
P003,2024,39799.792,2025,8060.9310000000005,-79.74629867412372
