customer_id,tenure_months,monthly_charges,total_charges,number_of_orders,days_since_last_order,support_tickets,page_views_per_month,items_in_wishlist,abandoned_cart_count,discount_usage_rate,email_open_rate,mobile_app_usage,preferred_payment_method,customer_segment,churn
CUST000000,11,50.433272289293996,616.0081756153453,7,18,3,100.01000128355237,5,1,0.400739795350507,0.24939640212372974,0,Debit Card,Regular,0
CUST000001,72,4.675448267745786,315.074236230001,7,46,1,29.533589128642525,1,4,0.4381455923071032,0.6821955460296493,0,Debit Card,Regular,0
CUST000002,31,123.07753753321491,4170.7481773350155,8,3,1,131.89085249986223,2,2,0.6066441323139683,0.1362021098524188,1,Credit Card,Regular,0
CUST000003,21,114.14097195218773,2517.314058906034,7,44,5,24.00050251066679,2,3,0.20498783901312084,0.5570083564323308,0,PayPal,Occasional,0
CUST000004,4,121.21717669341412,522.5556019643874,11,8,1,29.998433232798114,2,4,0.2874555114418098,0.5236333607293852,1,PayPal,Regular,0
CUST000005,4,40.248157293360606,179.7826253055145,7,9,1,7.891280922842703,7,2,0.4005784321490944,0.5281385010998577,1,PayPal,Regular,0
CUST000006,1,51.191038415126734,52.34898215528241,11,27,1,62.66916192498476,4,2,0.40609952327435905,0.39031609503514314,0,Debit Card,Occasional,0
CUST000007,48,49.770637236442525,1996.7530872080767,9,69,2,37.59108138531786,2,0,0.42629463618092006,0.2467889769113521,0,Debit Card,Occasional,1
CUST000008,22,178.2115108315866,3991.913122249181,10,25,0,107.4686683730688,3,1,0.33213275910524015,0.4110071494263204,1,Debit Card,Occasional,0
CUST000009,29,95.95492098786046,2190.7022568744283,10,31,2,52.42394093481671,2,1,0.4960542483111413,0.12993827878374722,0,PayPal,Occasional,0
CUST000010,0,86.5568662721517,0.0,11,44,1,71.91528837588899,3,5,0.1781567664495983,0.45528466259216727,0,Debit Card,Regular,0
CUST000011,84,143.46554084807954,11555.10350362477,6,9,1,47.00945748542185,2,2,0.39207410749971333,0.09328615588545142,1,PayPal,Occasional,0
CUST000012,42,49.91538051769405,2064.9968580732802,10,52,0,17.616062377186097,1,3,0.18522164358217955,0.21848795290664355,0,Credit Card,Regular,0
CUST000013,5,109.03857348458664,485.99085521191523,9,16,0,167.45202008566622,1,5,0.18294152208984038,0.04174444084500223,0,PayPal,Occasional,1
CUST000014,4,292.8481324652808,1171.7079571189724,13,5,1,60.67564470274533,5,4,0.209053271406273,0.3352944905979591,1,PayPal,Regular,0
CUST000015,4,197.4907040462538,763.4849669809626,8,12,1,29.49715564444539,3,1,0.0922413598864565,0.1631026821582585,1,PayPal,Regular,0
CUST000016,8,107.84188202264231,794.4826669249555,11,8,3,50.27189586049762,6,2,0.44379224507421605,0.2536115636274773,1,Debit Card,Regular,0
CUST000017,17,89.05585538744798,1508.874674217006,14,7,2,80.8036589957529,1,1,0.21626381751402862,0.1758933128993125,0,PayPal,Occasional,0
CUST000018,13,120.46848417568701,1593.7133287268412,17,9,2,14.701929331421525,3,3,0.46276800066823337,0.33687075785989606,0,PayPal,Regular,0
CUST000019,8,216.0168100177713,1564.902724024123,6,5,2,52.61543345707732,4,2,0.12898636054762416,0.3083849578604479,1,Debit Card,Premium,0
CUST000020,22,205.85804970375406,4504.269885130504,1,33,3,42.97779960255852,4,1,0.15800798798856164,0.4567536555642368,1,Credit Card,Premium,0
CUST000021,3,240.42915978347162,703.4485133227893,14,26,1,24.447790299324485,2,2,0.20229033155253381,0.219725296537581,0,PayPal,Regular,1
CUST000022,8,100.0150470603663,821.7893251461803,11,31,2,81.95629071869138,1,2,0.30959358521035557,0.3641476646172838,1,PayPal,Premium,0
CUST000023,10,8.239193498854972,82.94760283313282,7,12,0,30.850088324221137,3,1,0.3769585721617101,0.3489980890015523,1,Debit Card,Regular,0
CUST000024,14,279.3595090894223,4343.903500957952,13,44,1,102.15751994548478,3,2,0.387203849147335,0.13003889413577488,0,Credit Card,Occasional,0
CUST000025,36,42.66591063267971,1681.2468959536911,14,4,1,38.20451978192507,4,0,0.18547548996129387,0.2998298993926318,0,PayPal,Premium,0
CUST000026,5,141.82692006031792,809.2326835135635,7,25,0,74.69378794408131,2,0,0.184345676849202,0.23579308914932476,0,PayPal,Regular,0
CUST000027,17,8.476280026120765,147.04189508150284,12,9,0,61.99700962588777,6,0,0.3020587172303041,0.1908429603580775,0,PayPal,Regular,0
CUST000028,21,85.1837925899841,1887.1374981629149,11,22,0,58.00899435856984,4,1,0.20088546557103165,0.20261777714753867,0,Credit Card,Regular,0
CUST000029,1,64.32090865391022,58.78718663397257,11,11,1,50.734860762546575,5,3,0.33305452953379305,0.40841171170956664,1,Debit Card,Occasional,0
CUST000030,22,240.79087347090805,4983.697385142555,11,46,1,56.190355789386324,3,2,0.20493173327987485,0.1837773030382666,1,PayPal,Regular,0
CUST000031,4,108.8481234543941,395.19326090755993,16,66,6,74.36944548551827,1,4,0.12435331003266376,0.1421758971934293,0,PayPal,Premium,1
CUST000032,1,84.50173594014299,75.84598123834186,5,40,2,104.44223754724638,1,2,0.06664375191003148,0.5960839879097986,0,Debit Card,Occasional,0
CUST000033,71,117.71592382037961,8790.752887893894,8,5,1,37.56678765511061,3,2,0.5020642154213942,0.3038594522570635,1,Credit Card,Occasional,0
CUST000034,80,2.2891290342343265,188.46881616511683,8,9,2,152.37945666830734,3,0,0.4153632849631348,0.6967683365384653,1,Credit Card,Occasional,0
CUST000035,39,48.92855629188616,2154.8378261515563,10,75,0,87.63661731937108,6,3,0.2244870199991019,0.32198914917358884,0,Debit Card,Occasional,0
CUST000036,8,55.62193175668635,441.53448074361773,12,17,1,68.11281209513255,1,3,0.1324587504818095,0.21232758482055109,0,PayPal,Regular,0
CUST000037,2,131.26384119578748,243.41221760913666,13,84,0,65.2576816152453,3,1,0.18590513561468186,0.19104300501670246,1,PayPal,Premium,0
CUST000038,27,34.55166816704375,908.5217327392028,13,14,1,10.939079377909822,6,2,0.10171186840134401,0.2325036440673439,0,Credit Card,Regular,0
CUST000039,13,96.82721836238302,1229.8237397685157,12,90,1,148.6629158465746,5,3,0.2925654638339774,0.297862247224053,0,Credit Card,Regular,0
CUST000040,3,78.33304339383173,249.54018316513893,12,78,0,77.5740534792107,2,2,0.3530396287945357,0.5389513866080489,1,PayPal,Regular,0
CUST000041,16,51.26216830737751,710.0582347691069,14,32,1,28.542229382148445,4,3,0.3377588857827344,0.39552369720707087,0,Debit Card,Occasional,0
CUST000042,0,54.18416101331758,0.0,6,0,1,18.55163805895427,2,2,0.08850915168788445,0.21831914245353357,0,Credit Card,Premium,0
CUST000043,57,77.77542186335123,4071.656462542748,12,15,1,78.66318360927835,2,1,0.2910357344971443,0.21008029295446767,0,Credit Card,Occasional,0
CUST000044,7,11.843265168757638,82.28360075257768,11,72,0,38.85567881003635,1,2,0.3406719310502608,0.29766620285782336,1,Debit Card,Regular,0
CUST000045,26,144.8375318512538,4303.91849673779,12,64,0,49.616452871157996,3,5,0.34926708420819025,0.1886275042302907,1,Credit Card,Regular,1
CUST000046,8,42.39624646380885,310.5205784847759,8,6,1,48.35812850318072,2,1,0.40819401247771847,0.33116367021480636,1,PayPal,Premium,0
CUST000047,17,67.66308798483944,936.9233748598139,8,15,3,49.499141749442906,6,2,0.03053491688850641,0.13866337958401506,0,Credit Card,Regular,0
CUST000048,18,234.9666287268596,3889.6910462513206,8,54,0,16.528555797227135,5,0,0.26904595676292414,0.5301218530586834,1,Credit Card,Occasional,0
CUST000049,4,146.57431380586158,534.7886670136835,11,25,1,96.24252500311869,3,5,0.1335993100117966,0.37290995561812007,1,PayPal,Regular,0
CUST000050,83,28.92442060408349,2527.1397369211777,1,56,1,37.888817198375534,4,2,0.13386414589381446,0.37902001077697955,1,Debit Card,Occasional,0
CUST000051,35,1.58534350381154,52.901333338549456,13,52,2,44.47197113329047,5,4,0.14583160368746653,0.18663724727088624,1,PayPal,Regular,0
CUST000052,67,121.3541436781632,9378.310323349066,11,71,1,32.669051999872195,4,1,0.29949624860288576,0.39306998209551014,1,Credit Card,Regular,0
CUST000053,54,69.83692453331662,4036.0210588950918,7,3,0,83.42218783382324,4,3,0.34292148948803863,0.26100767386481477,0,Debit Card,Premium,0
CUST000054,21,97.26154666851907,1840.8426762714396,10,4,2,32.21170517009541,1,2,0.04499732357399722,0.4436122207825327,1,PayPal,Regular,1
CUST000055,61,143.1911309754259,9726.978224822136,14,2,1,26.237415442568953,4,1,0.06229680457196135,0.4604598840440658,1,PayPal,Occasional,0
CUST000056,2,159.17521190577443,276.57063661752875,10,82,0,75.42134807230275,2,1,0.41223022035969137,0.4659755764430902,0,Credit Card,Regular,1
CUST000057,5,59.30793057146765,305.1883031932591,7,19,2,43.37777524187699,5,2,0.012936255470709439,0.06429683585972962,1,PayPal,Occasional,0
CUST000058,1,76.77786242608298,74.09014742022806,14,1,1,64.39908097232171,2,2,0.10789554445706945,0.44816820342086355,0,PayPal,Occasional,0
CUST000059,9,111.38664059806918,909.2307408692224,13,11,1,36.240885439534274,5,3,0.23416330022982107,0.2959930382034047,0,Debit Card,Occasional,0
CUST000060,11,116.71444175101125,1094.6269695738838,13,12,1,26.7778981537311,6,2,0.3627353876270956,0.3624748284889896,0,Credit Card,Premium,0
CUST000061,7,96.55368834568428,603.4673313692149,7,49,0,40.544308730970315,3,0,0.27059452224051955,0.35209937605189545,0,Debit Card,Regular,0
CUST000062,42,217.83563191780902,7094.78009050892,12,39,3,87.94199534566951,3,1,0.29672452683907086,0.38890003610687296,1,PayPal,Occasional,0
CUST000063,10,115.77674285923105,1319.063416678467,9,35,1,40.11469860745499,2,2,0.2628749272863531,0.4190400884128434,1,Credit Card,Regular,0
CUST000064,7,141.71660399293611,991.5964969668455,10,0,1,92.29795349788216,5,3,0.4551797434590209,0.5260059122020615,1,PayPal,Regular,0
CUST000065,18,102.69107928450634,1569.6258970460012,6,72,0,38.589056459291456,2,1,0.27423120282600055,0.21164330983606508,0,Credit Card,Occasional,0
CUST000066,3,34.311624560485356,78.81136182242659,13,7,1,68.01891124197405,1,2,0.33933189441982814,0.2303483123936312,1,PayPal,Regular,0
CUST000067,38,48.793092311471995,2075.1324304749487,10,29,3,47.96282896644425,4,3,0.3105074276748375,0.14445057941769812,0,Credit Card,Occasional,0
CUST000068,1,27.72735644507022,26.686102808223502,13,1,1,38.94094511513349,4,3,0.5191262737633978,0.4230954022810241,0,Credit Card,Regular,1
CUST000069,104,171.56211267368852,19057.043474896833,11,2,0,28.523333609448137,5,1,0.22545157235537513,0.10770945624505432,0,PayPal,Regular,0
CUST000070,35,18.271107966264154,755.128772288738,10,0,1,37.5244310772846,3,5,0.23817502212403346,0.33756907673332376,0,PayPal,Occasional,0
CUST000071,5,74.32537415446629,408.2748081907476,9,25,0,55.038671237213386,1,1,0.5592493347491716,0.07861706315121303,0,Credit Card,Occasional,1
CUST000072,0,62.02313703467115,0.0,9,29,2,16.869179241557145,1,1,0.1665194956271418,0.20123926906028158,0,Credit Card,Regular,0
CUST000073,40,60.6951899599124,2451.894290466835,4,1,1,27.035351085867738,7,0,0.14819424974177164,0.2714822957829633,1,Credit Card,Regular,0
CUST000074,29,65.12147477062551,1898.509406198529,10,10,0,67.01083273487751,1,2,0.42719212704068515,0.5064831520807174,1,Credit Card,Regular,0
CUST000075,31,245.44262268600576,7023.081402902274,9,57,1,21.768299878521184,1,2,0.38028645861450816,0.09851929622087272,1,Debit Card,Regular,0
CUST000076,35,10.82286843158273,387.6922715444883,11,3,0,51.870371799164054,4,2,0.40389019901453255,0.35526940440882565,1,Debit Card,Occasional,0
CUST000077,1,199.85487884785132,198.0787336480563,8,7,2,77.80133967649556,2,5,0.41458401010847384,0.22401784423257398,1,PayPal,Regular,0
CUST000078,10,69.67606480614296,643.4214057972556,6,16,2,104.68669385010813,6,2,0.31573076888124796,0.28574288902189104,0,PayPal,Occasional,0
CUST000079,2,152.04512993672722,269.68001328708397,10,55,0,14.007097619687269,5,1,0.16770013250848598,0.40145326001605003,1,PayPal,Regular,0
CUST000080,47,88.59136390558453,4068.8027738051273,13,8,2,53.40161932541104,1,5,0.17372977980996238,0.5903586470984371,1,Credit Card,Regular,0
CUST000081,23,30.6317409115895,707.5940874701151,12,175,1,128.15566171212683,2,2,0.1672237153909226,0.38269703257453325,1,Credit Card,Premium,0
CUST000082,9,212.76861856072978,2076.322750656223,12,13,1,107.93258576265018,1,1,0.1441514127038323,0.25706474656661715,0,PayPal,Regular,0
CUST000083,1,191.14678727625324,216.5211905616141,15,14,1,18.346171375927266,6,4,0.3095129662795134,0.5468727285525861,1,Debit Card,Regular,0
CUST000084,8,32.89337642398305,246.43893261961531,11,3,1,59.75379177483562,3,0,0.45601317097368343,0.25043527529426146,1,Debit Card,Regular,0
CUST000085,9,127.98516787096024,1158.2162938847637,8,34,0,34.09531642402773,2,0,0.5193822970682859,0.3396803756303335,0,Credit Card,Regular,0
CUST000086,31,50.76094172468238,1431.4716404627088,10,8,0,34.76683902906875,7,1,0.22801572894097605,0.45576410590875116,1,PayPal,Occasional,0
CUST000087,24,19.162144811322907,504.0394474124334,7,29,1,36.751982002392,1,3,0.07613265558073838,0.21689569288363733,1,PayPal,Occasional,0
CUST000088,52,42.491728740840436,1938.6029078877798,7,7,1,76.80612696989586,2,2,0.3728786033425952,0.09307262968567077,1,Credit Card,Occasional,0
CUST000089,15,204.50569010856975,2598.419801516723,10,14,2,63.41578068624859,6,2,0.3547076835256253,0.20276090039702832,1,Debit Card,Occasional,0
CUST000090,3,154.62394936710493,374.6511497267913,11,58,2,63.29810868887879,2,1,0.19665814768953646,0.05510708129673407,0,Debit Card,Regular,0
CUST000091,29,65.7464963142246,1945.8890144290915,5,40,2,61.46299456820357,2,1,0.3221031328884619,0.1969984561002049,0,PayPal,Occasional,0
CUST000092,34,205.153529455368,5995.668745099412,11,5,0,29.426543790004374,1,3,0.35711849373585997,0.18794007611914282,1,Debit Card,Occasional,0
CUST000093,19,181.3580987980743,3657.99806381699,11,28,1,27.014356706171316,2,3,0.31460682050798827,0.26055505591985084,1,PayPal,Regular,0
CUST000094,35,42.5521366080447,1339.2157573109141,12,29,2,23.460989481346957,3,3,0.470194394393074,0.056532795596571074,0,Credit Card,Premium,0
CUST000095,16,238.99660363420134,2988.278549646801,11,2,0,48.5414658206333,5,1,0.5545830853310819,0.5301180729948928,0,Debit Card,Occasional,0
CUST000096,17,61.51776640013977,1101.5728264004701,13,18,0,13.760929792906706,2,1,0.2778243099290118,0.27799046004076766,1,Credit Card,Regular,0
CUST000097,13,68.6284017292179,820.5473041475103,11,9,0,62.407978618783275,4,0,0.5367749251144459,0.3216548584940144,1,Debit Card,Regular,0
CUST000098,0,11.184907148369726,0.0,13,18,1,115.65927675877748,2,0,0.4650870459169741,0.28641548414312273,0,Credit Card,Regular,0
CUST000099,2,49.941995814115295,105.14137415448599,8,45,1,65.0199525215456,4,3,0.17637256742610985,0.2088753668479366,0,PayPal,Occasional,1
CUST000100,0,74.78047333897699,0.0,15,5,3,69.62745371730531,2,3,0.2698558901790513,0.12754238428166317,1,PayPal,Occasional,0
CUST000101,24,104.81330434519724,2490.1018902662336,12,3,1,32.8831090761505,5,7,0.16917319301668596,0.45110322658934854,1,Debit Card,Regular,0
CUST000102,9,30.734571390566646,290.13483044204054,13,9,0,39.41611332753111,6,0,0.4984021651110902,0.24173304988171515,1,Debit Card,Regular,0
CUST000103,17,44.31495337221803,683.6094744264494,9,91,0,47.51030400780033,1,2,0.4451789219677825,0.17904738108337406,1,Credit Card,Occasional,1
CUST000104,57,242.47489707400823,13338.331873805262,8,41,1,46.18599564319342,3,4,0.2571926019225266,0.404803146448216,0,Credit Card,Occasional,0
CUST000105,6,173.2788485480824,901.5453216584049,9,0,0,62.60421587621696,4,4,0.23715843015741223,0.28622766703947805,0,PayPal,Regular,0
CUST000106,12,195.3469085373427,2399.8503287037192,13,15,0,109.19581806830831,3,1,0.13416997009692352,0.6437122641512422,0,Credit Card,Occasional,1
CUST000107,33,79.77555134045846,2764.2498207596586,7,8,1,46.826488501058996,5,4,0.07030378785566258,0.44346478364336495,1,Debit Card,Regular,0
CUST000108,6,107.10735535659603,638.1819896769993,10,30,1,95.80151555231413,6,2,0.15138616263515328,0.34725338531935035,0,Debit Card,Premium,0
CUST000109,1,130.00597075545852,141.34212597920765,5,18,2,51.17366973900258,5,1,0.3256253478793322,0.18373769051213779,1,Debit Card,Regular,0
CUST000110,8,240.13430395243108,1866.39515874647,7,100,0,21.000028498957207,4,1,0.46234464250296103,0.2928166410106014,1,Debit Card,Regular,0
CUST000111,4,18.71291216082531,71.51193572967674,10,7,0,54.81745136649444,4,1,0.4499873355999321,0.3980075512684258,0,Credit Card,Occasional,0
CUST000112,63,54.32525801816104,3139.3673025664652,12,26,2,57.2054223758377,3,3,0.29423575056735585,0.491652165085424,1,Debit Card,Regular,0
CUST000113,39,100.06230740162145,3282.630235744247,10,36,1,21.545064268012748,2,1,0.3027893723473689,0.3375680931937963,1,Debit Card,Premium,0
CUST000114,24,89.01626658837571,1991.3685939746392,7,52,3,102.70374856945548,2,1,0.08915494101748757,0.1787431805003212,1,PayPal,Regular,0
CUST000115,49,43.82014587984967,2208.9441972141594,11,15,0,71.00091551635076,5,1,0.4107017860870551,0.25943849582986855,1,Credit Card,Premium,0
CUST000116,39,122.1512071416951,4040.0874189872575,12,34,2,86.23722334042468,5,1,0.5082798484821918,0.14572659230141516,0,Debit Card,Premium,0
CUST000117,4,56.15920382113118,201.1718350407331,4,10,0,88.96847124271929,3,3,0.508610503618263,0.1372193241697396,1,Debit Card,Regular,0
CUST000118,53,84.16416464338054,4108.324844643504,8,17,1,28.347227452351053,1,1,0.3122117301064819,0.3033003354353596,1,Credit Card,Premium,0
CUST000119,18,118.30173431644069,2481.7674766462583,9,67,1,89.1464884190107,4,3,0.3302063130009654,0.29620526569847416,0,PayPal,Regular,0
CUST000120,39,58.40318389068548,2218.944796122124,9,89,1,16.370313114560094,6,2,0.20154182700671364,0.2549375600025698,1,Credit Card,Regular,0
CUST000121,54,145.79409661354185,8603.760943974325,15,38,0,52.67619401480949,4,1,0.42245223919851643,0.10761368987348774,1,Credit Card,Premium,0
CUST000122,9,164.59591368980807,1494.0483095851603,17,14,2,38.66497793062757,4,2,0.2239547677633814,0.20522882250068736,1,PayPal,Occasional,0
CUST000123,2,45.30639673433309,84.49230541719237,16,51,0,21.726934238813612,2,4,0.3652535812065326,0.16341158404888736,1,Debit Card,Regular,0
CUST000124,6,55.824300860158196,349.819097184901,9,0,3,69.3721663716533,5,1,0.15079588351775364,0.5700555320285249,0,Credit Card,Occasional,0
CUST000125,13,35.22890088038605,493.32104709112207,12,3,0,74.95702457375286,2,1,0.12697662850273964,0.470237231463346,1,Debit Card,Regular,0
CUST000126,40,82.73519606901203,3049.25372175167,12,32,2,27.659011313740407,1,1,0.5967458064422063,0.34537161912689374,0,PayPal,Occasional,0
CUST000127,47,104.76099634812373,4249.85596937433,9,10,1,51.00743746877144,2,2,0.22738993299117452,0.2935116646087476,0,Debit Card,Regular,0
CUST000128,0,63.10220643532579,0.0,6,90,3,67.60031817253517,4,0,0.25304807530820483,0.2828351703614409,0,Credit Card,Regular,0
CUST000129,17,102.62289474476387,1708.7943755422834,11,17,2,9.785843089615646,2,0,0.36876767500439817,0.173566932237201,1,PayPal,Regular,0
CUST000130,12,54.59598904187142,688.0277269992489,6,16,1,73.62656677554003,5,3,0.2511617576692846,0.28535624552035016,1,Debit Card,Occasional,0
CUST000131,6,56.092353535121035,343.9507023613583,6,34,1,24.86567249042487,9,2,0.7628778113544733,0.22541492575206637,1,Debit Card,Regular,0
CUST000132,3,108.7577436630878,388.4943526074205,7,43,0,25.783569517616808,2,1,0.2591186858372101,0.4151226327354789,1,Debit Card,Premium,0
CUST000133,9,59.22949613869889,613.2793755483649,14,19,0,72.92066901528355,3,1,0.10238638580660078,0.30768980717487004,0,Credit Card,Occasional,0
CUST000134,68,79.32480815522662,6768.526833039303,12,7,0,24.458288515200746,0,0,0.16459976785738578,0.2631160339954049,0,Debit Card,Regular,0
CUST000135,9,111.58192633958205,1105.4910977331062,9,44,0,89.71645414837695,2,2,0.1302469816594759,0.3727206268267706,1,PayPal,Occasional,0
CUST000136,17,101.52937440500496,1525.3214738791228,7,11,2,43.82671374671381,6,2,0.3328972351173623,0.313342118977113,1,Credit Card,Regular,0
CUST000137,29,55.24788080015527,1561.1068112541163,4,5,0,36.21860027260173,4,5,0.2134986955180582,0.40151175163032254,1,PayPal,Regular,0
CUST000138,10,176.12676476361634,2313.6883984062147,18,29,2,80.37132706798936,1,0,0.3042745565409049,0.24964004834783857,1,PayPal,Occasional,0
CUST000139,85,125.90753769316552,11617.158428776125,6,2,0,51.675554038778756,1,0,0.09344563791257,0.5096972472936313,1,PayPal,Regular,0
CUST000140,78,100.07157028239533,7312.63997348679,11,106,2,55.61108707992041,2,2,0.18376140627348747,0.20859010896372682,1,Credit Card,Premium,1
CUST000141,6,30.911217874400815,209.68577998973018,12,30,0,22.306495918193036,6,3,0.049639511959655755,0.2665189148879697,0,Credit Card,Occasional,0
CUST000142,16,90.67392891647808,1139.243315903164,13,127,1,141.03728425872072,0,0,0.34551224183209783,0.33945931331169177,1,PayPal,Regular,0
CUST000143,8,49.09028291466937,390.38769201711324,10,12,2,119.73968026587426,3,0,0.23084768808971623,0.17841864969882362,1,PayPal,Regular,0
CUST000144,8,119.46633553266737,1029.3665960101903,12,106,0,53.07748986831051,1,1,0.6894997843986526,0.3016888838104828,1,Credit Card,Premium,0
CUST000145,0,1.5148918153473703,0.0,8,4,0,39.95211882155515,2,0,0.12736268567973438,0.33211057399962907,1,Debit Card,Regular,0
CUST000146,22,67.85762733074442,1447.3383969186,6,1,0,64.97800487653731,2,2,0.21934215995681103,0.12802299726115302,1,Debit Card,Regular,0
CUST000147,16,53.20399156767587,864.2269078662367,5,1,0,17.242989890406392,4,2,0.1113004455909137,0.4287720475700725,0,PayPal,Regular,0
CUST000148,1,146.1716827223629,154.732819136111,13,18,2,60.90672228602173,4,5,0.6244446477663158,0.27313500718346856,1,Debit Card,Regular,0
CUST000149,7,11.712014686922087,89.61832775538704,8,2,3,6.936655732508483,3,2,0.1831165699779946,0.3430078115388772,0,Debit Card,Occasional,1
CUST000150,57,86.30442178699887,5390.428759836217,8,21,1,42.08358409297105,1,1,0.29657563433032463,0.22211873766107784,1,PayPal,Occasional,0
CUST000151,6,124.81912578170098,740.9520783418055,4,11,0,23.213861724144564,1,3,0.5719088717679573,0.4256675936190525,1,Debit Card,Regular,0
CUST000152,3,269.8123199612613,951.523878952685,10,12,1,73.95142773192256,1,1,0.26413701847986404,0.312818206462278,1,Credit Card,Premium,0
CUST000153,16,55.94338635557635,987.2658042957125,9,30,1,34.887535464981276,1,1,0.44383314160995746,0.10405409540228173,0,PayPal,Premium,0
CUST000154,101,106.08059852029359,10224.152952020151,10,5,0,20.888135934712242,7,2,0.22805118441890282,0.44823452769317995,0,PayPal,Regular,0
CUST000155,6,12.706889397334429,79.55601813355769,12,43,1,90.73983968623118,2,1,0.3293203484656715,0.6124729950987531,0,Debit Card,Regular,0
CUST000156,26,82.97493295618445,1987.524308912627,13,26,0,253.4475216758084,0,4,0.45179227160064384,0.194534672756499,0,Debit Card,Regular,0
CUST000157,34,184.902130366283,6545.523199186706,15,73,0,47.93442732816977,1,2,0.3661898026535393,0.31383216157025795,1,Credit Card,Premium,0
CUST000158,6,271.5353131232698,1973.3425561521215,9,13,2,64.37665153018835,3,0,0.06813399309767612,0.26869512906600806,0,Credit Card,Regular,0
CUST000159,31,113.46714516493486,3333.98811809819,16,121,3,31.193178287045377,2,3,0.19466656903912224,0.0818642259361567,1,Credit Card,Regular,0
CUST000160,11,17.50070277753829,150.15839147366503,11,25,2,36.003062587177574,4,7,0.5422647102482915,0.2741118597372893,1,Debit Card,Regular,0
CUST000161,24,205.03463393260267,5504.742558496474,8,108,1,109.89050759313672,5,1,0.203732529103665,0.1939510185771565,1,Debit Card,Regular,1
CUST000162,24,17.680276887087132,458.15558224735724,12,0,2,71.05598978043963,0,1,0.14930534725257302,0.45437436479173676,1,Debit Card,Regular,0
CUST000163,18,28.031365883661906,496.8147613382663,8,39,1,71.88147071479919,5,4,0.2853626294933136,0.34069062837077896,1,Credit Card,Premium,0
CUST000164,2,216.74478906474434,404.5745116200969,10,50,0,33.258210562856505,3,0,0.0660370620743884,0.21911001930794485,1,PayPal,Regular,0
CUST000165,43,78.38487983293933,3493.729208801883,13,1,1,27.248911657569977,1,2,0.10838733275957646,0.2619121020507716,0,PayPal,Premium,0
CUST000166,9,50.76105484179775,416.65577138913966,12,25,1,122.1533801186829,4,1,0.19691697149391565,0.49930911774558806,0,Debit Card,Occasional,0
CUST000167,4,137.05885598918456,593.6971659459649,10,48,0,48.033638110393625,1,2,0.43991884775028517,0.06370894642564222,1,PayPal,Regular,0
CUST000168,0,94.39475573960937,0.0,8,24,0,68.78403341044161,7,1,0.23363200857959776,0.5503279267539095,0,PayPal,Regular,0
CUST000169,21,173.80288180064161,3601.798229481851,10,1,2,28.863092273786908,4,1,0.1856088656039315,0.47956892998121026,1,Debit Card,Regular,0
CUST000170,27,97.68502258812336,2417.647134411112,5,35,2,13.252903761281525,2,4,0.06580121499492636,0.4194682465087128,1,PayPal,Occasional,0
CUST000171,0,99.35791700968576,0.0,10,1,1,41.99876829755865,2,2,0.608169756674415,0.1325506107826063,1,PayPal,Regular,0
CUST000172,17,169.63240190801986,2665.0522912385195,7,51,2,123.66660208933796,3,0,0.24628282536526863,0.551307783474867,0,Debit Card,Premium,0
CUST000173,6,77.55279520356608,445.7871074880377,5,1,1,65.03709785583973,2,3,0.3325566097911018,0.24945699218107764,0,PayPal,Premium,0
CUST000174,24,38.15998561414402,1055.7525070964693,10,4,0,64.61493711965443,1,3,0.20050818730790285,0.2844007329240591,0,PayPal,Premium,0
CUST000175,4,142.60266853229885,632.715670306587,11,9,0,40.1289095783654,6,5,0.2867664819994606,0.09483016717325847,0,Credit Card,Regular,0
CUST000176,28,65.8834880804098,1797.8268815116262,7,30,0,48.69946296448268,4,3,0.04795491228480528,0.2457416088609759,1,Credit Card,Occasional,0
CUST000177,11,103.55631946711246,1152.1820703164115,10,112,2,54.04275357865508,4,1,0.36168410280129504,0.26732907390150956,1,Debit Card,Occasional,1
CUST000178,66,9.492663612099935,616.0918034796348,12,3,0,59.376662502299,2,2,0.18850202680354552,0.47037669152739037,1,Debit Card,Regular,0
CUST000179,3,75.09164508380161,257.3302320981139,7,4,0,21.518469473281883,3,2,0.35293266073979407,0.2675846891152749,1,Credit Card,Regular,0
CUST000180,10,53.89213120152707,538.7146690361617,15,13,3,99.31931579285202,3,2,0.5424457552710463,0.2505865598352902,0,Credit Card,Regular,0
CUST000181,2,9.09978489383896,17.13039283496656,13,54,1,72.0776466387518,3,1,0.2671848827877927,0.41876426848058823,1,Debit Card,Occasional,0
CUST000182,62,76.96516385880116,4944.272438024235,8,18,3,55.65882671007748,2,0,0.26364069186363265,0.5815883921107987,0,Credit Card,Regular,0
CUST000183,50,79.01287833783968,3635.535362194708,11,11,1,82.01294162759466,3,2,0.39729504695934675,0.29818584461942066,0,PayPal,Occasional,0
CUST000184,7,109.104610990823,876.4954502950923,11,24,0,92.42603145215712,5,4,0.4395456958594184,0.13200941676434627,1,Credit Card,Occasional,0
CUST000185,25,182.80922472238356,4511.367744657615,6,9,1,82.02547265831838,4,5,0.13215427205975905,0.18419928743833672,0,Debit Card,Regular,0
CUST000186,40,163.25065126911906,6484.572844228693,10,15,0,84.63742476307078,4,1,0.05531303908586374,0.3976367857213121,1,Debit Card,Occasional,0
CUST000187,19,57.14622552486174,1134.4251304329748,11,12,3,36.05023550078801,1,2,0.506285363554559,0.04960646117271437,1,Debit Card,Regular,0
CUST000188,18,95.9033345919797,1917.611100683964,13,48,0,49.85558665515942,0,2,0.1935128070139339,0.36007509377430097,1,Credit Card,Regular,0
CUST000189,6,120.66396355789111,730.0505655888046,5,77,4,89.86645399118882,1,2,0.28651960662297654,0.5134990880830065,0,Debit Card,Premium,0
CUST000190,2,58.52879383389683,128.72479649422277,18,42,0,44.02452673248096,1,2,0.6621151971608701,0.34929062907496994,0,Credit Card,Occasional,0
CUST000191,54,19.55646379671373,1293.732359553677,12,17,0,79.09131643833462,4,4,0.2900154264705164,0.4240372983993995,1,Debit Card,Regular,0
CUST000192,55,70.58808903517715,4262.499768299127,8,21,0,34.19154661747952,3,2,0.46646776957859337,0.24140595424826516,1,Credit Card,Premium,0
CUST000193,24,188.00449330206808,4825.701513841748,11,4,1,31.323136513804517,6,4,0.42684954470844316,0.47503072633473803,0,PayPal,Occasional,0
CUST000194,9,18.5166924929505,162.9643703631938,12,41,2,59.91794218378364,3,2,0.19793247631670297,0.23778226352513962,1,Credit Card,Occasional,0
CUST000195,10,34.563813237116655,392.60778603001415,9,27,4,108.98085522990557,3,2,0.16439642884294464,0.5003319890242051,1,PayPal,Occasional,0
CUST000196,31,41.93035546456686,1149.786774085771,11,69,1,72.55186605115134,5,1,0.05240729773276446,0.24561577233472862,1,Debit Card,Occasional,1
CUST000197,54,34.94332798160018,1834.9906474026975,5,6,2,56.801133181927135,3,0,0.21966875748344175,0.18560508584487065,1,Debit Card,Occasional,0
CUST000198,52,137.4855333232142,6715.682312002927,10,42,0,72.09379044431552,3,6,0.1715138996515145,0.22253714830228347,0,PayPal,Regular,0
CUST000199,36,48.92220070271785,1881.7940384236142,7,34,3,63.59769605639421,2,1,0.1777371099050399,0.34117906873118675,1,Debit Card,Regular,0
CUST000200,24,140.07268947878794,3133.26261075051,10,9,1,31.62029115349675,6,2,0.31783633301800013,0.42428039297180886,1,Credit Card,Regular,0
CUST000201,2,86.22960165406485,134.74033961622436,6,33,0,45.118894925768714,1,0,0.6349452350675313,0.3376822993130457,1,PayPal,Regular,0
CUST000202,4,13.808717138137563,58.79214069016802,9,77,0,21.792118239011273,4,1,0.153239620820541,0.34062937649450525,0,PayPal,Regular,1
CUST000203,54,59.606445199505565,3002.3493299069437,13,75,0,64.95949694957892,4,2,0.41122278476461305,0.13184097634277278,1,Debit Card,Occasional,1
CUST000204,22,166.59030141249806,3448.6710861505762,11,38,1,92.7961421745679,3,1,0.26394395879213545,0.2013315341369583,0,PayPal,Regular,0
CUST000205,0,93.70895093542359,0.0,11,1,1,100.87836931327826,4,2,0.24186666859675282,0.16510494604869716,1,Debit Card,Regular,0
CUST000206,2,63.4420696348835,159.7918137430233,11,61,0,42.91442499745733,0,3,0.21675071384312675,0.32804138401857713,0,Credit Card,Occasional,0
CUST000207,26,189.5269623085304,4785.635568235673,12,32,0,30.377266716775296,5,1,0.21049406297198242,0.3197657934923887,1,Credit Card,Regular,0
CUST000208,0,31.36426532436467,0.0,9,11,0,67.37319883096123,1,4,0.10146386926908683,0.5813823402616988,1,PayPal,Premium,1
CUST000209,4,50.49977678160287,246.93455624110794,10,6,1,20.748150739106748,6,2,0.14111303868913486,0.3277884682611229,1,Credit Card,Premium,0
CUST000210,19,156.0260553203239,3392.0349535346886,13,3,1,17.257926945035422,4,2,0.12906898477518933,0.22641050441154922,0,PayPal,Premium,0
CUST000211,28,135.50640895391948,3701.7204722438796,12,1,0,75.43895851168331,5,3,0.4175452144961745,0.15929280673253118,1,PayPal,Occasional,0
CUST000212,25,28.8435660090891,683.879162840441,10,42,0,9.532183657516812,0,0,0.36081002530821477,0.5392693871485468,0,Credit Card,Regular,0
CUST000213,6,117.74907801570001,609.6103714772175,14,8,3,55.95062727908317,1,1,0.20960566196046246,0.2982684939448871,0,Credit Card,Regular,1
CUST000214,29,48.2219535835593,1362.130601944728,9,0,0,69.17830440954675,2,0,0.26743462277218716,0.32472124318891793,1,PayPal,Occasional,0
CUST000215,6,8.49993036550052,48.67991754894212,9,15,0,19.688930282369643,2,0,0.3359018091495764,0.19450332224575426,1,Debit Card,Occasional,0
CUST000216,9,64.48112360969844,532.8694071618179,10,19,1,131.72674147494797,6,3,0.24209095049835633,0.06695636215974257,1,Debit Card,Regular,0
CUST000217,32,282.9747116248744,8447.84801292977,7,5,1,19.038054627140685,4,3,0.5139907557378444,0.1298601761748264,1,Credit Card,Premium,0
CUST000218,25,168.56321752693106,4034.7529934746412,7,1,1,107.72206519746035,1,1,0.37425961344804953,0.40271933542814436,1,Debit Card,Regular,0
CUST000219,45,80.31281487732112,3729.9444053487064,8,6,1,108.92626685501068,1,1,0.15277141631096194,0.4328438472940391,1,PayPal,Premium,0
CUST000220,25,17.2443620602105,443.3769888493072,6,34,1,88.85855563682802,1,1,0.12917881653502042,0.24534675020961036,1,Debit Card,Regular,0
CUST000221,20,8.888758791919539,205.75975220919173,5,2,0,72.2612903678411,3,1,0.358592630998427,0.37980678613318497,1,Credit Card,Regular,0
CUST000222,2,86.43677102000956,182.07153143492536,11,24,0,66.17661746484703,3,0,0.17953422669450997,0.44823706122152535,0,Debit Card,Regular,1
CUST000223,11,112.2430309930967,1073.7738524445285,9,4,1,24.653181158631842,2,2,0.24309281457547083,0.5159108632829625,0,PayPal,Occasional,0
CUST000224,7,138.61019673564329,1051.0489190168403,5,6,1,30.64446024222802,4,2,0.6706083057235744,0.11227761747191595,0,Credit Card,Regular,0
CUST000225,6,127.6375928178322,752.309136921035,10,14,0,40.8338027714985,2,0,0.34340539799538927,0.20434229179659485,0,Credit Card,Regular,0
CUST000226,86,135.40450303454145,12508.440823713923,12,3,1,55.140109060972065,1,3,0.2535743542851861,0.5818497032696769,1,Debit Card,Regular,0
CUST000227,11,102.49332485297357,1203.7601937702045,11,5,3,42.24964390677989,2,3,0.40819146647555676,0.31257233210740265,0,PayPal,Premium,0
CUST000228,53,186.77165326268297,9357.589464642917,12,12,2,46.9512125422618,2,3,0.4882290376616987,0.4168257424796856,1,PayPal,Regular,0
CUST000229,23,53.800483467308666,966.8016918921782,6,11,0,24.577917379112513,2,2,0.619718887831284,0.13096887451539763,1,PayPal,Regular,0
CUST000230,38,85.44274944479685,3371.312550333707,11,41,2,115.15648583524069,4,1,0.32796010668682,0.12750730172848235,1,Debit Card,Occasional,0
CUST000231,16,13.876709044996183,230.2249905933202,16,2,2,61.52553470069081,1,1,0.4176569498376086,0.2966368255503811,1,Debit Card,Occasional,0
CUST000232,20,52.82230848649291,1075.9095339922999,20,59,0,130.94098229118651,2,5,0.05508599543053683,0.4754624539120056,1,Debit Card,Regular,1
CUST000233,16,165.41740446244114,1820.1303359037104,11,50,0,20.342383270901774,1,1,0.1795021389203136,0.1825854873847888,1,Debit Card,Premium,0
CUST000234,5,132.37496908397682,787.7037733755187,10,43,0,21.642029835098274,1,1,0.16788849599202543,0.17013040274162808,1,Debit Card,Regular,0
CUST000235,30,4.854059934263045,179.02641702049542,11,11,3,91.20365846204237,2,3,0.08680988678526659,0.39201295884713344,1,Debit Card,Regular,0
CUST000236,7,296.864171769573,2333.8900252236604,12,51,1,40.13183477313109,1,2,0.48772135304504627,0.6097643451045632,0,Credit Card,Occasional,0
CUST000237,0,93.89294797575442,0.0,7,6,2,99.1823493530066,2,2,0.5875083810277495,0.20362275885081776,1,PayPal,Regular,0
CUST000238,24,95.23156393133816,2559.821957317755,8,3,2,84.38276538899261,6,3,0.34698385324421993,0.6554035505793606,1,PayPal,Occasional,0
CUST000239,4,49.949982666577256,192.29285440876967,10,1,1,48.854011883625255,4,0,0.5337107892696359,0.3681543648590467,0,PayPal,Regular,0
CUST000240,67,59.86218234191565,3933.9337983761484,7,84,0,26.83432056371929,2,1,0.36125812657743284,0.625152926850679,1,Debit Card,Regular,0
CUST000241,73,93.10595745760862,7679.5892576733795,9,11,2,28.2644579742664,6,1,0.3486501596674079,0.3070471342686547,0,PayPal,Regular,0
CUST000242,59,127.11145808969333,6825.004575373273,11,74,1,34.305306067821334,3,3,0.5919510217756017,0.5073101411251378,0,Credit Card,Regular,0
CUST000243,11,106.07162234759289,1230.6247390972394,13,9,4,53.77837719203062,2,2,0.10584337036154239,0.2962885318859673,0,Debit Card,Regular,0
CUST000244,0,53.45912480538105,0.0,13,71,1,72.94114623053177,5,3,0.3844748366321653,0.4375423352559849,1,Debit Card,Occasional,0
CUST000245,63,37.66734709570612,2262.3672853131748,15,70,0,27.4853070831896,2,1,0.5165623133555487,0.21934162048592273,1,PayPal,Regular,0
CUST000246,13,35.30335326923887,420.74556981357756,8,77,1,30.164208933566243,2,3,0.07939916673906951,0.29491458517077823,0,Credit Card,Occasional,0
CUST000247,81,174.29993085543646,12200.334416192776,8,20,1,28.555852364119424,3,2,0.055059190609495046,0.14635836967473095,1,PayPal,Regular,0
CUST000248,79,160.2062959819622,13166.64053794217,10,60,1,171.87101716153103,5,1,0.2372439821551583,0.27143686809237616,0,Credit Card,Premium,0
CUST000249,46,118.9125155749233,5175.673122775672,10,90,0,37.84328897702621,1,3,0.45618660959361546,0.27685925142245443,0,PayPal,Premium,0
CUST000250,8,173.4434431177901,1402.6914064349733,7,11,1,64.17151642371041,5,1,0.13234914195923653,0.409572299029922,0,PayPal,Occasional,0
CUST000251,11,75.51168930162669,741.5092562382151,10,16,2,87.61153138368448,1,4,0.2811524326435478,0.21527927010833947,1,PayPal,Premium,0
CUST000252,45,150.82409230444898,5710.131974231424,6,38,0,30.458026306754075,5,1,0.16834437428695237,0.3314958075399712,1,Credit Card,Regular,0
CUST000253,9,123.35220952033251,1004.1023676477239,9,10,0,69.91235817171234,3,1,0.35740315556739927,0.1980489961254989,0,PayPal,Occasional,0
CUST000254,4,153.64916885609824,584.4342255162708,9,42,1,69.47190581792435,2,2,0.5337688949177206,0.21426095915255164,1,Credit Card,Regular,0
CUST000255,19,31.981983629021084,629.1721590593685,8,2,1,27.411167308734136,4,2,0.39542856286916783,0.3588146246245039,1,Debit Card,Occasional,0
CUST000256,66,101.42014104931127,6196.177385077832,11,22,1,37.930742941511426,4,1,0.2613524775580035,0.5942746896618872,1,Debit Card,Regular,0
CUST000257,28,62.67573830360209,1577.4085720158932,12,3,1,69.90399272924193,3,2,0.08230038495870864,0.2604291651194435,0,PayPal,Occasional,0
CUST000258,20,6.498138247357625,130.4390974599327,9,10,0,46.394710294942726,2,1,0.33827566810679527,0.10346642581069808,1,PayPal,Regular,0
CUST000259,2,193.47471961994069,325.7009609403775,11,8,2,93.61052600293114,7,1,0.2666097239272127,0.25929860933259485,1,Debit Card,Premium,0
CUST000260,22,160.51399259777907,3964.809774934942,11,54,2,21.328434967924697,4,2,0.5531721861815905,0.34025870504828865,1,Debit Card,Regular,0
CUST000261,110,108.05731860278729,12486.161062342131,9,6,1,98.98004719521583,2,0,0.4229444706496738,0.2655018321509928,0,Credit Card,Occasional,0
CUST000262,3,39.85044115396189,115.2802482789526,4,49,0,48.60246923595967,4,3,0.19881290323147696,0.26085785128568195,1,PayPal,Regular,0
CUST000263,17,13.129792723857857,264.77720357937824,14,47,0,42.96756844946876,1,2,0.3328203433949906,0.34372750145381026,1,Credit Card,Regular,0
CUST000264,50,6.356384470417281,364.6257712751084,11,20,2,74.12390415248797,4,0,0.3399870623858276,0.2636938665285921,1,Credit Card,Regular,0
CUST000265,32,52.48731211099352,1632.2623725918575,13,7,0,44.656902007726664,0,2,0.12085520073410419,0.29692825742416196,0,Debit Card,Regular,0
CUST000266,28,136.80493452890295,3895.341453919506,10,7,2,56.19035227947063,0,0,0.1298279120143285,0.27520917787075033,1,Credit Card,Premium,0
CUST000267,29,63.22456180435121,1535.6818198388596,10,18,5,83.20563960097076,2,4,0.18329151072453387,0.19580792042497086,1,Credit Card,Occasional,0
CUST000268,10,119.96593690010195,1206.3048889708737,15,0,0,63.136175375297306,6,2,0.3235277684977647,0.6341186057564713,0,Debit Card,Premium,0
CUST000269,8,124.27483989480848,924.0845677533852,9,22,3,89.31231875304654,3,4,0.21104168671836832,0.4427747317873461,1,Debit Card,Occasional,0
CUST000270,39,135.40538161928214,4706.833139184327,11,91,2,41.691487670769945,2,2,0.5495058837265376,0.32254439590658907,0,PayPal,Regular,0
CUST000271,39,10.41245489063466,379.4179203742514,10,5,2,63.758130283027455,6,1,0.0759951390701749,0.373110656173177,0,Credit Card,Premium,0
CUST000272,48,43.21603413356939,2038.4431532389706,10,25,0,118.80877294842807,4,4,0.1851239605326366,0.23698634037967026,1,Debit Card,Regular,0
CUST000273,58,118.37656181896476,7249.124094146856,13,97,0,17.580725193287392,3,3,0.16584045289309512,0.21323301687132104,0,Debit Card,Regular,0
CUST000274,17,222.09072307222456,4156.265851985049,12,59,1,65.8732703404755,5,2,0.19015229073996145,0.2827532819040081,0,PayPal,Occasional,0
CUST000275,16,181.7531741565946,2880.4630919395267,7,56,0,79.9673819755587,2,1,0.32192812432210055,0.43420188268816207,1,Debit Card,Regular,0
CUST000276,38,103.98067622803929,4208.815456610546,12,51,0,112.22315858458995,2,4,0.5933659673322078,0.15367977505165423,0,Credit Card,Regular,0
CUST000277,25,194.86423443162113,5352.516787395183,13,11,0,64.85931194287544,3,1,0.3262980489498783,0.2560464542281059,0,Debit Card,Occasional,0
CUST000278,29,103.39456963384808,3098.340970551459,9,66,2,70.11469253337438,2,3,0.4467881840546437,0.20571123818000903,1,Debit Card,Regular,0
CUST000279,38,17.94616714332347,649.5228056967403,9,85,2,34.95246672494969,4,4,0.18533147886749302,0.3081989543886763,1,Debit Card,Occasional,0
CUST000280,52,133.79005948727897,6552.5129306380195,11,20,0,102.08873271669374,4,0,0.3903267840309222,0.22060848694372212,0,Credit Card,Regular,0
CUST000281,9,186.01168428014535,1496.543195294113,11,13,1,74.99467761031164,1,2,0.07760330157143797,0.26054717903255364,0,PayPal,Regular,0
CUST000282,11,268.7844191262568,2611.803785865399,8,16,1,34.02709883018371,2,2,0.22489885675589857,0.40688998108469965,1,PayPal,Premium,0
CUST000283,2,51.22052272211507,99.77219340939664,8,12,0,31.36953251282136,7,3,0.161072302788378,0.4960094110541142,0,Credit Card,Regular,0
CUST000284,20,28.756987023781093,549.5107738187448,13,7,0,45.11793293522479,4,1,0.09906026242354987,0.24090648722904234,1,PayPal,Regular,0
CUST000285,0,151.1308038990154,0.0,11,28,1,54.033810227249944,1,1,0.1147155257531056,0.5382078250518278,1,Debit Card,Regular,0
CUST000286,15,113.30665395239797,1623.634175688129,15,24,0,50.37624363860591,3,1,0.4719138206409675,0.13072598319312498,1,PayPal,Regular,0
CUST000287,18,105.9841021956379,1970.5943619049463,11,18,2,51.83704839981356,4,0,0.23175374375426808,0.4314148799592814,0,Credit Card,Occasional,0
CUST000288,8,196.70834384873638,1525.1801158896237,7,3,0,44.47362243114567,6,1,0.11857391661394581,0.2935131218063679,0,Credit Card,Regular,0
CUST000289,21,150.72065490589645,2565.479123244466,8,47,0,51.71257972154686,6,2,0.20556893403516419,0.42024325399949236,0,Credit Card,Occasional,0
CUST000290,0,121.11513004399366,0.0,9,5,2,90.94278455551331,1,3,0.6143514007369119,0.21671172051463614,1,PayPal,Regular,0
CUST000291,0,56.96889016551454,0.0,19,3,1,74.32651928960887,6,1,0.2947489286284483,0.14692479017881724,1,Debit Card,Regular,0
CUST000292,41,142.330391916475,5677.794204124253,12,29,0,19.61958681759301,2,2,0.4442120529995146,0.3295124416135189,0,PayPal,Occasional,0
CUST000293,10,27.563702772554848,292.21977540012455,7,15,1,96.2680411312737,2,3,0.3401866542218178,0.34653835672964967,1,Debit Card,Occasional,0
CUST000294,3,103.17673570784902,276.2178515809719,8,1,2,64.73373313189916,3,3,0.08264904587766488,0.4001094565939029,0,Debit Card,Premium,0
CUST000295,17,81.16259542397975,1297.4580860068122,11,13,1,27.12094018979675,2,1,0.4702280587082464,0.48385442741950335,0,Credit Card,Occasional,0
CUST000296,35,16.961844242202798,477.9648401840508,13,44,2,56.17810638257766,3,0,0.20344608640597578,0.1850845156140964,1,Credit Card,Regular,0
CUST000297,5,113.54598737857371,523.5672193138674,9,28,0,33.87121383470461,3,1,0.6504854829713883,0.481774878267593,1,Debit Card,Occasional,0
CUST000298,23,51.318371061317514,1300.3819161183667,12,13,1,33.95490538336339,3,3,0.20855048765843,0.23176655429629545,1,Debit Card,Occasional,0
CUST000299,2,111.55229799358379,209.24268264342885,8,6,0,44.452144779462586,2,1,0.4390195386113711,0.1325302951346808,1,PayPal,Regular,0
CUST000300,1,35.545345921945284,36.03344256296045,5,29,1,95.82174529437464,5,1,0.45412053026515453,0.2608132930877439,1,PayPal,Premium,0
CUST000301,18,151.7674877802281,2310.339928275158,7,65,0,9.819695302900175,4,2,0.37329262410844416,0.5004885404550968,0,PayPal,Regular,0
CUST000302,18,245.27056145458707,3781.3604035163316,6,31,2,37.74387403949396,0,1,0.20089392211453247,0.49484481798775254,1,Debit Card,Regular,0
CUST000303,24,27.57400126985371,522.5504751049091,10,50,0,76.74173449264417,2,5,0.17180752657684012,0.4260925914005017,1,PayPal,Regular,0
CUST000304,31,35.50112479417135,1111.0480266938787,10,22,0,155.86688915480124,3,4,0.15253247197109437,0.3310908092715242,1,Credit Card,Occasional,0
CUST000305,89,22.968300966863232,2027.151157529934,15,37,0,198.7563106577341,2,1,0.3676316453599281,0.32867370642547106,1,Credit Card,Occasional,0
CUST000306,17,70.26500118154641,1089.7411563008438,9,67,2,45.54508798393002,4,0,0.20366809249435341,0.4014280364738562,0,Debit Card,Regular,1
CUST000307,9,110.30132895844483,975.3635698570218,6,44,2,24.337685558646974,4,3,0.32682073891582697,0.20659237620221604,1,Credit Card,Occasional,0
CUST000308,38,136.32122406784225,4905.195167088114,11,72,2,67.51767694189697,1,4,0.5298624726528411,0.22291918390008794,1,PayPal,Regular,1
CUST000309,7,101.68159088319312,598.1079539118891,5,16,1,74.42602327234678,2,5,0.5320249618410939,0.2469337866256358,0,Credit Card,Regular,0
CUST000310,13,133.4108535293091,1591.946673064294,9,70,1,92.42018112440593,4,3,0.4475460358384748,0.1606730028884462,0,PayPal,Premium,0
CUST000311,1,78.92514032074807,64.35489816022084,10,29,2,67.47088549059936,5,6,0.40103558770536146,0.12207986379407235,1,PayPal,Regular,0
CUST000312,0,50.7972516062181,0.0,15,61,1,22.54154728832821,4,1,0.1250020450458602,0.2725708655424754,1,PayPal,Occasional,0
CUST000313,78,36.355104042010865,2637.2325136986565,7,1,0,10.815526063909921,2,4,0.21591879536892197,0.12023629944203826,0,Debit Card,Regular,0
CUST000314,43,72.36828465848276,2693.6695515438137,6,32,1,100.48219103888756,3,1,0.4257462062473718,0.5274333654365391,1,Debit Card,Regular,0
CUST000315,28,37.20770578044454,1040.0249874668125,8,56,1,85.63325994215369,2,0,0.18224687457235064,0.21456605818926328,1,Debit Card,Regular,0
CUST000316,12,107.90169355052797,1607.9020583507197,10,5,0,27.959806355486315,2,1,0.45619655943145515,0.13857103970460902,1,PayPal,Regular,0
CUST000317,4,37.77547219952656,154.33895679207427,8,32,0,26.97977122993429,3,2,0.14030739316104868,0.29577189358141587,0,Debit Card,Premium,0
CUST000318,4,55.64996194600985,235.41763230754822,17,52,1,135.91811495888425,4,5,0.4021674772465968,0.1178718320834442,1,Credit Card,Occasional,0
CUST000319,6,173.69643728124495,884.8702308351466,4,10,0,92.9765270675913,1,5,0.18063560713964333,0.27755146444915135,0,PayPal,Occasional,0
CUST000320,19,185.07958391149253,3100.448908261059,6,15,0,44.75587794873092,2,3,0.1557072930565275,0.5429388051030023,1,Credit Card,Occasional,0
CUST000321,30,181.16986038884463,5334.852377785957,11,25,0,31.210608462320604,1,5,0.2621709416407665,0.24557930700355102,0,Credit Card,Regular,0
CUST000322,25,79.95209471557597,1831.8756124646038,10,21,0,43.88366840878879,2,4,0.25623861732071396,0.26053238547178886,1,Credit Card,Occasional,0
CUST000323,7,52.58735829455262,365.8113229107255,9,1,0,37.810067238610074,2,3,0.2905884699196525,0.376006443101515,0,PayPal,Regular,0
CUST000324,74,120.02261248550626,9518.919554548444,13,3,1,74.74095560042728,5,2,0.23912564682525012,0.4301013956429785,1,PayPal,Regular,0
CUST000325,32,38.51757798320053,1216.3318575024884,10,3,2,60.85066440032289,5,4,0.2937608207842336,0.1131064340718142,1,Debit Card,Premium,0
CUST000326,19,141.03335327553856,3177.1886783743485,8,9,1,35.06459660105386,4,1,0.8158545959020685,0.2689872852888703,1,PayPal,Premium,0
CUST000327,22,48.58073925319278,920.273959436511,9,8,1,78.45057335095314,5,3,0.3633546344221942,0.5586035270617351,1,PayPal,Regular,0
CUST000328,13,69.98891249282806,891.6735828515987,12,40,1,32.48694328293685,4,2,0.40942330797282966,0.15801410816615083,0,Credit Card,Occasional,1
CUST000329,6,143.22490560344943,836.4235542912899,12,25,0,35.844171373988004,4,3,0.5758914039051108,0.4720885755931204,1,PayPal,Premium,0
CUST000330,10,12.392208467918584,126.32028713347647,14,43,2,47.271998798375144,0,1,0.42883270143592994,0.15680832239491213,0,Debit Card,Premium,0
CUST000331,34,50.40125511139841,1731.2597697396184,9,2,2,93.89180246212982,1,3,0.41243590098484917,0.1507716153930189,1,Credit Card,Occasional,0
CUST000332,0,109.58747229903072,0.0,16,19,0,33.253727691170916,2,0,0.41175460063752967,0.4655939513927444,0,Credit Card,Occasional,0
CUST000333,2,127.02720270671257,220.93415755511833,15,11,2,84.45584954000077,3,6,0.1523270394184268,0.04949257574597128,1,Debit Card,Premium,0
CUST000334,1,112.74267830960648,102.87777901640136,8,56,1,135.3118288801661,2,2,0.15687623855714397,0.1221953516930772,0,Debit Card,Occasional,0
CUST000335,0,69.29005035079129,0.0,10,36,4,39.095363521320195,9,2,0.4901290062681379,0.39223650367838936,0,Debit Card,Occasional,1
CUST000336,46,153.32475327749074,7399.872401696011,7,61,0,88.55318672413853,2,1,0.24117471616456776,0.48685644610605794,0,Debit Card,Regular,0
CUST000337,29,35.23215863575281,1000.3220210970867,15,1,1,99.63706085114379,3,1,0.22683484959971748,0.589127362499549,1,PayPal,Occasional,0
CUST000338,15,33.81726773386376,475.1978962710011,11,38,2,208.87105578152875,6,4,0.7441038581970925,0.16044865150800983,0,Debit Card,Premium,0
CUST000339,2,108.81081885628012,259.1405006855154,10,23,1,69.34256901791285,7,2,0.3032432091949685,0.1963629660421767,0,Debit Card,Occasional,1
CUST000340,16,31.583072139548886,487.4701462290592,6,52,1,48.49715482179333,3,1,0.2782166171014826,0.35872615777349,1,Debit Card,Regular,0
CUST000341,15,250.83546239565564,3280.1781869325246,12,21,0,118.58110469108087,4,1,0.26046209494465594,0.2884417199675562,0,Debit Card,Premium,0
CUST000342,4,51.659282612651836,239.31176720517993,16,23,4,79.35687235534273,5,6,0.10298311587955747,0.22823260631771516,0,PayPal,Occasional,1
CUST000343,13,151.36028287676672,1782.6365041222296,11,1,1,75.69030623950026,1,1,0.640673182011366,0.11360262549782248,1,Debit Card,Regular,1
CUST000344,12,26.507424684937725,371.91893924417127,9,33,0,70.46542779235833,1,1,0.29956927966111,0.2072881371607552,1,Credit Card,Regular,0
CUST000345,22,216.6034773677544,4207.763560659239,7,9,1,139.12600914156195,3,1,0.09706972031640265,0.2814190798426246,1,Credit Card,Regular,1
CUST000346,24,84.25000521788539,1996.8039432516766,14,0,1,37.89048494481748,1,0,0.4159463896808953,0.09252066758283485,1,Debit Card,Occasional,0
CUST000347,1,50.45927285402635,49.95216125786819,11,2,1,89.35942331177044,3,1,0.24573284122672784,0.22372635089590093,1,Debit Card,Premium,0
CUST000348,11,65.47464804872631,652.7377872521164,10,94,1,70.68983997017008,3,2,0.639753160194668,0.20408827602593388,1,Credit Card,Occasional,0
CUST000349,23,43.71785139418562,1048.1111745728872,17,12,1,104.07553271008445,3,3,0.19513352525572344,0.33729169142667603,0,Debit Card,Regular,0
CUST000350,16,69.83558566832042,1204.9691360321892,10,60,3,36.38320963433374,1,3,0.30353693301060203,0.525289306905675,1,Debit Card,Premium,0
CUST000351,46,28.109413895514212,1226.6011397655004,10,96,0,24.127400000924837,4,0,0.0938808509591728,0.43582353723777906,0,Credit Card,Occasional,0
CUST000352,25,51.85879470924712,1407.6330357403424,13,86,0,138.90759875828354,3,2,0.14635596527740782,0.3586622266888986,1,Credit Card,Occasional,0
CUST000353,4,149.36540292328365,553.1846069281905,14,64,0,16.437270017720216,2,2,0.21226412598792202,0.26014391243058965,1,PayPal,Occasional,1
CUST000354,1,97.59904837826072,110.8765258826679,9,67,2,34.39004068760687,0,3,0.11313068185280553,0.30249459288661584,0,Credit Card,Regular,1
CUST000355,24,34.56814780058829,709.2462158174765,9,10,0,19.558539150348512,2,2,0.33159116872880295,0.19990082114230692,1,Credit Card,Occasional,0
CUST000356,0,71.76225073749603,0.0,15,4,0,95.20482845780003,2,0,0.10382731887481644,0.3657271869139442,0,PayPal,Premium,0
CUST000357,21,186.51002747769323,3925.968738504286,9,30,0,28.486790887084034,3,3,0.23943915512515956,0.17113329965474933,1,Debit Card,Regular,0
CUST000358,67,57.04471189144174,3664.365984217272,11,20,2,65.74730313647487,1,2,0.4260029499226109,0.35481324009075627,0,Debit Card,Regular,0
CUST000359,20,31.257943177518488,553.5462056244077,10,3,0,28.329435249219365,2,2,0.42926334787690246,0.32094167162514053,1,Credit Card,Regular,0
CUST000360,11,123.76164506509888,1218.7436716153052,12,33,1,22.951851936441507,4,3,0.4235281704799321,0.15385006345666716,1,Credit Card,Premium,0
CUST000361,24,7.064969562710422,155.61777312918733,11,24,2,133.06914212570317,2,2,0.7170925471989366,0.5219775115134712,1,Debit Card,Occasional,0
CUST000362,14,66.67110801198587,922.3423312350609,10,59,0,79.14671605683432,2,1,0.08876897637335102,0.22579661267107629,1,Credit Card,Regular,0
CUST000363,18,197.56292738114774,3361.4554769695965,10,28,0,42.866163659777364,5,5,0.3046682443116248,0.18261020296044028,1,Debit Card,Regular,0
CUST000364,68,70.15600955213607,4710.714025358157,8,25,1,57.257115652751516,3,2,0.5234232187294016,0.1458683572453298,1,Credit Card,Regular,0
CUST000365,11,159.67683500709668,1602.5234896564616,11,17,1,23.469891536197693,4,4,0.4997452074497427,0.42815190768985373,0,Debit Card,Premium,0
CUST000366,77,30.84684078585192,2459.3585203212438,9,18,2,154.97084339124095,1,0,0.12300367830721769,0.14789894875194315,0,Debit Card,Regular,0
CUST000367,56,68.00772239604865,3960.591973044354,8,92,1,33.55367364054863,7,2,0.4706562146449911,0.0722686369758152,1,Debit Card,Regular,0
CUST000368,5,62.979704328159656,317.2753793155554,7,4,0,84.55487635978261,4,3,0.33147644526089043,0.24756160816891148,1,Debit Card,Occasional,0
CUST000369,1,119.07206894132062,105.83522748925093,7,17,1,20.16416762025402,1,1,0.1027330300614811,0.39606189038515405,0,PayPal,Regular,0
CUST000370,2,87.7894394709561,185.28253742823827,8,31,0,61.392608703035705,6,3,0.44850372256729454,0.4011549094706054,1,Credit Card,Regular,0
CUST000371,0,215.36449572630752,0.0,6,17,0,71.21834961713839,4,2,0.05158473152323903,0.36872320275429915,0,Credit Card,Regular,0
CUST000372,2,54.44222482415982,107.85510921817807,4,9,1,52.719795521164194,3,2,0.32134029668335456,0.19126144228974346,1,PayPal,Regular,1
CUST000373,27,86.9915982193819,2300.8174278708343,9,10,2,83.07422010162108,4,1,0.2114469491646133,0.11481752557573123,0,Credit Card,Regular,0
CUST000374,1,64.90099067827936,75.49953677487804,3,7,1,43.56302726747774,4,0,0.33087059215433823,0.18833440326755257,0,Credit Card,Regular,0
CUST000375,9,82.26573216400185,658.5624511662979,13,12,1,34.57760995982611,5,4,0.26181108109200907,0.4453091532849304,1,Credit Card,Occasional,0
CUST000376,44,76.68768904175555,3298.9842590733806,12,61,0,54.40404855791041,3,1,0.4740264041870551,0.35977781156266164,1,Debit Card,Occasional,0
CUST000377,0,38.17686368098649,0.0,9,21,0,24.44189809076007,2,4,0.19641977569931596,0.17879925377433498,0,Credit Card,Regular,0
CUST000378,40,143.73984661001046,6024.946233821977,17,8,1,25.036648933701677,3,3,0.12803495340162327,0.424419947006765,1,Credit Card,Occasional,0
CUST000379,7,47.25946564507877,352.5813646428803,10,14,1,33.70797188277358,4,1,0.3662372196267092,0.09115963650145738,1,Debit Card,Occasional,0
CUST000380,3,44.4095941349438,88.20083480453195,11,3,2,121.52782334663998,2,2,0.07978598844865152,0.15162510814931585,0,Debit Card,Occasional,0
CUST000381,28,18.09908155756673,531.2792518887384,12,70,1,49.915061302273145,7,2,0.35131288178271797,0.44261394249853353,0,Credit Card,Regular,0
CUST000382,23,53.14384124095001,1403.4008757455194,10,15,0,164.54947514919056,2,1,0.07954200021603851,0.1386413424866792,1,PayPal,Occasional,0
CUST000383,50,46.728917062500514,2094.265669562903,10,117,1,47.55533633301908,4,3,0.4648851609351997,0.12421289796044241,0,Credit Card,Occasional,0
CUST000384,31,9.165712599082244,264.35633683787097,10,12,0,34.79244472674351,3,3,0.2571668265236873,0.11248078593334745,1,PayPal,Regular,0
CUST000385,39,69.59947406612477,2741.423456904741,8,54,1,129.86208443486464,0,2,0.263524641476163,0.08495274596788599,0,PayPal,Occasional,0
CUST000386,7,208.99519694698765,1226.1792772948756,8,8,1,33.695466746460895,4,2,0.06175927971192284,0.3154661886931775,1,Credit Card,Regular,0
CUST000387,4,21.88603671863294,80.13261675284838,8,2,1,46.54474019898133,2,2,0.04197354371855259,0.28143908039861604,0,Credit Card,Regular,0
CUST000388,33,81.12293674443414,2770.623256057509,11,0,1,22.785313370969156,2,2,0.137286711640046,0.41839005402474194,1,PayPal,Occasional,0
CUST000389,39,68.29337014570497,2605.162125980074,7,27,2,108.44699759733626,1,1,0.24302526401826918,0.39180843339206256,0,Debit Card,Occasional,0
CUST000390,111,130.67807136279262,18115.394300210806,5,11,0,51.47610150305816,2,3,0.572980501121318,0.5005893427576791,0,Credit Card,Regular,0
CUST000391,12,137.48663434495376,1373.3057742376918,10,17,0,105.50119761073975,3,3,0.17851493462906717,0.4175609396047643,1,PayPal,Occasional,0
CUST000392,11,314.18292677700185,3226.7598940951943,11,51,0,72.20032756360618,1,1,0.25992764982483024,0.312438471682036,1,PayPal,Regular,0
CUST000393,35,100.24862433363833,4046.0938463527577,10,8,0,50.59182663899587,1,3,0.26248757094951053,0.4989277650463396,1,Debit Card,Occasional,0
CUST000394,10,41.533204514388814,462.31169421695955,10,11,0,65.4822406064269,4,2,0.14580730160917368,0.18712615724766207,1,PayPal,Occasional,0
CUST000395,64,51.89730198685282,3419.4124113423254,12,55,0,115.22194604747443,3,1,0.2274613136169862,0.3289842182564758,0,Credit Card,Occasional,0
CUST000396,46,56.46216091912534,2000.5160374485245,11,20,2,56.73679516317192,4,4,0.24680812054254794,0.29687797278817846,1,Debit Card,Regular,0
CUST000397,13,48.39721495195495,677.9463276040764,12,52,2,46.96289103759988,2,5,0.48534913236229615,0.336171264465954,1,Debit Card,Premium,0
CUST000398,33,243.67983515529863,9947.681758946113,11,14,1,12.71128715851395,2,2,0.48906707947052913,0.22520301123468592,1,Debit Card,Occasional,0
CUST000399,33,132.9293767235805,4961.805214075094,10,15,1,70.30138890653569,4,2,0.06457551539077402,0.13268032528401796,1,Credit Card,Premium,0
CUST000400,2,118.3370803709171,230.8230288084576,12,5,1,51.70709826024602,1,3,0.04021556203864243,0.21919547209957355,1,Credit Card,Regular,0
CUST000401,55,32.09573662820871,1863.5206515083235,8,74,1,125.46290483504973,4,2,0.2968733362459092,0.5475949289083202,0,PayPal,Premium,0
CUST000402,16,136.5271194732348,1996.4499347684377,15,68,1,22.425553520878875,3,1,0.18163056802331007,0.3121369470047279,1,Debit Card,Occasional,0
CUST000403,42,177.03543519721754,7719.630509908502,4,124,4,71.61783780152965,3,4,0.18865113373528172,0.22986228083771038,1,Credit Card,Premium,1
CUST000404,9,69.27683979544896,654.8860618271219,6,15,0,17.67265274877833,1,1,0.6247180717934419,0.14263229167055205,1,Credit Card,Regular,0
CUST000405,54,51.388543569034105,2451.5159699454052,13,51,1,44.590499267880126,3,1,0.4293939337181864,0.1236249107712533,0,PayPal,Regular,0
CUST000406,11,218.9200865886113,2639.2853299470253,9,16,0,120.09309774595991,2,2,0.2973317725419884,0.4553589567561235,1,Credit Card,Regular,0
CUST000407,0,45.84505503778497,0.0,12,18,1,118.74659536444135,2,1,0.27675168834692837,0.5157938542698832,1,Credit Card,Regular,0
CUST000408,56,41.78297650849841,2170.159317755367,14,53,0,69.63055969939285,4,4,0.3110910684141537,0.16911460458402225,1,PayPal,Regular,0
CUST000409,2,35.82057762008641,60.879977013772965,6,5,1,70.2008340326189,4,1,0.2861153447196441,0.18449183449924808,1,Debit Card,Premium,0
CUST000410,9,78.1073193119026,700.4591090695825,14,7,0,90.29312570694601,4,2,0.595716741377297,0.5718837709575286,0,Debit Card,Regular,0
CUST000411,71,100.03033595360927,6629.938902523317,8,11,0,51.807750880823406,3,0,0.5503166137721844,0.11609134265672183,1,Debit Card,Occasional,0
CUST000412,72,161.0578784739117,10435.813498520545,8,46,2,48.144063473843474,4,3,0.06917385602698418,0.16274631182575508,1,Debit Card,Premium,0
CUST000413,20,122.18129873637132,2627.636226141336,7,13,0,22.86880102093036,6,1,0.4612416698484081,0.1623286663158918,1,Debit Card,Occasional,0
CUST000414,23,120.79198971564809,2900.327871314514,15,13,1,57.38624828686132,2,1,0.27528263598854236,0.4182369644349806,1,PayPal,Regular,0
CUST000415,14,195.42411859317917,3230.7581878733326,7,202,2,24.50076442935231,2,1,0.32487042457261156,0.2080139955017064,0,Debit Card,Occasional,1
CUST000416,8,34.2698665566383,275.0767971969421,6,14,1,42.40171116842875,4,1,0.13692364149293593,0.267658728950299,0,Credit Card,Occasional,0
CUST000417,9,20.526212662923133,174.26009429253966,10,8,0,93.88802830179247,4,3,0.003679356604512523,0.4405886664225464,1,PayPal,Premium,0
CUST000418,26,126.433876083053,2801.28702800353,10,29,0,66.9276975290459,1,0,0.15513523386125674,0.13621793920218137,0,PayPal,Regular,0
CUST000419,33,75.30123436504763,2525.915131751051,6,48,1,32.36696130600101,1,0,0.49412167037068694,0.1540977907495372,1,Credit Card,Occasional,0
CUST000420,37,161.4551156299074,6921.352805396188,11,2,1,40.88823238306841,3,3,0.4810381760200714,0.5806930777635747,0,Debit Card,Regular,0
CUST000421,37,80.8574236628899,3460.0579547044413,12,28,1,59.25086505250026,2,2,0.15520161041806269,0.23957256288448794,1,Credit Card,Regular,0
CUST000422,2,49.90968136943319,91.77657766480249,8,1,0,76.24966064904515,8,3,0.2541200850961006,0.36297809673157766,1,Credit Card,Regular,0
CUST000423,16,127.73094642807108,2332.2833995130695,9,22,2,29.702442562841508,3,1,0.26858858119966766,0.48587926239330637,0,Debit Card,Occasional,0
CUST000424,1,88.69070615603918,92.79683808107956,8,8,0,110.55884447052802,3,3,0.17451549212266607,0.3830786606307792,1,PayPal,Regular,0
CUST000425,19,80.91119880562802,1432.7580501327054,6,10,2,55.05544723056517,3,1,0.07409902963907432,0.3029123103437128,1,Credit Card,Regular,0
CUST000426,13,352.11693991463284,5209.337645148312,12,18,2,29.268619571274645,2,1,0.23043998580434377,0.5594378426204438,1,PayPal,Regular,0
CUST000427,52,185.53359342083823,9882.631445112871,11,78,2,34.305085069561876,5,2,0.5181690286095683,0.40158705349626317,1,Credit Card,Regular,1
CUST000428,10,139.24131979940708,1394.7675428009688,5,37,1,107.67851593494477,2,4,0.08234993292777389,0.0756359245264979,0,Debit Card,Regular,0
CUST000429,2,90.76025995394347,184.21515516298922,12,82,1,77.58546846390769,3,2,0.10918031660572161,0.17744461043489484,1,Debit Card,Premium,0
CUST000430,3,85.03631348124551,248.9374420752406,6,32,0,96.03642190170369,7,3,0.10848643740877988,0.16220588294295227,1,Credit Card,Regular,1
CUST000431,34,65.23406863162397,2088.2377452801506,11,0,1,68.12903009525753,4,2,0.23716425028573396,0.3039351230419103,1,Debit Card,Premium,0
CUST000432,23,97.68016963125147,2257.5956483242458,8,9,2,7.804270723425022,2,3,0.4955137723536026,0.15761663630481243,1,Credit Card,Regular,0
CUST000433,2,55.61196205872392,113.92041208205225,6,70,2,30.242792161090904,1,2,0.2791737895304388,0.22777957530141052,1,Credit Card,Regular,0
CUST000434,2,27.73569626853991,54.28959761706037,9,30,1,109.39170877419019,1,2,0.5183670740945343,0.6326589584254555,1,Debit Card,Occasional,0
CUST000435,28,80.15487237365355,2212.5506348049043,8,119,1,27.608028015601874,4,2,0.09778506383781829,0.17126778251242344,1,Debit Card,Premium,0
CUST000436,1,103.56007292128697,122.0176651619247,14,5,0,58.050837596450826,1,4,0.22518093801681058,0.36379517053228133,1,Debit Card,Regular,0
CUST000437,41,161.71311220932148,7435.447087106975,8,10,1,22.19877991987724,1,1,0.21248111491186797,0.16960308345983535,1,PayPal,Occasional,0
CUST000438,29,41.99742845509774,1360.5451979618886,9,13,2,42.02669728739073,5,2,0.3075493867947393,0.2398747591147951,1,PayPal,Regular,0
CUST000439,2,85.54787876839558,167.208545972268,7,11,0,44.09935401426266,5,4,0.17082703997491958,0.5003009904841523,0,PayPal,Occasional,0
CUST000440,2,121.51382854299217,262.07785543638295,7,8,3,26.653163219846597,3,5,0.3173415823306563,0.38824567529917925,1,Credit Card,Occasional,0
CUST000441,103,119.60928293575492,13731.952557102413,15,17,0,33.36289432500632,3,4,0.448617278850987,0.21775525517900818,0,Debit Card,Premium,0
CUST000442,11,235.71476770180607,2550.3930166734235,9,30,1,63.43442644057003,2,1,0.2931525426533005,0.471640114598543,1,Credit Card,Occasional,0
CUST000443,11,66.25198481475888,795.2705309711686,15,11,1,39.27846026013125,6,1,0.11714552987666883,0.4251360736864931,0,PayPal,Regular,0
CUST000444,40,38.91301868618629,1755.8061444945372,9,2,1,236.35177588405838,5,4,0.04058705805197761,0.30619026979325353,0,Credit Card,Occasional,0
CUST000445,70,89.80795397166965,6580.049387781009,8,36,2,80.15817703610942,1,4,0.25816969017309993,0.4385672198509065,1,Credit Card,Premium,0
CUST000446,102,69.01376236973957,6951.653461740541,8,18,0,84.09431666713238,3,0,0.2441952777087065,0.18533778521769514,0,Credit Card,Premium,0
CUST000447,33,59.73163695348267,1966.9125080079964,18,24,0,97.09225687192146,4,0,0.26687257455423613,0.2873965391018397,1,Debit Card,Regular,0
CUST000448,11,53.36166044766594,652.8205787500445,7,18,0,70.2019060759354,3,2,0.15909890824566836,0.1538212495663218,1,Debit Card,Occasional,0
CUST000449,2,103.86060966948772,235.41878754802377,8,66,2,35.09856106735624,3,1,0.6422522619346065,0.45975276565139706,1,Debit Card,Premium,0
CUST000450,36,47.33764603832496,2050.470661642821,14,24,0,83.55248371621117,3,3,0.2532154933222906,0.36988506377891983,1,Credit Card,Regular,0
CUST000451,19,139.15740580499258,2377.137957675902,4,77,1,45.90431511129145,0,1,0.6152318436423216,0.39345697125435214,1,Credit Card,Regular,0
CUST000452,13,134.66752391135827,1736.97688344984,11,21,0,23.702812695912673,3,1,0.01794829249346616,0.4006396059436657,0,Debit Card,Regular,0
CUST000453,56,110.67500828308157,5827.344357347503,10,10,1,73.86315519225403,1,0,0.420081713413649,0.31854787447920857,0,PayPal,Premium,0
CUST000454,2,34.21412056642621,71.62851489478642,14,13,3,69.072299330884,0,3,0.40808604443301183,0.3048064753474591,1,PayPal,Regular,0
CUST000455,16,100.50179648858497,1492.3131203941755,13,22,0,84.5360533804277,4,2,0.1420891112093346,0.05991151251430156,1,PayPal,Regular,0
CUST000456,0,169.00795701955911,0.0,12,22,1,51.6230087207095,4,1,0.7279948837474305,0.38671846210359995,0,Debit Card,Premium,0
CUST000457,15,146.06450743312692,1818.3087817169724,7,34,0,90.6942911408257,3,0,0.6800429106668026,0.4316929025108418,1,Debit Card,Regular,0
CUST000458,1,132.33819727213265,117.14981061415344,9,7,2,28.11077493376072,2,2,0.18661880757385496,0.22794865456847263,1,PayPal,Occasional,0
CUST000459,3,84.59065782982749,242.27222628878081,7,32,0,17.670950660432116,3,6,0.1394547986158,0.18960850790524336,0,PayPal,Regular,0
CUST000460,3,81.77887739139119,241.50395980762352,9,45,1,58.05507225926368,1,1,0.3628816009264836,0.40597289877458764,1,PayPal,Regular,0
CUST000461,25,187.54330791659538,4984.306198074259,14,33,1,39.50881983457505,1,1,0.17042730167129255,0.1897042768790781,1,PayPal,Regular,0
CUST000462,32,102.67742963740838,3364.295118008403,19,19,0,31.769773966312282,3,0,0.349039722902322,0.2713358188989427,1,Credit Card,Regular,0
CUST000463,21,103.60606417543701,2064.668662611179,10,143,2,47.370630276096534,3,4,0.21424160127120978,0.2414349521495738,1,Credit Card,Regular,0
CUST000464,78,417.70424875064253,31717.833144768425,9,15,1,76.93237652169168,3,1,0.08956287033423192,0.2198054631832233,0,Credit Card,Regular,0
CUST000465,11,65.12194009983105,601.4355522102126,11,3,1,6.597207897393874,0,2,0.5763711484586881,0.3702190287891335,0,PayPal,Occasional,0
CUST000466,8,8.126478088868959,73.16657773233847,10,51,2,43.107978230926264,3,0,0.16606891804634027,0.11891065472522383,1,PayPal,Occasional,0
CUST000467,48,72.81926237564883,4059.5038491434116,9,7,0,127.91890522085488,3,0,0.31371733401337215,0.4346922595286987,1,PayPal,Premium,0
CUST000468,6,76.15018001634647,463.85144928245074,16,37,1,21.588258868306582,1,4,0.11241649124332376,0.3642638641002222,0,PayPal,Occasional,0
CUST000469,79,101.58221274680488,8702.423976354627,8,5,1,37.7821637397668,2,3,0.2978283240086252,0.43975089770341325,1,PayPal,Premium,0
CUST000470,0,118.82086974380823,0.0,13,0,0,106.25777662382146,3,1,0.06045106165245465,0.3854148155838243,0,Credit Card,Premium,1
CUST000471,84,10.21019463955294,789.4748802902221,5,5,0,49.56067406644998,0,2,0.3547626212601758,0.281251310634169,0,Credit Card,Occasional,0
CUST000472,1,120.53280770933468,100.97134052564587,10,14,0,62.44295601043096,2,1,0.34895041983324226,0.29308231699185705,1,PayPal,Regular,1
CUST000473,53,79.6831110333692,3856.13040043931,17,3,2,43.72757902973642,5,1,0.33807454241673857,0.5935519073869643,0,Credit Card,Regular,0
CUST000474,18,67.49768205761957,1121.982640474879,12,6,0,111.3389174285826,2,3,0.3938804084188997,0.28438495888545773,1,Debit Card,Regular,0
CUST000475,118,16.93643881295044,1939.961104641883,7,43,1,36.158804364288535,5,3,0.18063327862736267,0.3231441269287988,0,PayPal,Regular,0
CUST000476,1,213.58976853034756,232.13462882338982,10,44,1,56.91032011566592,1,3,0.4427030284260971,0.20759704534763504,0,Debit Card,Regular,0
CUST000477,19,59.08518217287866,1056.4356520225901,8,51,2,85.73425476358173,5,1,0.6095187978286756,0.4153638941215462,0,Credit Card,Occasional,0
CUST000478,83,133.56002769133312,10578.730079238838,10,55,0,32.406965039904314,2,1,0.30344027985397565,0.2481859718276209,1,Credit Card,Premium,0
CUST000479,17,41.46554329769847,659.3919364935368,7,16,1,20.374556378764055,2,5,0.18005884877421677,0.4119678269814299,1,PayPal,Regular,0
CUST000480,23,104.78840805920551,2566.69544804745,8,60,1,10.921553276239756,4,2,0.19763140261205822,0.2303797395978599,1,PayPal,Regular,0
CUST000481,28,68.3421905020915,1832.1740223687468,8,22,2,76.79427115934524,1,1,0.29134405982916967,0.443210309162494,0,Debit Card,Regular,0
CUST000482,14,130.76457747880033,2176.2593755055523,16,19,0,26.17578425928898,2,4,0.16860819178055084,0.7037996508196387,1,Credit Card,Premium,0
CUST000483,23,66.56195494996904,1651.7478746351148,6,38,0,69.27378456536093,3,2,0.35495825202614634,0.047976001553003675,0,Debit Card,Premium,0
CUST000484,21,39.797212667068905,810.7482689166067,10,7,6,67.1610682071897,6,1,0.15759544094352604,0.532425180720861,1,Debit Card,Premium,1
CUST000485,55,82.42655799124303,4855.557026089936,15,46,2,24.879630443831626,4,1,0.258159279148741,0.5058780531518927,0,PayPal,Premium,0
CUST000486,1,79.35446861096983,86.47837507607751,9,16,0,59.86152905318982,2,0,0.149978187115219,0.20941576538218556,1,PayPal,Occasional,1
CUST000487,7,99.89541072042215,694.3095117580518,11,4,0,153.48529222073378,1,2,0.11121661777515149,0.31992840437370645,0,Credit Card,Premium,0
CUST000488,72,158.28983575997856,10715.107127072064,6,3,2,79.10745900829647,3,2,0.1946219102218824,0.2916134901004113,0,Debit Card,Regular,0
CUST000489,53,32.24921160665883,1788.4459003983332,5,5,1,219.77474433870543,2,2,0.0518639567156417,0.595718596094367,1,Debit Card,Occasional,0
CUST000490,14,152.9323740983736,2204.240093660669,9,66,3,39.243949310048414,4,3,0.20969999058184063,0.3713984197123697,0,PayPal,Occasional,1
CUST000491,23,27.817215187140448,635.8253790898835,8,141,1,61.78840476227287,3,2,0.29863833693748937,0.4281992603944914,1,Debit Card,Premium,0
CUST000492,7,127.3302468108126,858.1124381070114,11,13,1,31.112652587002323,4,4,0.35760735853636183,0.4303314895614025,0,PayPal,Occasional,0
CUST000493,5,130.0800041103554,575.9195222263422,9,10,3,128.35870576091594,6,2,0.21952487929693237,0.5084967751119951,0,Debit Card,Regular,0
CUST000494,14,56.60268006713123,961.1098581009057,6,7,0,45.6103394838954,0,2,0.29341042460409295,0.19811193342655997,1,Credit Card,Regular,0
CUST000495,10,43.32403859104853,415.227899421508,9,52,1,24.518593670088965,4,4,0.19996473584140995,0.22884538944024332,1,PayPal,Premium,0
CUST000496,21,41.367186639674856,1065.198239235591,13,7,0,61.36916241632786,4,3,0.4258703732427095,0.27677206367196905,1,Credit Card,Occasional,0
CUST000497,1,88.31553823138833,97.30674130699484,11,77,2,37.73957604591214,6,1,0.39674735538145234,0.3288977819253564,1,Debit Card,Regular,1
CUST000498,87,135.884097249985,10330.480662914171,11,33,1,68.2987691014464,3,2,0.34003350344855154,0.40751296527764524,0,Debit Card,Regular,0
CUST000499,102,74.52028499573238,7309.913972423481,11,68,0,50.57389800248959,5,1,0.02146511345867284,0.23876471896264997,0,Debit Card,Occasional,0
CUST000500,28,6.982576885437081,176.9322984913415,11,24,1,79.96942890577493,4,2,0.3206132559080421,0.19043747807693487,1,Credit Card,Occasional,0
CUST000501,18,53.61573104363162,839.5229958329445,9,35,1,12.3908417392826,2,3,0.12403057033508036,0.1380944720050457,1,PayPal,Premium,0
CUST000502,8,52.07328639580988,425.66133629955704,9,28,1,54.90400420763933,5,1,0.24268963228358284,0.22311651897167503,1,Credit Card,Regular,0
CUST000503,40,118.26373652220224,5315.291155949359,9,53,0,30.65402832913893,3,1,0.12570440110507836,0.3158125393262799,0,PayPal,Premium,0
CUST000504,27,122.5255298712605,3727.3027664377846,13,54,1,97.93034153975313,2,1,0.13623091664368042,0.2703894043351322,0,PayPal,Occasional,0
CUST000505,4,93.31742803773926,382.6839124262767,4,26,2,121.72587448591585,2,1,0.3148949398526041,0.02895914541704044,1,PayPal,Regular,0
CUST000506,58,153.12346548975373,10016.350127275347,14,30,1,36.498584486832655,4,2,0.5051410250842349,0.3488192469780212,0,PayPal,Premium,0
CUST000507,41,160.80830786953385,6093.326929211387,7,76,1,3.909517889340981,2,1,0.16160750761287168,0.2363194119601993,0,Debit Card,Regular,0
CUST000508,71,56.23938616991926,4173.061390753048,9,79,0,69.08367063444283,4,1,0.050239920915209076,0.36657200843140236,0,PayPal,Regular,0
CUST000509,31,40.5736630890778,1148.1254497227544,10,32,3,29.027312982557838,4,5,0.387603165863732,0.19470628783476945,1,PayPal,Regular,0
CUST000510,22,78.53116704039257,1799.8325873475692,14,0,0,65.31387863689031,0,3,0.3457015555328955,0.1075794693995812,1,PayPal,Premium,0
CUST000511,13,93.18234960442783,1393.0289944737256,9,3,2,30.035621671380643,3,3,0.22202512631460414,0.21558217127860835,1,Debit Card,Premium,0
CUST000512,64,53.96939101187543,3278.261996686974,10,58,1,67.37862302583567,7,0,0.5517034818344412,0.20175729811934423,1,PayPal,Occasional,0
CUST000513,48,481.5118516531281,21996.484718478798,10,2,0,20.763149827167275,2,2,0.21980431587739024,0.4663711323973062,1,PayPal,Premium,0
CUST000514,1,205.5695471486259,195.2057950417623,9,7,1,73.22449025140568,5,1,0.3515025154966552,0.0792697644393989,1,Credit Card,Occasional,0
CUST000515,0,49.92548876273397,0.0,10,7,0,134.9815107192137,5,2,0.21526912208845447,0.3129296249762463,0,Debit Card,Regular,0
CUST000516,11,33.50411145749296,400.22874209047546,12,27,0,20.324436574059355,2,0,0.4484003890248132,0.28631397950501647,1,Debit Card,Premium,0
CUST000517,39,46.63462669227056,1509.5731153883141,12,25,1,70.64461448862454,4,5,0.03719738119574008,0.2532912294905452,0,PayPal,Regular,0
CUST000518,104,162.71807849129493,15974.988494607362,9,10,2,14.706832200146906,5,3,0.16394745232646532,0.40033818899121687,1,Debit Card,Premium,0
CUST000519,3,165.34959815548495,408.23026349200904,12,6,2,51.0306398915295,4,1,0.2833695622369164,0.606014631738562,0,PayPal,Premium,0
CUST000520,21,207.19995816575127,3988.614429429856,8,43,0,49.60537637188238,5,4,0.19992062807567482,0.5021695215071118,0,Debit Card,Regular,0
CUST000521,11,39.53302475907871,429.8248901709404,12,82,0,49.18827719896257,4,3,0.4555135654510824,0.3447750060792215,1,PayPal,Occasional,0
CUST000522,84,117.93834598729556,10617.300842073408,11,1,1,18.967994170649597,1,2,0.09150209644855872,0.409542853418724,0,Debit Card,Regular,0
CUST000523,44,42.783467079730215,1866.1242758352464,10,4,0,6.074575383216267,1,2,0.3144521880950021,0.38260137786059073,1,PayPal,Premium,0
CUST000524,43,236.38436059535812,10804.367260027337,14,30,2,52.5408760340362,4,1,0.3294704258056629,0.2683367629244943,0,Credit Card,Occasional,0
CUST000525,15,40.73511214199662,573.3758436299474,11,48,1,51.68019609982017,6,0,0.1421500418984868,0.05865901163105761,1,Debit Card,Premium,0
CUST000526,12,26.806294753912276,262.44185407292167,13,46,1,10.856113807369848,4,2,0.22277962107937518,0.3117315082623866,1,PayPal,Occasional,0
CUST000527,7,31.78537278780572,239.65410695072953,10,38,1,13.76447929897886,1,0,0.3736812197200701,0.12697704981160668,1,Debit Card,Regular,0
CUST000528,1,82.69946763644491,74.8057791284099,8,65,1,59.49873532977446,1,2,0.06661713330225623,0.5845312461909459,1,Debit Card,Occasional,1
CUST000529,48,134.57568857279222,6993.6617385106165,10,7,1,93.70827057385839,2,1,0.3938737929561625,0.16731131259880525,0,Debit Card,Regular,0
CUST000530,40,128.69964179290753,5152.071994414624,9,3,0,57.7156160105237,2,0,0.023727859457678024,0.5009382521872471,1,Credit Card,Occasional,0
CUST000531,196,33.05172804726052,7059.932005253061,10,28,0,62.08852895300643,0,3,0.3682524036520948,0.3674662518165984,0,PayPal,Occasional,0
CUST000532,136,61.48652365967349,8664.40006089958,12,51,0,33.59051936226584,3,4,0.08963119805973492,0.18446392200819986,1,Debit Card,Premium,0
CUST000533,19,55.21581101777359,988.1256150937018,10,26,4,48.983394951055374,3,3,0.20178512137065588,0.22097651538472002,0,Debit Card,Regular,0
CUST000534,35,28.849926083828887,1036.381772230822,12,98,0,19.75202182370999,2,0,0.14171703034491348,0.2905908630027336,1,Debit Card,Premium,0
CUST000535,69,54.157032240218996,3470.4762370474964,10,47,2,71.46621201684337,3,1,0.34214711718113044,0.305626879695643,0,Debit Card,Occasional,0
CUST000536,45,201.49103015555224,10441.558210473631,9,36,1,28.69710756951288,2,1,0.31678758531427825,0.583230061093064,0,Debit Card,Occasional,0
CUST000537,6,25.242662055389637,147.41061134588824,14,1,0,21.01762678542528,4,1,0.34450992583329504,0.477706315902098,0,Debit Card,Regular,0
CUST000538,14,97.73728270122699,1277.232496446867,13,3,0,52.586151184957075,1,2,0.5464611421538409,0.22370906521992806,1,PayPal,Occasional,0
CUST000539,3,204.51052842056637,668.0283124097965,6,46,1,98.03508562754564,4,3,0.13513222918624615,0.4112914012801454,0,Debit Card,Occasional,0
CUST000540,73,197.73185016892404,13977.377635451709,15,6,4,57.85261405646648,1,0,0.14792780396336372,0.15105624604672668,0,PayPal,Occasional,0
CUST000541,22,243.46618440899448,4672.674995819152,9,0,1,97.8188982604771,0,0,0.2933035817738723,0.3139621551083018,1,Debit Card,Premium,0
CUST000542,6,104.6303780492261,652.9491091560114,5,72,1,39.068218183059116,2,1,0.47124774307909784,0.3225786011239925,0,PayPal,Occasional,1
CUST000543,26,115.67696537553516,2990.151816505796,11,66,1,61.567586759808606,1,2,0.16960569761232375,0.3755257836789547,0,Credit Card,Premium,0
CUST000544,23,54.98543556030737,1181.7660922052312,7,7,0,45.34115731590784,3,2,0.4602419237226612,0.3301512515198906,1,Credit Card,Regular,0
CUST000545,10,24.703783112310305,286.2691536280969,11,45,3,76.55207762691822,2,5,0.1942284843629419,0.451515191405959,0,Debit Card,Regular,1
CUST000546,2,74.42384463728139,154.9732880772499,8,1,1,66.77506916594943,3,1,0.22461730482336448,0.37866437218013466,0,Debit Card,Premium,0
CUST000547,26,176.0467196923066,4385.25122305432,13,10,2,31.4904915817972,2,0,0.21248000405154344,0.45482196782369216,1,PayPal,Premium,0
CUST000548,17,6.82260595147772,119.33436761773864,9,29,2,138.72974252205745,0,6,0.3910950599534075,0.2954854239797971,0,Debit Card,Premium,0
CUST000549,35,57.03930510410452,1924.4730756012586,9,43,4,21.908421089466863,1,2,0.18915212126329126,0.38174694310851726,0,Debit Card,Occasional,0
CUST000550,17,123.56044110919714,2187.803647845743,6,0,0,56.516516161180945,4,1,0.3122340725466963,0.18255090164631313,1,Credit Card,Premium,0
CUST000551,45,83.53668341259247,3550.455657131144,10,11,0,28.940311734329057,1,0,0.334324789383537,0.11711177657112022,1,Debit Card,Regular,0
CUST000552,19,190.61271146990293,3630.6320452500413,8,7,1,51.63925695454738,0,2,0.41696046617643245,0.37919146881104693,1,Credit Card,Occasional,0
CUST000553,19,164.22089481646637,3192.852049305098,6,201,3,27.5702557447495,0,2,0.37878276520582294,0.07472213727529126,1,Credit Card,Occasional,1
CUST000554,50,21.69242875024871,1001.5115491534514,9,33,0,51.38124986086841,2,7,0.11862378732678625,0.19580270584086443,1,Debit Card,Occasional,0
CUST000555,12,88.79532192094102,1048.2624601226428,5,15,2,59.99451624231775,2,2,0.22361386324111662,0.37805266580163716,0,Credit Card,Regular,0
CUST000556,3,44.61343876088108,164.8142815400701,9,2,2,75.96453352337342,5,0,0.30346906300992094,0.26347837534950425,1,PayPal,Regular,0
CUST000557,0,44.12160321772374,0.0,10,27,1,15.202446616747501,1,2,0.15311919912354738,0.221314754443963,1,Debit Card,Occasional,0
CUST000558,33,23.461082704634467,825.7023526941518,7,30,0,38.15548178752486,3,1,0.08007288275290708,0.3439847457028914,0,PayPal,Premium,0
CUST000559,23,99.82008208675995,2513.694979237555,9,50,2,82.61617387630757,2,3,0.052599156123930894,0.05018865346654708,0,Credit Card,Occasional,0
CUST000560,29,193.21782894645054,6126.4849055437735,13,10,3,111.80753385229096,4,3,0.27779813187047914,0.2431108844056471,1,Debit Card,Premium,0
CUST000561,5,106.26242268447041,576.0044973123994,9,119,0,64.74228871442773,5,2,0.15229048641277307,0.5553223201720503,0,Debit Card,Regular,0
CUST000562,3,21.977141643820044,59.67954369505603,10,17,0,178.39405633196222,5,1,0.37566786705292143,0.29950054488375777,0,Credit Card,Occasional,0
CUST000563,0,80.05158994100967,0.0,10,10,0,37.39251567438855,0,3,0.42139935170532866,0.4959392094209671,0,Debit Card,Occasional,0
CUST000564,10,120.20865905529152,1395.9723197292565,9,12,0,6.7924362476656945,1,1,0.1924790581575459,0.4924062106076749,0,Debit Card,Regular,0
CUST000565,21,75.62237910871333,1541.877413500802,9,21,1,140.75577222814894,2,2,0.3814670852711497,0.3199544259173555,1,Debit Card,Regular,0
CUST000566,11,104.91643933298505,1150.5085712138568,8,82,2,80.54468288288328,5,4,0.17066591823420268,0.1569704878861125,1,PayPal,Occasional,0
CUST000567,13,47.76994830039468,628.4929090391217,12,39,2,106.90745109226569,3,1,0.42763998212053556,0.5206133750815229,0,Credit Card,Occasional,0
CUST000568,56,69.0254489179932,4262.032448984126,3,25,0,30.938237189684223,1,1,0.14543724706763358,0.2972273528812268,0,Credit Card,Premium,0
CUST000569,10,65.73474380084834,754.5881932967272,12,5,1,65.3593715311685,4,1,0.46497031940574124,0.15378372180911634,1,Debit Card,Regular,0
CUST000570,17,216.68132163650978,3756.883451764349,11,4,1,59.164487938797066,3,4,0.3047055292854065,0.3761167322257935,1,Credit Card,Regular,0
CUST000571,36,33.71662445249573,874.156358372807,9,20,0,39.54576143331251,4,1,0.2474398102244545,0.5871941400330789,1,Debit Card,Regular,0
CUST000572,12,8.186868894230367,104.05256556343863,8,39,0,97.37491561830737,2,0,0.5494274853784681,0.16218403465685444,1,Debit Card,Regular,0
CUST000573,23,207.7400862846895,4791.193522286575,12,41,3,50.38552180573225,1,2,0.21586933134235659,0.3413245964094811,1,PayPal,Premium,0
CUST000574,47,91.03559607393233,4245.883966321148,8,7,0,79.34304611296893,3,4,0.4048113060612142,0.2444566237079304,1,PayPal,Premium,0
CUST000575,71,27.457529823523036,2081.907494409822,12,3,0,20.732136156511423,6,2,0.49183511031066335,0.11224073734704856,0,PayPal,Premium,0
CUST000576,3,154.7105752841951,460.0988194671139,12,14,1,60.254659230079085,2,0,0.348266299525729,0.48908552284287815,0,Debit Card,Occasional,0
CUST000577,62,125.36970080941433,8449.940831630824,7,75,0,85.31373667096017,5,0,0.31042292823462664,0.7842410547799795,0,Credit Card,Occasional,0
CUST000578,16,239.79958313653816,4347.034293586127,6,23,1,35.2687618631979,1,2,0.44315867867353337,0.198469362080978,1,PayPal,Regular,0
CUST000579,7,96.39388497983373,784.3741583848204,8,11,3,48.52098366605566,4,2,0.12558205675672288,0.4183807830731448,1,PayPal,Regular,0
CUST000580,14,352.74789259823746,4856.142698412363,12,11,1,51.34196855168735,3,2,0.2443960545100507,0.15611191353119006,0,Credit Card,Regular,0
CUST000581,93,76.14036894645147,7359.099246087867,14,4,1,51.3052315054223,2,3,0.4652113293583498,0.26208968811223377,1,PayPal,Regular,0
CUST000582,16,125.5332872784548,2223.850097455681,8,19,2,26.762433514455974,5,2,0.7877790658385763,0.3864331781577534,1,PayPal,Occasional,0
CUST000583,9,138.20623961210677,1319.8880706605723,9,47,2,86.41317205492507,2,3,0.18389328482362163,0.22215054477932775,1,Credit Card,Regular,0
CUST000584,24,58.863480334451346,1365.257961207233,7,103,2,42.60076754090406,2,6,0.6673994408219724,0.6362023308115644,1,Credit Card,Regular,0
CUST000585,6,57.35827343928869,329.50914671991166,11,20,0,74.81867887720483,4,4,0.16071630713348636,0.2604685329506868,1,Credit Card,Occasional,0
CUST000586,1,140.1524220153146,127.4205997491334,12,5,1,56.4300518531097,5,2,0.12570697392089206,0.12254631458867021,0,Debit Card,Regular,0
CUST000587,3,25.175377278073828,62.22519175744201,3,34,1,29.120899560421087,1,1,0.2622836042348237,0.2261892519995126,0,Debit Card,Regular,0
CUST000588,3,44.355967091578265,134.55185481921114,11,42,1,63.98402936422963,0,2,0.30522576216759645,0.5325058076121524,0,PayPal,Occasional,0
CUST000589,3,74.52741196672511,200.4057567995969,10,2,1,34.55036820196517,3,1,0.18626840028132488,0.38300434918653065,1,Credit Card,Regular,0
CUST000590,3,234.9387631762101,631.4068256183641,8,56,0,41.81278613854314,6,0,0.3944364979566081,0.3445135553933983,0,PayPal,Regular,0
CUST000591,24,140.21804412290814,4067.087633616426,12,53,0,16.078357789049562,0,2,0.3493920210459258,0.19752409011648975,0,Credit Card,Regular,1
CUST000592,4,88.37688833970178,376.9532595530262,11,19,1,85.29838146413182,7,4,0.21677948283960669,0.4861715116595522,1,Credit Card,Regular,0
CUST000593,10,54.47190959344219,499.7474682499534,5,24,2,19.970955922609914,2,2,0.005816663705512488,0.28600068482754215,1,Credit Card,Regular,0
CUST000594,54,296.88047173830944,16635.940684018795,9,37,0,86.24331272908034,3,2,0.34749261316401875,0.43760480304904975,1,Credit Card,Occasional,0
CUST000595,15,79.6510140673045,1085.939652199401,6,33,0,49.89630394128664,3,1,0.17600774948712966,0.3211498546989637,1,PayPal,Occasional,0
CUST000596,26,44.3185223843425,1154.7112072012235,12,0,1,57.165675825417225,5,2,0.3331249918642785,0.12183609665251681,0,PayPal,Occasional,0
CUST000597,4,333.67372463435896,1410.2609574935864,13,3,0,38.841489513135386,2,4,0.3223922781115865,0.4269790783313433,1,Credit Card,Occasional,0
CUST000598,5,26.347475688735432,133.33543018868698,7,5,0,20.699377428632857,4,1,0.04616655857882808,0.37626668395112395,1,Debit Card,Regular,1
CUST000599,1,197.19611513132017,181.2627789760652,12,42,3,101.8957500528121,1,6,0.26003793491346266,0.21602722595423274,0,PayPal,Occasional,0
CUST000600,4,84.27339810744508,335.7348230117436,8,17,0,30.997851690980156,4,3,0.43240971577930415,0.197167289276317,0,Debit Card,Occasional,0
CUST000601,7,139.98557152839777,990.2366274231209,6,23,0,117.44431484360408,1,4,0.1400643687722967,0.5178851334293229,1,Credit Card,Occasional,1
CUST000602,4,123.14494461089065,445.1516768375496,11,44,1,135.53129570312407,3,3,0.5013458644638218,0.2820543641330877,1,Credit Card,Occasional,0
CUST000603,2,138.59764627403416,267.72102507637607,8,12,1,72.62825083805383,4,1,0.5777313462402225,0.30712344445583967,1,Credit Card,Regular,0
CUST000604,3,353.12846196380474,1002.5290421007992,5,41,1,47.04924458269016,4,2,0.29799633025446637,0.1984404908580176,0,Debit Card,Regular,0
CUST000605,14,318.9234837568968,4433.126618663209,6,17,2,21.805912732221074,5,2,0.3223097955696338,0.37970098594632234,1,Credit Card,Occasional,0
CUST000606,5,46.40115301835604,231.30015118975246,6,14,1,79.8493309539671,3,3,0.3931521078348928,0.3425231928583584,1,Credit Card,Regular,0
CUST000607,10,119.87977409144,1075.6475976919967,12,12,1,102.72639166713006,2,1,0.49893069231034887,0.49909602277622794,0,Debit Card,Regular,0
CUST000608,16,14.875689783701768,224.99107716939184,14,100,0,53.46518941995839,5,2,0.23172396456359035,0.24231830755894046,1,Debit Card,Premium,1
CUST000609,28,149.02677520478565,3710.0199969799455,6,44,1,52.56767649137498,3,3,0.14074253821184401,0.44548320149555304,1,Debit Card,Occasional,0
CUST000610,0,173.354083740889,0.0,13,0,2,68.15854590185621,1,4,0.14785012365263514,0.3152473662755857,1,PayPal,Regular,0
CUST000611,38,8.344705515919259,315.1568800420908,9,94,0,33.52451081351259,3,2,0.279283972126885,0.6361767534324408,1,Debit Card,Premium,0
CUST000612,23,81.91906588515789,1512.9284612798347,10,44,2,15.940286739983016,2,2,0.14255050802420455,0.17544048557702946,1,Debit Card,Occasional,0
CUST000613,2,139.80896224268332,296.10247303942765,11,4,0,61.948368073465836,0,0,0.5100340208200854,0.1655843669660819,1,Debit Card,Regular,1
CUST000614,49,108.11837119814976,5424.116857279997,5,2,1,18.347867974093578,2,2,0.4981438965009648,0.38702666247072154,1,PayPal,Regular,0
CUST000615,60,26.88831125872756,1792.4913107951186,6,11,0,48.534566820213385,5,3,0.31761268313385277,0.43419562023866387,1,Credit Card,Regular,0
CUST000616,1,29.879151161743795,30.783315111171735,11,29,2,35.28189340666589,7,2,0.116939549644894,0.4609413955829834,1,Debit Card,Occasional,1
CUST000617,7,74.70835514555023,485.0380958385018,12,28,1,41.51555961715423,0,2,0.3631774118701896,0.3654142941154389,0,Credit Card,Regular,0
CUST000618,39,58.85680651012972,2359.016742672045,6,9,0,43.83508096793939,4,4,0.45735865001008025,0.35731735461868397,1,PayPal,Regular,0
CUST000619,33,63.512517933036825,1981.3674706005668,17,17,1,69.67740920251345,5,1,0.25562054317964017,0.0701442704940071,1,PayPal,Premium,0
CUST000620,4,23.282579787266748,93.33439375143328,5,7,2,37.50416870664397,4,1,0.3792221822646089,0.3488849984415884,1,PayPal,Regular,0
CUST000621,5,85.3764004701207,552.0243955935333,14,1,1,55.40660306787952,3,0,0.2503016081702114,0.3220912110507543,0,Credit Card,Regular,0
CUST000622,11,236.13320853200537,2910.2567128522937,13,21,3,25.207458190718434,5,0,0.12239454073468858,0.3026397985922607,0,Credit Card,Premium,0
CUST000623,15,28.048108999216804,477.3605294471904,15,12,0,29.787751208368924,3,1,0.21037256875272609,0.37264491959526996,0,Debit Card,Regular,0
CUST000624,23,69.9427704722927,1487.559321204653,9,23,0,72.32155313164215,4,2,0.2352731862739813,0.23504395401485814,1,Credit Card,Premium,0
CUST000625,11,129.1949355967772,1576.4058257160007,6,87,1,37.65219223352874,5,2,0.398998888382177,0.36418393253902576,1,PayPal,Regular,1
CUST000626,14,17.856762224460315,245.14069440191344,11,4,0,26.52941151778176,4,3,0.26112634238189175,0.20641758791781203,1,Debit Card,Regular,0
CUST000627,33,86.0269389883891,3171.408271473709,9,0,1,55.45453142413309,6,0,0.37265095628796024,0.45776063438381737,1,Credit Card,Regular,0
CUST000628,0,169.81032231092863,0.0,10,2,1,49.36214515628927,4,4,0.5774371890110965,0.1503184877645415,0,Credit Card,Regular,0
CUST000629,6,34.244046236298274,180.60007006993973,10,18,1,109.95213377363515,2,1,0.327113477923538,0.2903642866106029,1,Debit Card,Occasional,1
CUST000630,29,92.41875348487002,2522.0477058654496,9,36,1,66.36577851442964,1,1,0.1331552350812982,0.34345415484368,0,Debit Card,Regular,0
CUST000631,54,161.55804117446124,7845.76536265224,10,26,1,26.957295788470795,5,3,0.45632671549091686,0.3439796307981322,0,Credit Card,Regular,0
CUST000632,17,341.4793167615493,6279.49128014844,12,20,1,16.885192782942188,3,1,0.3917011489458053,0.24051071098123683,0,Debit Card,Regular,0
CUST000633,18,88.90889973833593,1466.72134555006,7,13,0,49.55349194404499,1,1,0.19107891175636,0.14708577571793352,1,Debit Card,Occasional,0
CUST000634,2,45.23714218154973,90.59698538585518,13,11,1,84.26294784571706,5,3,0.48286288382008474,0.5660268004095963,1,Credit Card,Regular,0
CUST000635,14,45.57350059888577,614.0566676631702,7,14,0,49.149558394500055,3,0,0.22312428641128074,0.19960637954537208,0,Debit Card,Premium,0
CUST000636,18,21.906614632931003,471.7178064139938,11,28,4,50.45339857987159,8,3,0.32839207374061113,0.10711316198917872,1,PayPal,Occasional,0
CUST000637,6,248.8305819561416,1479.8475234200407,5,5,2,21.175113725399225,2,5,0.3063815932431114,0.36210035896765413,0,Credit Card,Premium,0
CUST000638,7,154.9128942679826,1113.7189963039839,13,44,1,34.534581322072256,3,4,0.22754616057193994,0.5998473951013054,1,PayPal,Regular,0
CUST000639,11,29.871953404683588,337.4016999974113,9,25,0,13.488315202492881,4,5,0.5733173118871755,0.220331144327857,0,PayPal,Regular,1
CUST000640,0,42.98691366573934,0.0,13,9,2,67.59148773482933,0,5,0.2711819923844489,0.1581851210328135,1,PayPal,Premium,0
CUST000641,9,87.80506245586184,721.2510942550247,9,20,0,60.0963797241758,6,0,0.19196971231363436,0.18747267540993354,1,PayPal,Regular,1
CUST000642,5,168.94134959490336,842.5428456995363,11,98,1,52.6687664321978,6,2,0.1613404527978713,0.10319883491572618,1,PayPal,Regular,0
CUST000643,9,120.09288554617639,1038.8494850004174,10,0,2,29.5288736276255,2,3,0.1946283775615742,0.08975365869583359,1,Credit Card,Occasional,0
CUST000644,3,111.93022559014621,389.4723278001057,17,6,1,24.535890439548314,2,5,0.2785875981251842,0.24280166076347048,1,Credit Card,Regular,0
CUST000645,53,97.03946634006513,5776.601065616226,8,17,1,60.004546031523354,3,1,0.21470286504075825,0.20380885035635685,1,PayPal,Occasional,0
CUST000646,21,31.464999204606354,754.7437947042179,4,30,4,58.843732299013695,1,2,0.4882634046160509,0.3790418208599689,0,Debit Card,Occasional,0
CUST000647,27,88.67752660364641,2332.8929171383247,6,7,1,76.80945588392026,1,2,0.3291915500459849,0.22868685936395322,0,Debit Card,Regular,0
CUST000648,37,80.78459688752088,3397.3158030234504,6,80,1,58.641769610357315,2,2,0.15414209249470295,0.20537687750778524,1,Debit Card,Occasional,0
CUST000649,16,21.582906118676025,395.614860144436,9,30,2,73.17062319291503,2,2,0.6907629958277223,0.43080808587184366,0,Credit Card,Regular,0
CUST000650,2,244.7389235569492,418.4678911644226,8,62,0,59.32979292735375,4,2,0.3349261794606739,0.18059516018410315,1,Credit Card,Regular,0
CUST000651,18,50.78146276034505,879.4452915683047,16,11,1,93.29678746422758,4,2,0.474134785222343,0.30332895871502263,0,PayPal,Regular,0
CUST000652,21,22.208900783399184,500.35098219618794,8,52,0,39.83009825837007,3,3,0.7161192152600248,0.3617472102480378,0,Credit Card,Regular,0
CUST000653,32,58.23113068750958,1846.7796957998112,11,14,0,58.90465684906951,1,3,0.3895473717601726,0.2675870209683323,0,Credit Card,Regular,0
CUST000654,13,67.78561528304704,862.924960868839,12,8,3,70.63045535730109,4,3,0.06314518722588565,0.1223022716540981,1,Credit Card,Regular,0
CUST000655,3,78.91884255716649,212.9914059852752,4,72,1,51.63439635110297,4,5,0.16825747302315439,0.33920207958423354,1,Debit Card,Premium,0
CUST000656,8,66.88356094964354,521.7505866736499,18,2,0,10.248588875743758,1,3,0.6291671577254208,0.446482369256265,0,Debit Card,Occasional,0
CUST000657,10,82.41557589237074,920.0851580312998,9,85,1,68.3259952575665,4,3,0.43103605287335567,0.28252572211489946,1,Credit Card,Regular,1
CUST000658,24,93.36763485567572,2304.990472253717,10,18,1,34.086100763871855,5,3,0.18471449270296017,0.20314196939259677,0,Debit Card,Premium,0
CUST000659,20,89.8088958610772,1899.4824403010025,12,147,0,27.790099016764394,1,0,0.21745802907745285,0.43943948533048993,1,PayPal,Occasional,1
CUST000660,10,111.33394089805444,1373.6344661413552,7,23,1,22.321711086354888,3,4,0.2579724957354588,0.05437010549191243,0,PayPal,Premium,0
CUST000661,103,116.17501274709194,12244.834482482716,5,42,2,78.14095749662508,3,2,0.27293752952494327,0.29977650435013864,0,Debit Card,Regular,0
CUST000662,22,118.2756869134912,2817.8364197458054,9,0,1,53.57111760691087,4,2,0.15413188323183225,0.24574159918673005,0,PayPal,Occasional,0
CUST000663,6,139.79780250507187,887.2090464494723,13,20,3,23.785334968648833,3,2,0.23562807592585067,0.48292119992181604,1,Credit Card,Occasional,0
CUST000664,2,46.155384340781055,102.27060967505409,13,40,2,26.12215519842916,1,3,0.33566803893757585,0.596287418520069,1,Debit Card,Occasional,0
CUST000665,3,47.62081351040597,150.78231727531792,3,45,2,50.07597820498283,3,2,0.34258441098528825,0.4056574808606582,1,Debit Card,Regular,0
CUST000666,6,169.4704705219839,923.5035877908159,8,5,2,23.864914505258064,3,2,0.13994371518433052,0.22235622040774308,0,PayPal,Occasional,0
CUST000667,4,59.70192186784279,251.53775237457958,7,16,0,53.866843890245626,2,0,0.6469433655719082,0.3356035005416681,1,Debit Card,Occasional,0
CUST000668,4,75.56541626744429,315.7729965398227,11,16,2,86.23997573473397,3,4,0.3647982329102368,0.4111860477312744,1,Credit Card,Premium,0
CUST000669,8,70.41971275256462,511.32027657506575,11,3,0,95.44454001910202,2,0,0.08577155000062323,0.3906355295125855,1,Credit Card,Occasional,0
CUST000670,4,333.46850755857713,1313.2020877077487,7,17,1,78.37772411707019,5,0,0.22435950209959346,0.26384744214763783,1,PayPal,Regular,0
CUST000671,54,39.53939061374679,2057.5867011669834,11,49,0,114.20298388859663,1,3,0.4342200654382864,0.3653651938981726,1,Credit Card,Occasional,0
CUST000672,2,38.873169300971846,72.48932168572928,9,10,2,55.836990004593765,2,1,0.07564701816883146,0.24235949965992928,1,PayPal,Regular,0
CUST000673,17,82.63382905761122,1250.354786024147,16,16,2,145.85219403047125,4,2,0.10724708263264986,0.5362003419244112,0,PayPal,Premium,0
CUST000674,12,72.00297630016476,975.8335109378692,12,97,0,129.9717028563164,3,3,0.2988552569663864,0.38430773149300357,1,PayPal,Occasional,0
CUST000675,96,29.59828044198859,2926.941778572678,9,0,1,57.70302509230288,2,3,0.6543305828673605,0.21873772110826628,1,PayPal,Regular,0
CUST000676,2,77.53736729800292,161.10525469536577,9,26,4,39.43220061537482,4,3,0.5929173665274576,0.10036003880943951,0,Credit Card,Regular,0
CUST000677,12,84.37204692202322,1035.3664093267892,9,40,1,41.78949903151185,3,3,0.5123117315133849,0.10768706381782522,1,Debit Card,Regular,1
CUST000678,83,54.871254324930106,5092.2225545611855,12,42,2,14.691038901105467,2,1,0.44309621442233327,0.17458708574178147,0,Debit Card,Regular,0
CUST000679,48,73.98441592600906,3480.6633111436636,8,37,0,39.69865245829601,4,3,0.2594276865987699,0.23777336398775667,1,Credit Card,Regular,0
CUST000680,40,43.017777744504535,1823.5990463638193,7,38,1,19.077799728696373,5,0,0.6357624772293685,0.5393187856479227,0,Credit Card,Regular,0
CUST000681,7,29.66684179948561,256.21511935364487,6,1,2,83.17670025043188,2,0,0.2045217557135804,0.2425970940313871,1,Debit Card,Regular,0
CUST000682,4,59.332291889501995,229.84247337630748,12,22,0,16.85312240123324,1,3,0.1382211983120754,0.314809499367152,1,Debit Card,Occasional,0
CUST000683,26,34.18754691427757,937.1969178142961,14,45,2,67.19691062001577,5,1,0.38666643087801134,0.521405665076766,0,Debit Card,Occasional,0
CUST000684,63,24.38868782622916,1591.197633474675,7,2,2,39.062276131513016,4,3,0.12355891042170498,0.2558503058968943,1,Debit Card,Premium,0
CUST000685,19,11.822608561635834,236.79258837888293,10,0,3,82.3723193596582,1,1,0.21030849363550888,0.3515081543766119,0,PayPal,Regular,0
CUST000686,20,98.2595921234386,1689.7833221101691,6,50,0,42.32277241805577,2,2,0.4012422218714716,0.1788133089038,0,Credit Card,Regular,0
CUST000687,7,57.715968376440095,420.54823529518234,11,37,0,69.14561165160217,5,3,0.218642311804904,0.3624769476468052,0,Credit Card,Regular,0
CUST000688,35,170.15002042429865,5802.546488470671,9,15,2,66.53231690291649,3,1,0.05006436769960702,0.42671251157015744,0,Debit Card,Premium,0
CUST000689,4,61.71496451956781,221.9633873344614,11,84,0,38.281053881992904,4,1,0.13021443318870227,0.3488929310325342,0,Debit Card,Regular,1
CUST000690,9,97.91055531657076,1061.037436938712,9,43,0,59.154335333001015,2,1,0.45729743139306117,0.0780283787037246,1,Credit Card,Premium,0
CUST000691,13,48.67890063831809,719.2314344846798,10,103,2,70.70931889159128,2,1,0.20473571746955865,0.18284078534353929,0,PayPal,Occasional,1
CUST000692,17,80.69621895301735,1524.0214306855196,9,79,0,82.60135365432866,3,2,0.28719029609761165,0.3369909870697113,0,Debit Card,Occasional,0
CUST000693,6,11.936143107640962,69.58437779463068,15,19,0,11.972720466443189,2,2,0.5167382346772564,0.1208474498647576,0,PayPal,Regular,1
CUST000694,2,58.61323366327228,108.21801421513298,11,42,1,18.747535602633025,3,2,0.19384415370230565,0.6258806053971133,1,PayPal,Regular,0
CUST000695,22,39.76719998391819,840.6773669262831,11,33,1,73.70846709700974,4,1,0.27639487489976644,0.3902530935142719,1,Debit Card,Premium,0
CUST000696,8,158.50413572853824,1236.9682251603012,14,50,0,37.713750652368596,3,2,0.26198273222119267,0.3967184248721683,0,Credit Card,Premium,0
CUST000697,20,93.35775657256843,1950.7359137750263,10,46,2,53.14721824940684,1,6,0.23583514070654701,0.3330054930419172,0,Debit Card,Regular,0
CUST000698,4,143.6427612459462,597.2028123165016,7,4,2,13.489431967276765,4,3,0.1772628015166885,0.14672906835884234,1,Debit Card,Occasional,0
CUST000699,15,182.85924277657,2903.376581478786,13,7,0,146.43401646662514,10,4,0.3520750619487709,0.1816601134111813,1,Debit Card,Premium,0
CUST000700,18,54.75425191486348,1025.837771159542,14,9,1,26.25522832953795,1,3,0.8335719946218996,0.28610991919418766,0,Debit Card,Occasional,1
CUST000701,1,90.44431042922642,97.57079096260816,10,51,2,60.368098523371415,0,3,0.4117511687822881,0.17481240549089372,1,Debit Card,Occasional,0
CUST000702,9,31.302606528814792,279.43829156003545,10,49,1,30.153242497031098,5,0,0.511385631759055,0.22949716750918206,0,Credit Card,Occasional,0
CUST000703,3,108.82849506158855,403.61557576161584,6,20,0,96.86661906337233,2,0,0.2519970921916037,0.42353241104837497,1,Credit Card,Regular,0
CUST000704,1,120.30736906847473,132.78384626094652,12,26,0,83.07378963745599,3,5,0.1957838775604417,0.12111499942789754,1,Debit Card,Occasional,0
CUST000705,110,103.56136862786438,12055.719814656632,12,52,2,89.00420762908922,3,2,0.28590705437991376,0.1525032706289507,0,PayPal,Regular,0
CUST000706,9,54.70341035986671,440.97348188410683,11,11,1,67.44215904705293,5,3,0.10229110552476388,0.5942341795005461,1,Credit Card,Regular,0
CUST000707,39,259.7855892051105,10355.84131441122,10,1,0,77.86701303023695,3,2,0.28352789242662807,0.3577093725455932,0,PayPal,Regular,0
CUST000708,7,84.2045693317932,489.2570483011267,5,19,0,36.70524368486425,3,1,0.5680438752355447,0.1239137398122236,1,Debit Card,Occasional,0
CUST000709,27,31.477161461696685,735.7914758079438,10,73,0,102.06065522363707,4,4,0.426860739394533,0.37643172512298156,0,Debit Card,Regular,0
CUST000710,34,128.39134245580894,4944.571550124766,13,46,0,46.812233364184735,4,3,0.12721957052756122,0.222047200953996,1,Credit Card,Occasional,0
CUST000711,21,161.7223941532543,3594.47539136315,12,13,3,27.069221651680735,5,4,0.25452452611454573,0.24966899089910152,1,Debit Card,Premium,0
CUST000712,15,32.06420366638584,533.0810545844255,7,2,2,46.77429901892745,7,1,0.4766391904287516,0.3505502469921134,0,Debit Card,Regular,1
CUST000713,12,67.82361003511194,816.1359522287189,4,30,0,41.19750435808029,1,2,0.13481410205898534,0.30257408248934203,0,Debit Card,Occasional,0
CUST000714,10,21.752095662000446,213.24193495608452,7,53,3,49.33690971137628,3,1,0.1508313302035493,0.15728850874919068,1,Credit Card,Occasional,0
CUST000715,63,187.5571934687648,11612.729170327611,10,32,1,26.701551638683743,3,2,0.17720668247076668,0.08310275040358518,1,Debit Card,Regular,0
CUST000716,42,76.92146272065072,3107.7063636142216,3,16,1,80.4590219137706,5,4,0.44762205278943323,0.2468313727250215,0,PayPal,Regular,0
CUST000717,80,39.9251479584981,2828.812753294303,10,3,0,31.041409165783737,3,4,0.38307464594289575,0.19919880236273474,0,Credit Card,Premium,0
CUST000718,3,163.14510579918027,526.7639041923624,12,72,1,59.0334759307304,3,4,0.49956868177341657,0.2363386709407954,1,Credit Card,Occasional,1
CUST000719,31,82.47746965632007,2487.6315544679333,8,9,0,66.11312498001593,4,2,0.11715825402880982,0.49359243288055366,1,Debit Card,Regular,0
CUST000720,66,148.20228417620442,8984.949322900433,10,7,1,64.5040968864201,5,2,0.20185489740799936,0.11392003178855019,1,PayPal,Regular,0
CUST000721,4,113.79924127207339,417.0480993126605,8,50,1,67.4565179148221,2,1,0.270806069327668,0.5927560252165244,0,PayPal,Premium,0
CUST000722,1,35.24576286541991,34.174176267191946,10,119,1,26.35246146250371,3,2,0.3353651885980226,0.05225231877416442,0,Credit Card,Regular,1
CUST000723,32,53.17882494550569,1600.8580434729836,14,32,0,73.44079068929936,2,1,0.3908596632317495,0.22593659967890986,0,PayPal,Premium,0
CUST000724,20,40.911353752257625,847.1313548245724,10,29,1,22.710810378649157,5,0,0.23086130963713378,0.26593727004491147,1,Debit Card,Premium,0
CUST000725,44,29.480220929327537,1394.1885490421664,5,11,0,17.36400017808064,3,2,0.1670720024776471,0.3856880046075876,0,PayPal,Premium,0
CUST000726,3,16.251692852815307,56.22006253465401,13,0,1,51.727341622565646,5,4,0.20545093594328928,0.27982931520185506,1,PayPal,Occasional,0
CUST000727,38,293.9409250333336,10300.813112188234,5,6,0,38.975990019195166,4,1,0.30374198118458806,0.43081664484786153,0,Credit Card,Regular,0
CUST000728,5,102.18394966409068,584.4909657960932,12,26,2,70.76691051992528,4,2,0.44303481981183324,0.34519376886658343,1,PayPal,Regular,0
CUST000729,4,113.28956935322519,413.8917386314005,11,4,1,101.24538011958006,4,0,0.04237727884383193,0.33897393153879196,1,Debit Card,Premium,0
CUST000730,4,175.57524173569928,810.0798523966855,6,64,1,73.38479023017396,1,1,0.5872435407896848,0.3353568484668085,1,Debit Card,Occasional,0
CUST000731,40,52.73359680066769,2305.2000753433076,6,6,0,27.828161876887382,4,1,0.29879104702638576,0.126533208109509,0,Credit Card,Occasional,0
CUST000732,26,23.426390354849836,668.1977075739355,6,22,1,30.18352686706903,8,1,0.46170560773312846,0.47230893401867063,0,PayPal,Regular,0
CUST000733,17,139.3603921839268,2303.718637669367,12,21,1,29.06870782894945,4,4,0.26090883506966706,0.12164155203553714,1,PayPal,Occasional,0
CUST000734,10,27.403405071603874,266.9999824612863,6,27,0,75.21020980293409,4,0,0.30344974066992697,0.5414801329951843,0,Debit Card,Occasional,0
CUST000735,50,137.079621645151,6988.67017689238,8,11,2,48.37219290918851,4,2,0.32243871128566093,0.3071210159860453,0,Debit Card,Premium,0
CUST000736,11,19.89155291355654,245.81826074306903,13,62,0,61.83797386363443,5,1,0.14408024926299692,0.47870299159682667,0,PayPal,Regular,0
CUST000737,40,25.50997277296925,891.2883667253831,12,17,0,23.561367550664258,3,4,0.037921534896752526,0.02051698426735409,0,Debit Card,Premium,0
CUST000738,13,48.42353020012645,596.2137401818754,12,36,0,61.620319891151354,2,1,0.42725163387374615,0.16084762569744665,1,PayPal,Regular,0
CUST000739,11,133.5249439246246,1684.271796661692,6,30,2,39.185198170664705,4,2,0.3229033718114612,0.8441230615623586,0,Debit Card,Regular,0
CUST000740,14,237.58505600026294,3268.7002452865377,9,3,2,119.48323044610918,2,0,0.31741671290105894,0.19002352057582794,1,Debit Card,Occasional,1
CUST000741,8,113.15982795537029,940.8699705753967,4,29,1,23.337608851853094,4,1,0.2631793962276025,0.451187178706116,1,PayPal,Regular,0
CUST000742,33,50.05633860202726,2004.4348865867034,12,24,1,20.1047946768471,2,3,0.5699416924285539,0.2346446775697054,0,Credit Card,Premium,0
CUST000743,16,156.99740199286796,2550.0987444967072,8,68,1,44.19449039603656,4,2,0.24403533506623437,0.3476281212335562,0,PayPal,Regular,0
CUST000744,6,19.260751581230178,120.79520272558402,5,63,0,42.19313320758226,4,3,0.4304567143079003,0.10326919208044064,1,PayPal,Regular,1
CUST000745,55,37.00440524544535,2098.8515707559486,8,4,0,98.6904766174117,4,1,0.335145489228941,0.44686731623241427,1,PayPal,Regular,0
CUST000746,11,88.57603813441702,884.2070971870579,14,2,0,110.46419842130422,0,3,0.5688428290227316,0.5398999297927977,1,PayPal,Occasional,0
CUST000747,18,142.53891348715996,2758.827719401843,16,10,1,36.84846798927926,6,1,0.28759693809642234,0.1707819122430879,0,Debit Card,Regular,0
CUST000748,56,70.57652282165063,4028.4347307074936,15,129,1,142.58150042583782,3,6,0.3969814634123895,0.2903813542606528,1,PayPal,Regular,0
CUST000749,23,64.73618482027409,1713.0992318213978,11,0,1,47.3267359506648,1,1,0.43418827392947423,0.12562888818539666,0,Credit Card,Occasional,0
CUST000750,2,67.80364350786647,142.41732573836504,13,33,2,29.13868249978364,2,1,0.1448125760101177,0.38481103255100224,1,Debit Card,Occasional,0
CUST000751,67,174.5171027902147,12066.885608322018,9,28,1,38.62139499840217,0,3,0.4449469856508921,0.38743567713291577,1,PayPal,Occasional,0
CUST000752,23,43.31546506309211,1035.0479421790544,11,31,0,71.43030901889382,3,1,0.0667596300632632,0.4758745974858558,1,PayPal,Occasional,0
CUST000753,9,34.77655991132065,282.0328828598466,9,7,1,65.63557132261131,3,3,0.5649305191241714,0.24838869078619524,1,PayPal,Regular,0
CUST000754,3,66.9571324575416,198.70026450826646,5,7,1,112.82580642896224,3,1,0.12078333355462768,0.21938824409371713,0,Debit Card,Premium,0
CUST000755,37,191.03143884676663,6568.839021875515,15,16,0,18.91895722412108,1,3,0.3017666092696867,0.0998299507551989,0,Debit Card,Regular,0
CUST000756,23,47.72534618009939,1045.087251839149,12,3,0,39.110638599566066,4,3,0.44549711191139735,0.3824388575941741,0,Debit Card,Regular,0
CUST000757,18,67.63450189218867,1436.982783694107,8,2,0,181.39831551468592,3,2,0.5053372086699666,0.36513541274934147,1,PayPal,Premium,0
CUST000758,53,18.92522818251155,978.2246337300634,11,2,1,32.188375879582985,5,2,0.5595415558662136,0.17232992219917512,1,PayPal,Regular,0
CUST000759,37,69.89288408738257,2594.525827329151,10,25,1,91.46507791824772,1,1,0.04342171432405927,0.29167252303291463,1,Debit Card,Occasional,0
CUST000760,3,98.59292790357703,287.78299743646136,14,15,2,8.996217632783347,1,3,0.2828772486686214,0.2048520830424579,1,PayPal,Premium,0
CUST000761,8,27.444423334435232,218.96304841703235,7,10,0,31.6858245986756,4,0,0.372182396737365,0.569753355263735,1,Debit Card,Regular,0
CUST000762,6,174.73759333263231,932.034410807892,6,11,1,65.09034181688664,3,3,0.11664096953993272,0.21849210603077554,1,Credit Card,Premium,0
CUST000763,32,97.6588009451103,3185.430530523057,8,6,0,66.21246423850206,3,2,0.5347418359468561,0.18610384622241713,1,Credit Card,Premium,0
CUST000764,0,54.1810181312296,0.0,17,15,0,60.01213155621457,3,4,0.10285604880712529,0.37174211379634003,1,Debit Card,Regular,0
CUST000765,20,98.19786562319493,2184.235415795084,13,6,1,64.05696124771328,5,1,0.3608455524985688,0.3675376765169769,0,Credit Card,Occasional,0
CUST000766,34,117.9564776874835,3982.8487340903953,9,35,2,90.40285402622047,5,1,0.33092810878770246,0.31084067702064977,1,Debit Card,Occasional,0
CUST000767,50,13.785590149968582,701.0764401582163,6,3,0,48.45878098497914,4,3,0.4757739801128344,0.3197294029215216,1,Credit Card,Premium,0
CUST000768,10,100.98691184183244,1045.9512382473888,10,88,0,110.53476369468059,4,3,0.5144382708327655,0.3812272218728381,1,PayPal,Premium,0
CUST000769,41,186.53190327651873,8025.170043979481,7,2,1,52.04841313994482,3,3,0.1081293051331922,0.39228991835292104,0,PayPal,Regular,0
CUST000770,2,42.78475600525432,90.69471897558383,11,86,2,48.75293857842442,1,3,0.28712196779735677,0.43917259047662555,0,Debit Card,Regular,0
CUST000771,44,55.145680011736786,2342.795394490015,5,53,3,14.652795679458075,4,3,0.6777399361415054,0.14493347903049686,1,Credit Card,Regular,0
CUST000772,3,62.87148553771319,168.80162239626068,12,34,2,99.14103858457294,3,2,0.17443764273581328,0.17117485168207763,1,PayPal,Regular,0
CUST000773,12,143.64758774813149,1739.9185198942728,10,73,1,17.875894684159327,1,3,0.4511415223663,0.324350231415195,1,PayPal,Regular,0
CUST000774,38,32.13922683107542,1185.9765959528327,10,4,0,85.02199604171552,5,2,0.33614076148378613,0.30369389772483946,1,PayPal,Occasional,0
CUST000775,3,114.11137073312396,353.5464555128467,12,5,0,72.47293517596049,2,2,0.4679323521010457,0.4441325986296328,0,Credit Card,Regular,0
CUST000776,6,63.82296665888649,416.2586819503634,10,8,0,108.50018995506419,5,3,0.4625441822135645,0.3218824150533398,1,PayPal,Premium,0
CUST000777,30,244.93697892532472,8272.885253271212,14,8,0,14.095862527280891,3,2,0.1966465226124348,0.10969090974166565,1,Debit Card,Regular,0
CUST000778,30,66.82375840599285,2003.442203468779,7,11,1,123.00979776990502,5,2,0.5613662278540092,0.20998822003972328,1,Credit Card,Regular,0
CUST000779,24,6.701746068830222,145.34170617395327,9,25,2,38.48094361108601,3,1,0.4539163921204144,0.11111619410547484,0,Debit Card,Regular,0
CUST000780,28,129.56231520896372,3307.754542254954,8,0,1,33.304249916072344,2,1,0.06219917370732825,0.2464730371382904,1,PayPal,Occasional,0
CUST000781,18,109.99427681958475,2061.176241236403,3,14,1,23.814816447255495,1,1,0.058945251919518986,0.20845525021769665,0,Credit Card,Occasional,0
CUST000782,6,94.62468232249948,572.4318262440088,8,8,1,44.927851564890176,4,0,0.08990766376381097,0.17866146655048215,1,PayPal,Premium,0
CUST000783,10,183.12310938076286,1370.3080929930582,13,27,2,58.802916002801794,3,0,0.1715283844658386,0.1317327882219339,0,PayPal,Regular,0
CUST000784,4,16.14318034872223,62.481682860731425,10,126,0,67.25779142210966,1,0,0.2542853926743344,0.29270462394535146,0,Debit Card,Premium,0
CUST000785,57,37.50499782402045,2050.344530296289,7,21,1,35.91928020895438,5,0,0.44259120663333246,0.13827705279244576,0,Credit Card,Occasional,0
CUST000786,21,80.38271092163956,1681.090697097633,10,16,1,32.48095768285347,4,0,0.4060006744863054,0.23867154776341068,0,Debit Card,Occasional,1
CUST000787,12,90.91766969283593,1208.5496952876983,9,13,0,128.41886891338876,3,0,0.6450774436960156,0.28940771905739626,1,Debit Card,Regular,0
CUST000788,14,71.64665633701976,772.4771655176288,15,46,0,59.86003769135987,3,4,0.2727139522319989,0.3963230926234993,1,Debit Card,Premium,0
CUST000789,70,19.229459882414787,1195.5681928125061,10,2,0,68.28296666164994,2,0,0.5494690835695839,0.27800062690385524,1,Debit Card,Premium,0
CUST000790,3,55.59175205003682,161.43795526481478,8,96,0,84.7352368479261,3,1,0.16283131799530862,0.35247929865184746,0,PayPal,Regular,1
CUST000791,21,233.73230733383866,4693.380548163199,13,16,0,63.9550245519935,5,4,0.40229044041946954,0.2305570787071495,1,Credit Card,Regular,1
CUST000792,16,30.711308227848054,502.76647433598214,7,11,0,34.774735624978426,1,3,0.4407349427902529,0.5657591805364464,1,Debit Card,Regular,0
CUST000793,22,79.02858141197457,1942.5239111961469,11,109,0,23.64180223634692,4,3,0.3593743132048136,0.5445107127829693,1,PayPal,Regular,0
CUST000794,0,114.41548402609551,0.0,9,82,2,74.67054307339812,4,1,0.2958608771930017,0.1685271965026268,0,PayPal,Regular,0
CUST000795,49,140.77834718952087,6970.9958024750385,14,30,0,69.96874636057976,2,2,0.12277548423240119,0.1602711970334106,0,Credit Card,Occasional,0
CUST000796,64,129.12660004646045,9269.26319691513,11,0,2,66.02666158430473,3,2,0.2506648956971495,0.30468176276943065,1,Credit Card,Regular,0
CUST000797,19,52.295892989065116,876.7957857785484,11,41,1,52.58604888674949,3,3,0.22609816584966888,0.24249741802749886,0,Debit Card,Premium,0
CUST000798,28,37.36030259233568,1036.6931674139887,12,12,2,51.008669236149686,4,2,0.4672959410071522,0.45170132058986157,0,Debit Card,Premium,0
CUST000799,61,246.21935957743807,16516.3007507608,8,14,1,25.196578657856694,1,4,0.2729744678953718,0.31421448744163866,1,PayPal,Regular,0
CUST000800,29,150.38499716618207,4003.3193884585244,7,5,1,12.701304991415308,1,0,0.5184795812584279,0.18019614616572924,0,Credit Card,Regular,0
CUST000801,3,84.83961277064103,237.2382461635918,10,22,1,87.90135089793166,0,0,0.2632459221346678,0.21544101789510237,0,Credit Card,Occasional,1
CUST000802,20,204.49897962632323,4010.224315710592,14,40,2,117.29011615275782,3,2,0.19109394895209605,0.5297045089783855,0,PayPal,Premium,0
CUST000803,22,23.569539273201336,569.9914983991998,11,9,0,71.38473114987659,1,2,0.3350978473444666,0.23839948550246645,1,Debit Card,Premium,0
CUST000804,13,6.985588110225868,103.89423519047139,5,83,0,21.949413293482692,5,1,0.054161087830206886,0.06459262203929493,1,Credit Card,Regular,1
CUST000805,32,90.15071844184385,2656.2983998667073,10,6,2,51.8064222433426,7,1,0.2588249374618653,0.49802661520186725,0,PayPal,Premium,0
CUST000806,65,93.34980680288432,6904.627940007641,9,2,1,30.064709941232117,5,1,0.1515388627982004,0.5299652513187894,1,Credit Card,Regular,0
CUST000807,62,21.404600308426637,1335.7890890159997,7,31,1,42.202747645148705,5,3,0.19162440865005664,0.3564966071270036,1,Credit Card,Premium,0
CUST000808,14,146.6708633022063,2335.224831720861,10,56,3,25.396598722493017,2,1,0.3335284916985404,0.30837675165384004,1,PayPal,Premium,0
CUST000809,2,11.138403890627478,25.04192782752949,8,91,1,55.58556501465777,5,0,0.2731341791898697,0.364733587293762,1,Credit Card,Occasional,0
CUST000810,100,105.10044392527394,9037.418056428747,7,43,0,82.40257319145621,1,2,0.15177540369995748,0.4222546918333999,1,Debit Card,Occasional,0
CUST000811,43,122.8044113699317,5155.974326694644,17,6,0,65.37197498364074,2,4,0.1070032616573897,0.5473134903526397,0,PayPal,Occasional,0
CUST000812,3,89.35278537484518,322.2442593225983,9,114,0,39.25171442346415,3,0,0.2902302732781784,0.39856840004371313,0,PayPal,Premium,0
CUST000813,60,18.413461335280388,1199.3736418829749,12,75,1,58.54904599828225,1,0,0.4454514384882606,0.2977478953124416,1,Credit Card,Occasional,0
CUST000814,48,181.81781595440248,7891.469862354784,14,5,1,16.434776597939788,1,4,0.23561272117230622,0.22488295041609105,1,Debit Card,Regular,0
CUST000815,17,53.75706295986249,768.8584821279327,15,24,0,80.43570773861532,3,3,0.15938525300653694,0.2607949699437538,1,PayPal,Regular,0
CUST000816,21,53.89962894446418,986.6087174157929,8,24,0,72.57069318676565,5,0,0.04686807701605739,0.5591753479250111,1,PayPal,Regular,0
CUST000817,12,45.41579025422726,573.5913913008259,10,17,0,64.52639598846203,2,1,0.38648283756654417,0.4288697498905658,1,Credit Card,Regular,0
CUST000818,1,132.25103187553222,138.2996597317694,17,124,2,100.34267964479713,5,3,0.2211584079936585,0.3683549764154067,0,PayPal,Premium,1
CUST000819,9,51.67460020519925,398.66410200532164,14,1,1,63.06772488183342,3,3,0.12998821106033542,0.6908584813619436,0,Credit Card,Regular,1
CUST000820,38,28.042339887524577,1102.699879117287,11,29,0,41.43404438481383,2,0,0.1794451523442148,0.24555562507939838,0,Debit Card,Regular,0
CUST000821,0,158.5341519734813,0.0,13,6,1,40.18752251411453,3,1,0.17640112775056607,0.27037679369312634,1,Credit Card,Premium,0
CUST000822,9,77.5915750424898,739.9428103993313,20,22,2,42.58800051526862,7,3,0.08216522167087674,0.39448263371092973,0,Credit Card,Occasional,1
CUST000823,12,162.32319164921984,1765.227441454642,6,45,1,64.60032516468002,4,1,0.27126536585714306,0.36605881792637995,1,Debit Card,Occasional,0
CUST000824,18,82.04268550265714,1402.7379981353176,9,8,0,28.72437954823983,5,2,0.33851000674532716,0.4268144722737658,1,Credit Card,Premium,0
CUST000825,60,42.8071307486178,2811.813638305171,8,14,1,32.40687654354026,2,2,0.19640034214182217,0.12753964133971643,1,Credit Card,Premium,0
CUST000826,10,13.265624612735849,135.4519770805776,8,90,1,23.739525445826946,3,5,0.23343325625113048,0.05125694663989596,1,PayPal,Regular,1
CUST000827,10,90.43664392685012,1044.6228475017983,4,42,0,28.089508731480212,2,5,0.13625365655210983,0.11555612427828195,1,Credit Card,Occasional,0
CUST000828,32,62.98065894828435,1995.7474572304138,12,25,0,47.78426723933032,5,3,0.5210536634795261,0.39251646039920857,1,Credit Card,Regular,0
CUST000829,14,136.09374891549223,1908.8920859893828,7,7,2,126.57594236137683,3,4,0.2999012687874651,0.2841695777645435,0,Credit Card,Regular,1
CUST000830,6,49.69751752385393,333.57932761162164,5,16,1,22.992298936603078,3,4,0.07713265453266094,0.32787078828529465,0,Debit Card,Occasional,0
CUST000831,14,107.40275598604998,1583.7281048243667,12,44,0,96.67494737520738,3,2,0.06363659579539621,0.32858619418792084,0,Debit Card,Occasional,0
CUST000832,3,79.51769136779102,235.6595656369749,8,51,0,33.89086015221989,1,0,0.3493300704200256,0.32593476972948787,1,PayPal,Occasional,0
CUST000833,4,39.602699914423305,166.8894318560083,11,8,2,91.13710504525278,4,0,0.07883359132313394,0.22577505280181182,1,Credit Card,Occasional,0
CUST000834,16,53.06249258292092,897.860477831356,8,32,0,42.235211660321816,7,1,0.25117231392044187,0.4477116764781464,0,PayPal,Regular,0
CUST000835,13,23.0431687286565,289.3671924050117,16,2,3,61.512957117057425,2,0,0.5803966471589466,0.34164939190186483,1,Debit Card,Occasional,0
CUST000836,59,257.5048532303345,15370.585642727598,8,0,2,62.70131715631337,3,4,0.2806255640892426,0.23425597257275865,1,Debit Card,Regular,0
CUST000837,10,105.74028133985574,1162.062875774637,10,23,1,45.85934117593475,1,1,0.2875782632053084,0.457823212190115,0,Debit Card,Regular,0
CUST000838,20,21.512069228786913,454.2242541348402,8,7,0,44.99806439764672,5,1,0.3029545053997259,0.24321261811068143,1,Credit Card,Regular,1
CUST000839,24,248.8961761586967,5854.0636642383715,11,2,3,114.54065983201838,3,6,0.17432230129572565,0.17321879037392532,1,Credit Card,Regular,0
CUST000840,0,30.318410758525573,0.0,5,39,1,54.72241679944817,3,2,0.42220437159486635,0.2258022493845504,1,Credit Card,Regular,0
CUST000841,26,48.98425955416008,1295.9995494210702,9,20,0,42.207075725083584,5,0,0.17596694643415423,0.12118789989618327,0,PayPal,Occasional,0
CUST000842,4,66.67281238003166,282.13337608784843,15,47,1,154.62982966416521,2,3,0.35968445917789854,0.4763341155995946,0,Debit Card,Regular,0
CUST000843,77,80.99370414618838,6351.191553396108,10,32,0,161.9868183360771,3,4,0.4821426823890591,0.19208441630782322,1,Credit Card,Occasional,0
CUST000844,3,133.57759914207676,393.93866772051075,10,39,1,201.7755967347833,2,2,0.25461618798999924,0.5473795896230614,1,PayPal,Regular,0
CUST000845,12,9.92697539234685,102.05089935973928,12,11,3,19.366058943246635,5,3,0.2150172925065505,0.5142362862263213,0,Credit Card,Regular,1
CUST000846,2,81.96949731762795,182.25186571723606,8,9,0,9.196359351613115,1,2,0.2797202744215955,0.12174211389933666,1,PayPal,Occasional,0
CUST000847,138,63.97525000359323,8400.736106499038,10,27,2,61.27780752683309,4,3,0.36894000218261075,0.22404648486236048,1,PayPal,Regular,0
CUST000848,16,91.64821651454012,1322.2479618958257,12,6,1,118.47067210412293,2,1,0.13174320698710346,0.466688997081552,1,Debit Card,Regular,0
CUST000849,21,61.4812436705111,1225.6501433485416,7,50,0,51.780726500990326,1,4,0.18766974110491422,0.41772167591059967,0,Debit Card,Occasional,0
CUST000850,1,55.0361496606922,58.9143493831218,12,22,2,107.7936670973761,0,3,0.44925971120429375,0.35711205604069807,0,Credit Card,Occasional,0
CUST000851,33,72.84321213060741,2145.9777047034327,9,7,2,112.31194079059841,0,4,0.7525588993030119,0.2448633278466471,1,Credit Card,Regular,0
CUST000852,5,239.92264149314596,1206.252549523327,10,29,1,33.6113938282769,5,3,0.15209534918238365,0.3487997627872834,1,Debit Card,Regular,0
CUST000853,54,55.91629020716752,3184.877075986814,7,87,1,46.45160824204579,2,2,0.13737974072179274,0.22249508490141282,1,Credit Card,Occasional,0
CUST000854,5,176.30575958570859,928.9243005961611,12,2,1,14.447702685094924,7,1,0.3940655211071397,0.6063511931797162,1,PayPal,Occasional,0
CUST000855,5,88.79130400382772,393.684971691123,11,3,1,24.145670492168804,1,2,0.4459456708389186,0.2946188149129243,1,Debit Card,Regular,1
CUST000856,0,85.73027600548934,0.0,19,55,1,28.628679788384144,1,0,0.2653003873704251,0.3785421745439205,1,Debit Card,Occasional,0
CUST000857,15,92.29721298189178,1522.452495954624,9,3,1,19.201178729925196,2,4,0.5366463848937808,0.2911631429640724,1,Debit Card,Regular,0
CUST000858,19,114.15337611287879,2134.7408067247616,9,1,1,60.205719345168056,3,2,0.38076112229861947,0.2340480865519126,1,Credit Card,Premium,0
CUST000859,1,59.51787320650045,64.77455950167243,11,12,3,18.730184458810868,5,1,0.3528183312478816,0.2676653743946014,0,Credit Card,Occasional,1
CUST000860,35,168.20355406613066,5781.822878758316,11,18,0,94.68629012618499,0,2,0.31319783968532505,0.25335313272920446,0,Debit Card,Premium,0
CUST000861,14,114.35415876450692,1620.7348873730346,9,25,0,118.49622257144208,4,1,0.39054932047978413,0.3896617707819563,1,Credit Card,Occasional,1
CUST000862,17,25.133244500813007,435.1969403721441,10,21,3,108.51365509960925,2,3,0.29227371501695204,0.34816140372364857,0,Debit Card,Occasional,0
CUST000863,13,6.784599279800937,106.460786195918,10,73,2,75.6573046774352,2,1,0.09076450794247173,0.14889916457976318,1,Debit Card,Regular,0
CUST000864,12,235.08682609409388,2863.929627718738,12,43,0,4.633839280857582,8,0,0.17607651016470727,0.18745088486747682,1,PayPal,Occasional,0
CUST000865,19,94.47255762681452,1703.5485699577532,9,123,1,86.70607505237629,0,3,0.3685877000848875,0.47380781087285373,1,PayPal,Regular,0
CUST000866,4,22.170993174225202,79.56915161850364,11,19,1,91.85015824732923,4,1,0.3231701624835723,0.45861462743248643,0,PayPal,Regular,0
CUST000867,4,55.85182267752501,195.68786206568117,8,2,3,27.83181153014164,0,0,0.17199117862894386,0.29110922050548005,1,Debit Card,Premium,1
CUST000868,47,150.33557919847084,6954.236099248953,6,93,0,79.18324742272839,5,0,0.2555997521661976,0.12359037814766442,0,PayPal,Premium,0
CUST000869,70,69.51652028554443,4821.466033507993,12,0,3,65.27391482711704,3,4,0.267975041670209,0.05658527249693085,1,Credit Card,Regular,0
CUST000870,11,74.51375642799846,838.4704952300596,14,44,0,41.90284507515328,2,1,0.18158608531799775,0.19845445316651023,0,Debit Card,Occasional,0
CUST000871,7,131.63812280253956,837.7856648190873,9,0,0,65.23587374834528,2,6,0.3245185742854792,0.34445191178250967,0,Debit Card,Regular,0
CUST000872,24,101.17773814767746,2361.136149084558,9,42,0,107.33728328957216,1,2,0.24299566286507043,0.33377249654441044,0,Debit Card,Occasional,0
CUST000873,12,120.33160886938397,1343.234564873442,15,83,2,34.19451516321327,0,1,0.2878779787473366,0.5832171681186449,0,Debit Card,Regular,1
CUST000874,0,130.67151311748552,0.0,14,14,3,33.82691473420378,0,3,0.16608315447313493,0.4167233120060628,1,PayPal,Regular,0
CUST000875,4,43.861419567262274,202.77436412028717,7,8,0,64.52460780210573,2,1,0.27592759364361946,0.24156353568646804,0,PayPal,Regular,0
CUST000876,30,47.50967668335598,1690.5243835498602,9,7,2,41.62796042914154,1,3,0.19574309302408402,0.19266566982451513,1,Debit Card,Occasional,0
CUST000877,25,39.377676587823764,1013.7148788317677,9,20,4,24.35537537770541,2,2,0.10318944817533297,0.4420722545829116,1,Debit Card,Occasional,0
CUST000878,0,49.75926257115342,0.0,4,5,0,92.93482975466269,2,3,0.26945444178768724,0.4471347090495081,1,Debit Card,Occasional,0
CUST000879,6,72.28998325120199,499.27243169690536,13,33,0,66.38701994670289,1,3,0.37456647194008263,0.14244166063983696,1,Debit Card,Regular,0
CUST000880,6,76.4322862310561,384.19520631377713,12,13,0,11.32985603838085,5,3,0.23762616598823855,0.1461409419541026,1,Debit Card,Regular,0
CUST000881,26,200.35732677880955,6057.7276007260625,6,11,0,82.61671920512848,1,3,0.33938636584628457,0.31832135888063695,1,PayPal,Occasional,0
CUST000882,0,97.67266794170892,0.0,9,18,1,77.82028869205871,2,1,0.2069043762462383,0.27888454713863403,1,Debit Card,Regular,0
CUST000883,2,73.40129127369057,165.0538582518061,9,23,2,61.06105833521816,3,2,0.12079707567371663,0.2637817861099574,1,Credit Card,Regular,0
CUST000884,38,32.07756788719914,1193.2749930086316,8,4,1,45.08283943580608,4,5,0.3258218002648741,0.19544117592304694,0,Debit Card,Premium,0
CUST000885,4,62.524444287754086,282.2457736926537,7,36,1,42.730433350181364,2,0,0.5443162011024827,0.1055231011094892,1,Debit Card,Occasional,0
CUST000886,25,246.83979349794512,6106.3051797753205,6,64,1,75.89311501988396,5,2,0.33932336445781036,0.26928087059913963,1,PayPal,Regular,0
CUST000887,6,244.28367012884507,1324.410996879118,16,9,0,20.48394381483562,2,5,0.28121256712267084,0.1793538171051871,1,Credit Card,Occasional,0
CUST000888,2,61.910588285923815,125.69630690106605,16,5,0,68.31169687961356,3,1,0.42648608668381116,0.3741423204026987,0,PayPal,Occasional,0
CUST000889,6,15.311703106459582,94.43101917933224,8,42,2,77.29733581639088,1,1,0.46572056755535585,0.41045952252929024,1,Credit Card,Premium,0
CUST000890,30,55.440554704728086,1690.4340841627936,12,6,0,90.91479867611262,1,5,0.6499327887994678,0.5983704165159355,1,Credit Card,Occasional,0
CUST000891,46,201.814564845955,8654.10738249699,16,1,1,33.243085079298105,1,3,0.4401301569466123,0.21841930239236587,1,Debit Card,Occasional,0
CUST000892,42,72.67947147792945,2876.850136110959,12,28,2,37.85474839831585,2,3,0.2554913677711295,0.5315681306066286,0,PayPal,Regular,0
CUST000893,12,131.73194273670128,1453.5214025183573,6,8,0,74.61004915282577,2,0,0.08899022049866906,0.3386596289590616,0,PayPal,Regular,0
CUST000894,26,79.29667037688309,2069.230278656532,10,5,1,32.74641828693847,5,1,0.5443134372373686,0.3006304308929424,1,Debit Card,Occasional,0
CUST000895,5,20.38140471079861,108.56128169360105,7,119,2,20.711543292119906,4,0,0.3508942184430723,0.25024205401249006,1,PayPal,Regular,1
CUST000896,8,81.46161331080923,593.0673713980628,9,10,0,47.436374052206816,2,2,0.2972547915833185,0.6763828160768345,1,Debit Card,Occasional,0
CUST000897,54,144.0481963514503,8266.708813085166,6,70,1,136.26852465609193,5,1,0.5426585980723865,0.32060497341609534,1,Debit Card,Premium,0
CUST000898,0,49.172196221716,0.0,12,5,1,55.46058986283734,3,1,0.4903420754549786,0.1983778710877113,0,Credit Card,Regular,0
CUST000899,2,141.44828695788007,329.72640267764086,11,51,0,13.432425360950724,6,1,0.5506103084707279,0.08409044678375649,0,Credit Card,Regular,0
CUST000900,5,85.382678376612,422.3121008004184,15,20,1,60.09878938420671,0,0,0.4204888237684173,0.177696894429518,0,Debit Card,Regular,0
CUST000901,0,136.2854690965427,0.0,3,2,0,45.36073409437273,3,1,0.3022290963723011,0.083186413822598,0,Credit Card,Regular,1
CUST000902,4,102.23550412547586,405.56590932986717,4,39,0,25.69185161261441,1,1,0.09337159777192126,0.1490678798326765,1,Debit Card,Premium,0
CUST000903,20,34.07937885693054,691.6502081430842,9,66,2,38.10786361686783,3,5,0.1357763988391637,0.5318594625757604,1,PayPal,Regular,1
CUST000904,13,63.03867544081297,763.6268715060289,6,5,1,118.3460386123982,3,3,0.42115454315914097,0.13250488828477944,1,Credit Card,Regular,0
CUST000905,53,61.41982571493914,3187.4672731129954,8,38,0,27.157054993480227,4,7,0.2297278701743132,0.28690366091591835,1,Credit Card,Regular,1
CUST000906,40,47.21728852189402,1736.490530120793,9,17,2,126.48480881134512,2,1,0.15339870514386852,0.27908795594230734,1,Debit Card,Occasional,0
CUST000907,10,96.4495566892518,807.7198654871612,16,42,0,53.14017407023314,3,0,0.11781143169538555,0.32176301669721696,0,PayPal,Regular,0
CUST000908,7,276.0217834413648,2149.152941479432,10,37,0,42.238466348963314,4,2,0.4541150075451937,0.08100002237617036,0,Credit Card,Premium,1
CUST000909,11,168.35139173634627,2041.6554638254515,7,0,1,44.04459281728202,2,1,0.40546835643487816,0.5061411883749042,1,Credit Card,Occasional,0
CUST000910,21,183.69653183182325,3764.608582081399,6,5,0,45.82486008194244,2,0,0.29395077366908917,0.17354721509948148,0,Debit Card,Occasional,0
CUST000911,7,44.79273175964243,318.06560930756075,11,19,0,123.35284268481959,4,3,0.25571573588659763,0.3293115661177712,1,PayPal,Occasional,1
CUST000912,23,185.74155592985935,4384.231752034269,12,81,1,10.631750469926033,3,1,0.09827851309084096,0.3851581879612427,1,Debit Card,Regular,1
CUST000913,12,227.54637250052042,2234.223826228449,16,12,0,42.081821239419945,3,0,0.10529974395964409,0.26129264944544656,1,Credit Card,Premium,0
CUST000914,19,43.52899401978222,702.037512283828,11,29,1,45.468511025554044,4,2,0.347879067622119,0.09599610324412196,0,PayPal,Premium,0
CUST000915,13,110.5542804966136,1870.9490175535204,10,0,1,76.74384198304145,1,0,0.3341079019059334,0.08537494269529029,1,Debit Card,Occasional,0
CUST000916,8,112.65493266410243,984.4683821416994,8,37,0,51.53137878961459,3,2,0.4972321447428101,0.19074790869738892,0,PayPal,Occasional,1
CUST000917,71,66.71965587786454,4042.3138552028695,10,27,0,54.45967768230819,4,1,0.4196600720118661,0.2481782915915227,1,Debit Card,Occasional,0
CUST000918,34,90.86930615669607,2712.9821824129244,10,37,2,130.18890702409357,2,4,0.3502452745477528,0.4319930453288056,1,Credit Card,Regular,0
CUST000919,3,116.61123541034735,347.4460770609988,9,70,0,55.29343944558326,1,3,0.3268201804913673,0.41486558418535036,1,Debit Card,Premium,0
CUST000920,48,70.27609368490334,3273.0112377098335,8,4,0,40.35194402049669,4,2,0.46799441242814416,0.4661507942918094,1,Credit Card,Regular,0
CUST000921,16,162.96932082551677,2813.872841899166,10,9,3,54.23329961915863,3,0,0.04542924317047074,0.3749519762947152,1,Credit Card,Regular,0
CUST000922,53,25.270834142592076,1657.2067942644603,6,164,0,56.51113880554786,4,5,0.2829818348459758,0.35388380858206037,1,Debit Card,Regular,0
CUST000923,38,61.20699510906604,2605.19049984133,13,5,1,163.95730506607478,1,2,0.29627995681878533,0.15081108385362174,0,PayPal,Premium,0
CUST000924,13,133.56712024184597,1523.148072211685,16,38,1,20.51542394711919,5,2,0.3632673241771034,0.20006565117041347,1,Credit Card,Premium,0
CUST000925,0,257.27793841935716,0.0,7,38,0,97.79104727167643,3,3,0.320953710314021,0.44101927925910483,1,Debit Card,Regular,0
CUST000926,7,169.9605116054425,1097.9671425558886,9,34,0,67.51717536022306,3,2,0.035585166472182704,0.22890189283768922,1,PayPal,Regular,0
CUST000927,18,89.49247914297814,1659.0642742354592,8,7,1,28.5985906791276,3,0,0.1516522628452858,0.4815533204136939,0,PayPal,Occasional,0
CUST000928,24,72.9298429233723,1742.7689708528342,8,7,3,66.01006399929038,3,4,0.019469185310979263,0.14047656170837125,0,PayPal,Regular,0
CUST000929,7,64.01101644543476,471.3256891037329,12,32,1,17.68248073325936,4,1,0.08356911272876008,0.4914879965053913,1,Debit Card,Premium,0
CUST000930,3,64.31616955452385,195.19548481226437,6,6,1,71.0989140154915,2,2,0.11855614132579392,0.3000345642823763,0,Debit Card,Occasional,0
CUST000931,43,13.162951946884158,526.1076320844761,8,32,0,79.7545746245123,2,2,0.1491938788519053,0.4815863545351801,0,PayPal,Premium,0
CUST000932,99,250.41410008557054,25619.236744271402,10,20,0,149.69197881617356,4,4,0.23104906765694797,0.16313912593617116,1,Debit Card,Occasional,0
CUST000933,17,77.1952863286813,1486.9686031259976,5,14,2,28.558834429042562,2,5,0.31720151665398644,0.2419460769485575,1,PayPal,Regular,0
CUST000934,4,41.18465837967866,177.58958744179046,18,10,1,55.0493695195145,3,1,0.1054657731321131,0.47221277670653894,1,PayPal,Regular,0
CUST000935,7,109.32441818015654,699.6033008510252,8,88,0,49.36182316545847,4,2,0.18926205568855448,0.39435038395154653,0,PayPal,Regular,1
CUST000936,0,44.09123794758768,0.0,6,21,1,35.73275228352144,3,1,0.17095092563136205,0.16998942406188733,1,Credit Card,Occasional,0
CUST000937,58,152.5506902158593,7511.732543295786,11,24,0,29.512217220803496,4,2,0.578153196248042,0.44026452628970514,1,PayPal,Regular,0
CUST000938,3,42.33694544104403,124.77867819037222,10,89,3,48.00007936541828,1,1,0.7500972045794134,0.1886537192076149,1,PayPal,Occasional,0
CUST000939,20,137.81064559564427,2785.684629795034,7,31,0,56.964373787522064,3,0,0.1473534119422374,0.41070393023633883,0,Credit Card,Regular,0
CUST000940,7,63.269660720103346,442.8823410643196,7,94,0,38.44415887045143,6,2,0.14058680906217408,0.39230587141395296,1,Debit Card,Regular,1
CUST000941,19,99.1953865146916,1587.5841825864243,10,3,1,65.56850516933183,3,4,0.3758177839092166,0.47541180600858196,1,PayPal,Regular,0
CUST000942,25,145.10050756648448,2772.0045970787846,12,56,0,52.297934930324246,2,2,0.2502876562151108,0.2867045673108386,1,Debit Card,Regular,0
CUST000943,42,52.18167817228277,2318.757908906867,13,12,0,27.700785657799383,2,3,0.1722357628152401,0.2894199435742039,1,Debit Card,Premium,0
CUST000944,5,142.69422771894224,641.0253576131631,15,49,1,85.02099567110776,2,3,0.23778505973196967,0.4200964823799814,0,PayPal,Premium,0
CUST000945,0,13.862532691713717,0.0,13,58,0,81.28732781917216,2,2,0.3167464948589723,0.06648774948590436,1,Credit Card,Occasional,0
CUST000946,3,216.07658873126226,621.8823938800466,7,9,1,48.007633177720834,3,4,0.16056065566432284,0.25729313626439043,1,Debit Card,Occasional,0
CUST000947,55,159.79262890425022,8178.07919085474,10,15,0,8.49583311008056,1,2,0.39485245496674454,0.05986687106045353,0,PayPal,Occasional,0
CUST000948,49,75.16458245510981,3876.4899403421496,6,38,0,17.534660908730583,1,4,0.2532301154008612,0.5282847096578259,1,Debit Card,Premium,0
CUST000949,21,179.43640451937048,4588.923155363206,10,3,1,100.13784277157635,4,1,0.30015433968255173,0.7170582334572595,1,Credit Card,Regular,0
CUST000950,22,167.03629874807874,3485.7961804514116,14,42,0,132.44737191176097,2,2,0.2742157171882627,0.329886960061967,0,Debit Card,Occasional,0
CUST000951,26,80.502487444728,1830.0077095013426,9,3,0,94.57243171787076,4,3,0.32818374579288,0.6281326367748934,1,Credit Card,Regular,0
CUST000952,4,79.84718074286413,281.8331488495558,11,73,1,32.25234364632141,5,0,0.08762150436480844,0.2562291160407914,1,PayPal,Premium,1
CUST000953,58,36.84680127881284,2459.1570665377394,10,9,2,82.25647978506163,6,2,0.41930349362504177,0.3267222013348986,0,Debit Card,Occasional,0
CUST000954,13,83.80949643276318,993.7564944774014,14,25,0,77.12838053036647,2,1,0.12010014149748577,0.39091496088469313,1,Credit Card,Regular,0
CUST000955,11,19.692088927692645,216.3689177260692,11,3,3,77.8789656441659,0,3,0.24559720189007797,0.34114941090369894,0,Debit Card,Regular,0
CUST000956,17,136.6306859461782,2442.099681914834,8,9,0,50.58750400223951,3,4,0.49800578275912843,0.29603371120519456,0,Debit Card,Premium,0
CUST000957,1,138.67514291824733,140.3645338747997,10,15,1,56.09818909285071,3,2,0.23215938526663524,0.30506800133527234,1,Debit Card,Regular,0
CUST000958,4,14.111673174664988,51.27995752795242,9,20,1,18.532333556873834,2,0,0.3122283861580475,0.4655215693110184,1,Debit Card,Occasional,0
CUST000959,32,202.49385221439405,6836.019013324239,8,0,0,175.8848807104603,5,1,0.3564385513278724,0.2547493828282548,1,Credit Card,Premium,0
CUST000960,2,48.42204718385778,109.12878235106685,12,65,0,17.588494859883596,3,1,0.2244395197968425,0.18989143220634638,0,Debit Card,Regular,1
CUST000961,22,430.9072849760609,8849.515712703616,10,0,0,38.29042086918121,1,1,0.10490882319502981,0.33784777359721624,0,PayPal,Regular,0
CUST000962,6,95.47395027787047,622.2443948308689,12,44,2,160.05973122657912,2,2,0.6976303152808173,0.13876097571823404,1,Debit Card,Regular,0
CUST000963,11,203.81061071471987,2212.0461236848905,10,19,1,43.99224057158391,1,1,0.10458424517527262,0.6472651253511058,1,PayPal,Premium,0
CUST000964,8,35.779384303660564,250.7068882696461,14,22,0,47.85572773288874,6,0,0.19995824571273693,0.2535929634453978,1,Debit Card,Premium,0
CUST000965,10,63.158908678178314,640.628600628195,17,7,0,52.447491576192604,3,0,0.11023530196003872,0.3876587329467646,0,PayPal,Regular,0
CUST000966,30,51.96229966868755,1533.0657655682396,13,28,0,57.35656450367256,5,2,0.5345207445493287,0.3205556170316949,1,Debit Card,Occasional,0
CUST000967,8,19.312361074775318,173.54301609103476,8,23,2,25.599572060391893,5,1,0.20876968944579666,0.2837252785432209,1,Debit Card,Occasional,0
CUST000968,20,25.352937980883215,460.4859472168081,6,5,1,75.44283215753096,6,2,0.20724431956387057,0.3444236138465923,1,Debit Card,Regular,0
CUST000969,15,72.93727207637627,1046.1632771442423,14,8,0,73.2216580737633,5,1,0.24165895702430493,0.1638801712551212,1,Credit Card,Regular,1
CUST000970,26,106.62659319617948,2693.43687852772,6,2,0,49.157358481539276,1,1,0.3515170937109916,0.25470282452373566,0,PayPal,Regular,0
CUST000971,66,32.36816004863222,2418.4158754979176,6,2,1,69.26888194246969,1,1,0.15817680714020563,0.24292899135595908,1,PayPal,Occasional,0
CUST000972,31,60.09349813040317,1914.4856919917402,11,0,0,30.53516194970966,2,1,0.6020836425143699,0.10283427207763082,1,PayPal,Regular,0
CUST000973,5,43.89401213895724,174.8022766120316,9,7,1,118.5327880183879,4,0,0.1145678985642604,0.14913083705717017,1,PayPal,Occasional,0
CUST000974,0,76.73967492913096,0.0,15,34,0,205.41241869458176,3,1,0.2661419626513612,0.24152204522220672,1,Credit Card,Regular,0
CUST000975,7,129.47742658624765,814.0888179137241,3,11,2,39.52782493716559,5,2,0.3127051862790476,0.32113361519507144,1,Credit Card,Premium,0
CUST000976,21,87.1581895225626,1804.24841771789,11,12,1,54.70937796437628,2,2,0.22435860767968918,0.11658773328461075,1,Credit Card,Regular,0
CUST000977,1,50.11597831492847,50.348361159813216,12,4,2,25.36944143633403,1,1,0.2272937310859164,0.290619544190833,0,PayPal,Regular,0
CUST000978,16,163.3137893932441,2671.863779426143,11,25,0,78.22353630380864,4,1,0.41796615331812564,0.3186548063947024,0,PayPal,Regular,1
CUST000979,21,104.14691508912513,2180.590000664521,14,12,1,39.86138504215137,0,3,0.47412520666490865,0.2379497243730129,1,PayPal,Regular,0
CUST000980,9,89.0773659065588,851.0024278128342,17,33,0,39.982931309599266,3,0,0.051950319457788635,0.24032144414904716,0,Debit Card,Occasional,0
CUST000981,35,32.748113543194215,1267.5559748913092,10,40,1,75.96751142307552,3,2,0.43093763785220224,0.38436422121721275,0,Credit Card,Regular,0
CUST000982,2,151.77085141689426,272.12520334851393,8,26,0,60.690339721895874,2,0,0.4723044594207433,0.4571507302134108,0,Credit Card,Regular,1
CUST000983,1,111.75840833736414,117.99202693875289,12,9,2,31.197776917238883,4,2,0.23664160706695014,0.23250719221334076,1,Debit Card,Regular,1
CUST000984,31,115.92629286276046,3412.4356071444404,8,21,2,10.777983296408038,6,2,0.4055203224062984,0.46737758839255616,1,Credit Card,Regular,0
CUST000985,16,67.553138414555,1068.5027664611912,15,8,1,41.45159189684037,2,0,0.1670890901142925,0.16143519528414635,1,Credit Card,Occasional,0
CUST000986,27,58.34720031100142,1643.7070301872222,13,69,1,17.585560116949257,4,2,0.13231587679924117,0.19252723542395034,0,PayPal,Premium,0
CUST000987,13,251.25480526675864,2909.187449992454,7,43,0,85.61981244101794,2,0,0.1496762380495073,0.05727105076394249,1,Debit Card,Premium,0
CUST000988,6,57.63309792862859,339.9622806748001,9,20,4,46.95973410454373,5,1,0.13956897870213195,0.24291844197473467,1,Credit Card,Regular,0
CUST000989,41,26.942237255446997,1072.3767300926247,4,100,3,38.00532208281152,1,3,0.0977977636403698,0.3761775731587406,1,PayPal,Occasional,1
CUST000990,38,92.41424825567165,3909.1254734014174,10,23,1,31.599132506328495,2,2,0.1813608297508651,0.1994907602222543,1,Debit Card,Occasional,0
CUST000991,28,79.9898844751845,1940.1726616354185,11,11,0,61.642415475062194,4,1,0.1305103791714445,0.2023564099582362,1,Debit Card,Regular,0
CUST000992,7,168.3292056121272,1115.6905342542298,7,3,1,44.526219858252915,3,2,0.13981086405611085,0.11417202504971646,1,Credit Card,Premium,0
CUST000993,21,71.63467243149834,1511.2020266381205,7,23,0,84.88029693290493,0,5,0.2780794301480083,0.20742314783611457,0,PayPal,Occasional,0
CUST000994,10,126.60298186976817,1312.0905801870133,4,59,4,46.601509227276026,3,0,0.2904767064600281,0.23149425082705422,1,Credit Card,Regular,0
CUST000995,2,211.74802141530398,409.70762252266525,8,60,0,83.37645037635596,2,4,0.11819442300847882,0.45236744058285844,0,Debit Card,Premium,0
CUST000996,59,107.13787426093482,7085.191612289881,12,27,0,38.23369241800996,4,2,0.23894526904921287,0.24881688961848797,1,Debit Card,Occasional,0
CUST000997,3,34.28014792428829,93.95381175288092,8,14,1,60.667516089065,1,3,0.2234903905435545,0.35625022135247664,1,Debit Card,Premium,0
CUST000998,72,109.31918626831711,7951.718182608661,18,31,1,21.915780170046986,3,2,0.09782228026686976,0.3513700259969342,1,PayPal,Occasional,0
CUST000999,14,60.929179389674914,678.4145279919219,13,43,0,49.242138204948816,4,3,0.30081392014281894,0.1892668450935505,0,PayPal,Regular,0
CUST001000,4,97.08430608617645,383.0101079242745,8,15,1,121.8988083547066,1,1,0.20589186363780776,0.2895202984050381,1,PayPal,Occasional,0
CUST001001,18,80.44618029145997,1313.5352203994062,12,19,1,23.12629668410251,1,2,0.3936289686917073,0.14533638630238477,0,PayPal,Premium,0
CUST001002,49,26.389759361406124,1248.1564533807948,13,34,1,71.86644144531974,6,4,0.09397028471201395,0.3026855299837425,0,PayPal,Regular,0
CUST001003,31,71.32354777856102,2037.1110649302673,8,62,1,123.16044716938919,3,3,0.08510104308798722,0.4770092636120532,1,PayPal,Regular,0
CUST001004,39,32.536348559581775,1309.8904983260616,11,46,0,33.81211001781355,2,3,0.051796848031863726,0.23393812381571052,0,Credit Card,Regular,0
CUST001005,25,54.13698060049109,1333.5755502884788,15,0,3,42.58990654972932,6,1,0.1078563348020982,0.32372123821460735,1,PayPal,Regular,0
CUST001006,28,151.4307202038121,4462.12667202628,9,3,1,32.921372792410665,2,2,0.4792093079007562,0.16670063224333054,1,PayPal,Regular,0
CUST001007,45,85.24754241882839,4272.701518896674,9,57,0,82.21450159027063,1,3,0.20673648863642968,0.3147437380041735,1,Credit Card,Regular,0
CUST001008,6,121.32909437060766,885.9670674406631,6,53,1,85.98463623777235,1,3,0.21293304663321266,0.16506065932000188,1,Debit Card,Regular,0
CUST001009,16,90.44690415928999,1382.6368726632027,8,14,2,105.95701180367699,3,2,0.15380072148506382,0.40184297948864434,1,Debit Card,Regular,0
CUST001010,6,64.39977575341548,254.70920413465993,12,26,0,129.36107733150976,3,3,0.15248285183419139,0.5770489342393702,1,Debit Card,Regular,0
CUST001011,105,97.2841926338528,10636.177154851071,11,70,1,20.68211926165894,2,3,0.11101047864097513,0.16714454752252259,1,Debit Card,Premium,0
CUST001012,69,16.33045360486165,1204.658205231527,13,72,3,84.9491752297941,4,2,0.144784319142039,0.30219012859779754,1,PayPal,Regular,0
CUST001013,0,136.95978000631848,0.0,6,45,1,110.16678136075578,4,3,0.06460350861286107,0.4150672531640456,1,PayPal,Occasional,0
CUST001014,29,40.17628433119691,982.073502484095,10,7,1,100.17509240075192,2,0,0.2638562806992647,0.1294368085522048,1,Credit Card,Occasional,0
CUST001015,62,116.05279909458397,6894.38641393912,11,39,1,30.065656496357217,4,3,0.1423329129232644,0.3154860060460657,0,Debit Card,Occasional,0
CUST001016,4,62.40255926129436,230.32226407491663,10,3,1,82.9597551110594,3,1,0.8533287227618173,0.42264509884325624,1,PayPal,Premium,0
CUST001017,20,26.40658697411083,509.9429046248541,10,67,2,83.52071431391573,3,3,0.18125751321000377,0.1419603131882167,1,Credit Card,Regular,1
CUST001018,59,46.49836725214995,3108.440136667704,8,4,0,42.828729879340514,3,2,0.3451231161046467,0.6088409361876461,0,PayPal,Regular,0
CUST001019,0,116.47644721130092,0.0,7,32,2,61.03366152144844,2,2,0.4197485881220262,0.18688241053905003,1,PayPal,Premium,0
CUST001020,28,305.3991123410744,7701.278061858577,16,28,3,9.618206126517702,1,2,0.0610302548456264,0.1685280440505216,1,Debit Card,Regular,0
CUST001021,8,76.61731372473847,605.3225748278252,14,45,1,70.69222605894171,0,2,0.6174578307707667,0.43467065537947386,0,PayPal,Regular,0
CUST001022,61,282.08650956621324,19562.981528315202,10,24,2,49.436676070558924,4,0,0.12260103385885279,0.44118512614742544,0,PayPal,Regular,0
CUST001023,85,16.283426022194522,1419.5425085304691,9,1,1,55.77191121514318,4,3,0.18293414262902102,0.31915535452076627,1,Debit Card,Occasional,0
CUST001024,69,66.26624038671736,5579.977519343513,16,36,1,51.14734567473603,4,2,0.24729009651263129,0.3981903802581375,1,Debit Card,Regular,0
CUST001025,15,76.66476953537988,952.9661990641397,8,14,0,48.066576011495954,2,1,0.17375137621173445,0.21959319800982802,0,PayPal,Regular,1
CUST001026,47,120.78925256160386,5678.777649194098,9,11,1,22.922523288646044,4,0,0.32875271459358557,0.11453761394088043,0,Debit Card,Regular,0
CUST001027,44,48.05214672998513,2493.6295854573973,9,143,3,37.38043321790086,2,5,0.42923139668074506,0.17853812074664707,1,PayPal,Occasional,0
CUST001028,9,103.88013126703532,950.4047363073648,10,26,2,69.93885646027971,4,1,0.13212363995563553,0.08643968186637291,1,Debit Card,Regular,0
CUST001029,42,68.88194206380196,2625.022732387815,6,37,2,103.64231611440897,3,2,0.5705784577832778,0.45490623282176823,0,PayPal,Occasional,0
CUST001030,0,184.7563706012191,0.0,7,22,0,30.13649893993085,3,4,0.34489343256494787,0.08858938552303211,1,Credit Card,Premium,0
CUST001031,21,92.47562024866652,2136.783335695592,16,44,0,63.77298344243489,3,3,0.11241960786820591,0.3714393654819823,1,Debit Card,Occasional,0
CUST001032,6,407.91477927770615,2773.8358154519133,7,41,2,53.91909006484533,3,0,0.343309379645742,0.10756576309819708,1,Credit Card,Regular,0
CUST001033,3,69.31332964630128,236.25348527554004,9,32,2,99.77785001534971,2,1,0.06224272231308248,0.3891843136762784,0,PayPal,Regular,0
CUST001034,1,176.75657858446624,168.2776121781603,9,182,1,49.523424150266536,3,0,0.0588668977260487,0.338077174827483,1,PayPal,Occasional,0
CUST001035,28,215.3641791972537,6140.2255231379595,11,18,0,120.69428510563543,4,2,0.5058223985101331,0.07522303660278516,0,Debit Card,Premium,0
CUST001036,9,4.262460974604129,38.06034860002558,4,36,2,46.142899258442355,2,3,0.22800153329944153,0.0994009176065202,0,Debit Card,Regular,0
CUST001037,30,135.7565684413056,4786.124578830496,7,47,0,44.77909125363457,4,3,0.23029864260599162,0.4434640761274632,1,Credit Card,Regular,0
CUST001038,1,67.35807338983746,74.01043808208537,8,14,0,32.65657962815409,3,2,0.42622765540952523,0.4268920581325434,0,Credit Card,Premium,0
CUST001039,9,30.09821778586499,251.78467510104178,12,18,0,79.44611269846725,1,2,0.4599705117890954,0.4523785006650586,1,Debit Card,Regular,0
CUST001040,18,186.92981626996945,3605.7404707848423,14,104,1,113.87316163798101,1,3,0.2880553290314801,0.2814238808993789,1,Debit Card,Regular,0
CUST001041,37,50.436944113176665,1851.119875117009,14,0,1,40.04170645747904,5,0,0.19654271283359998,0.4101049355537121,1,Debit Card,Occasional,0
CUST001042,9,15.242966818401573,145.25671113090462,9,12,3,45.50652530576349,1,2,0.39228231349650555,0.46221749826317565,0,PayPal,Premium,0
CUST001043,23,94.13509340513923,1833.2434628371425,6,19,0,32.15042737194282,3,2,0.3951847721496568,0.12133824325662808,1,Credit Card,Regular,0
CUST001044,52,205.80727900546955,9534.877284523598,8,0,2,18.524472276179416,3,2,0.22710682509113753,0.31304326000466554,0,PayPal,Regular,0
CUST001045,22,30.480817544128918,793.7853694645326,6,68,0,34.51687540633599,0,5,0.35638015646774773,0.14302179777459598,0,Debit Card,Occasional,0
CUST001046,6,148.3141410735317,783.2423036923046,8,10,2,43.69374741232824,1,2,0.13692756736562137,0.30310333341446005,1,PayPal,Occasional,0
CUST001047,0,10.93859317116475,0.0,8,8,0,97.15449024124152,2,1,0.3545434339763275,0.1844705385642196,1,Credit Card,Occasional,0
CUST001048,48,215.66455150652874,10237.299960515544,7,51,3,32.98437406580926,1,1,0.189727214681051,0.2482018849915135,1,Debit Card,Occasional,0
CUST001049,0,108.670557979774,0.0,20,9,2,45.35260860767936,0,4,0.33911221417337034,0.22734479419212575,1,Debit Card,Regular,0
CUST001050,49,27.500925041603292,1136.9271223717408,10,32,0,57.91044298857245,1,2,0.38819715882336453,0.464898520463221,1,Credit Card,Regular,0
CUST001051,18,139.07505829571718,1979.7178189471258,13,51,2,26.17387798665817,1,1,0.21772206543853068,0.38724337992561786,1,Credit Card,Regular,0
CUST001052,67,52.863070216816475,3577.645063345036,9,47,3,74.88472778180133,3,1,0.2967413897368981,0.3837897237449558,1,PayPal,Regular,0
CUST001053,38,36.88285202906096,1395.8588874425238,9,45,2,44.462678518130446,1,0,0.3577428702243516,0.34649960419588166,0,Debit Card,Occasional,0
CUST001054,148,51.905935669868285,6318.193207165618,6,2,1,38.09015274808579,4,4,0.07634875169429464,0.18876305543578029,0,Credit Card,Regular,0
CUST001055,10,129.43772581110665,1325.3330361400594,11,2,1,109.69835012485402,6,2,0.23185818899540472,0.25062077344103684,1,Debit Card,Regular,0
CUST001056,34,34.782055481769206,1128.5777756364519,9,10,0,116.9885789632728,3,3,0.4654730551994569,0.31050908868445676,0,PayPal,Regular,0
CUST001057,12,6.436756586291835,83.16903424254706,10,1,2,29.30053501500288,3,1,0.3359747309392374,0.3958459602907341,1,Credit Card,Regular,0
CUST001058,15,54.16592549531556,900.9417987851649,12,20,1,83.19963840662938,3,2,0.3451377856939026,0.2673549397599666,1,Credit Card,Regular,0
CUST001059,23,192.11999715635073,4100.939095390246,14,15,0,138.28511750115638,3,3,0.19364852919804248,0.24581106787089307,1,Debit Card,Regular,0
CUST001060,49,190.39314085716796,10216.358012304632,7,24,1,48.18823717714159,4,0,0.467781359447549,0.16320941990705765,1,Debit Card,Regular,0
CUST001061,99,51.84418613397036,5012.274410144865,9,10,0,62.353646626701966,5,4,0.3907168278205878,0.3350546909587162,1,Credit Card,Occasional,0
CUST001062,35,50.30189519964817,1708.8211247477846,12,19,0,53.987224774501755,6,2,0.13107884499407058,0.2544825706351039,1,Credit Card,Regular,0
CUST001063,12,47.705511927557254,598.9335430896714,11,12,0,84.37536829144392,8,0,0.1424164677532353,0.3537791180649025,1,Debit Card,Occasional,0
CUST001064,13,45.92208155060062,569.7882461186481,16,6,0,34.10156114233159,6,1,0.6855590708188907,0.09832092071843196,1,PayPal,Occasional,0
CUST001065,32,48.6729820226644,1579.9561550753672,13,31,1,34.03446436632586,3,1,0.24282874445235364,0.24495664776372295,0,Debit Card,Premium,0
CUST001066,6,97.51676642362722,574.7174308793777,10,33,0,35.76715371248121,2,2,0.6621307804411223,0.5747437138445893,1,Debit Card,Regular,1
CUST001067,2,195.2527111255659,388.61710235510844,8,53,0,29.28604883840141,4,1,0.34284954516366817,0.470268577117443,1,PayPal,Occasional,0
CUST001068,10,34.72894636949382,455.67513842948205,16,62,2,29.226055318707324,2,1,0.19645393288939886,0.23056465222025094,0,PayPal,Occasional,0
CUST001069,8,40.92237208885127,322.26521673705224,5,36,0,49.281618304578856,2,1,0.09246491969343032,0.43695743909591406,0,Debit Card,Premium,0
CUST001070,8,105.84065381715885,771.1250065104832,11,34,2,41.799108596130296,3,3,0.2634635492068608,0.27302738981130475,1,Credit Card,Regular,0
CUST001071,6,134.69853144428154,617.8772148298265,14,1,1,65.75850880025915,2,2,0.22291501439489622,0.3413016863565962,0,Credit Card,Regular,0
CUST001072,1,19.68641023340147,20.418376144237726,11,3,0,34.74789710632875,3,1,0.10775093623392153,0.26442690347964026,1,PayPal,Regular,1
CUST001073,0,244.5935952441824,0.0,14,50,0,64.38517604625564,6,2,0.6607009782684331,0.29537398706781726,0,Debit Card,Regular,0
CUST001074,105,62.679540660579114,6116.481320568676,16,7,0,52.83435262327457,2,3,0.24632314239225023,0.2915751397735675,0,Debit Card,Regular,0
CUST001075,13,21.718552512410238,274.98075263936704,12,13,1,137.57922703034944,3,2,0.1810523211776957,0.3529138574116053,0,Debit Card,Premium,0
CUST001076,11,18.680117964701285,216.78967354023413,12,4,2,51.110086748379345,3,1,0.14126620084271477,0.26618397491348916,1,PayPal,Regular,0
CUST001077,27,17.494525452264824,438.62661310538584,8,6,1,68.08304770762854,1,1,0.2305237694866874,0.5983648993615042,0,PayPal,Regular,0
CUST001078,5,174.45390228344414,808.6970770204993,6,44,1,26.889032028846422,1,4,0.2222419133369342,0.1003786683432636,0,Debit Card,Premium,0
CUST001079,71,85.78021450980458,5669.412378436309,9,9,2,30.15247350260867,4,1,0.07361003548968385,0.6368448397794298,1,PayPal,Premium,0
CUST001080,37,175.5432646428821,7255.238445522134,5,17,0,124.3918892191864,1,1,0.20770543294958607,0.24499465993239,1,Debit Card,Premium,0
CUST001081,2,73.90374817731723,151.35153503529338,14,4,0,74.25481718555298,3,2,0.26684220203704684,0.2539883965677899,0,PayPal,Regular,0
CUST001082,12,172.20620560131022,2359.8327337489045,13,33,1,68.09040605479625,3,1,0.2707481816687282,0.3859450998718976,1,Credit Card,Regular,0
CUST001083,50,72.47317670622569,3857.831455274404,11,39,0,50.82803539301919,4,1,0.2649194684118216,0.480843987186541,0,Credit Card,Regular,0
CUST001084,69,120.42676676412916,9605.373391076997,8,13,2,55.59085440365053,3,4,0.14417978689882557,0.6297571234605249,0,Credit Card,Regular,0
CUST001085,15,77.8611489627223,1122.6113097066905,12,46,2,48.5575447646395,2,2,0.20063272424082254,0.33051861951647715,1,PayPal,Regular,0
CUST001086,22,69.07026239928766,1582.8484030093496,13,8,1,73.7496131130608,2,4,0.6266361274402837,0.48199232676277265,1,Credit Card,Occasional,0
CUST001087,4,37.94007215211384,183.28545657101571,5,35,5,53.608495114577636,6,1,0.8245052941977458,0.3161963813442572,0,Credit Card,Regular,0
CUST001088,113,132.36479585454498,16189.82274944063,11,39,0,82.41204935477599,4,4,0.19790475682886316,0.28979553949763165,0,Credit Card,Occasional,0
CUST001089,6,30.617688098581723,175.43762659782928,13,103,0,31.202985896255893,2,4,0.18763407955814265,0.3208296404593259,1,Debit Card,Occasional,0
CUST001090,68,132.2096126002759,11258.229213572853,6,7,0,51.92651948996495,5,0,0.18287470522175575,0.20798636187133002,0,PayPal,Regular,0
CUST001091,25,88.73851518157731,2262.92971620045,8,2,1,24.141703822329816,1,0,0.14011058502502086,0.4130502289375112,1,Credit Card,Occasional,0
CUST001092,22,134.70706019560805,2867.1324682070376,12,9,0,95.80577588165124,3,3,0.17576208030966547,0.429388523225755,1,Debit Card,Occasional,0
CUST001093,17,94.5604623985278,1631.1039829283877,7,3,4,70.77318543464064,1,0,0.2820102261003757,0.18339248451059362,1,Debit Card,Regular,0
CUST001094,6,185.17428761158047,1316.4065981947685,10,5,3,19.120438864810993,3,1,0.11956631277235247,0.21649342598889038,1,Credit Card,Premium,0
CUST001095,4,112.16917785661383,429.8373007440246,15,12,2,67.45105651022035,2,4,0.2201931800969855,0.33694853976164246,0,Debit Card,Occasional,0
CUST001096,5,90.15471916107859,392.55497787802847,12,16,3,48.73229034886699,6,3,0.23375670327087272,0.18166515290693278,1,Credit Card,Occasional,0
CUST001097,4,5.434623537041032,19.03404486326725,3,70,0,97.29608438581354,2,5,0.6331666388481374,0.34944584263570816,1,PayPal,Regular,0
CUST001098,36,190.28168018089391,8754.393708857453,12,6,0,91.42289457453674,1,0,0.1345337941629294,0.28360549162406445,0,Credit Card,Premium,0
CUST001099,10,17.27990536718169,152.03495082516596,11,107,0,111.61575630034031,2,0,0.5391022131171627,0.3790712536463436,0,Debit Card,Regular,0
CUST001100,1,23.843910106244465,21.74853880737886,13,49,0,83.73429568074701,2,2,0.38311097924639603,0.3027131468549255,0,Credit Card,Premium,0
CUST001101,83,143.7032354151856,11035.00486722572,8,63,1,50.50217118554521,5,4,0.5492184986194296,0.3393923350692167,1,PayPal,Regular,1
CUST001102,51,83.40500048973325,3776.5569189532043,7,79,2,61.845097841787585,1,1,0.5208410673345556,0.39734027784541776,0,Debit Card,Premium,0
CUST001103,63,18.110827240620775,1340.4662088945088,7,41,0,38.098533432149424,2,0,0.47391243667837557,0.10801804514328013,1,Debit Card,Regular,0
CUST001104,126,50.24174622007329,5744.030967943876,12,46,2,45.11616110265933,2,4,0.27809582868983873,0.2882549249511385,0,Credit Card,Regular,0
CUST001105,4,183.52238715896596,697.5917769988366,9,17,0,77.1946535145575,4,1,0.36224817719030766,0.27453769702949915,1,Credit Card,Regular,0
CUST001106,12,92.46529413691368,1121.3432911909008,15,21,0,22.871052917710394,3,2,0.16913565985177872,0.27425797594876533,0,Debit Card,Regular,1
CUST001107,34,84.98270965143544,3019.138515760704,9,80,3,67.38760337986271,4,3,0.06941744394496283,0.22780834456964477,0,Debit Card,Regular,0
CUST001108,28,45.10887941065433,1332.2424913835966,7,14,0,73.48400882335167,1,3,0.09582778690576288,0.42906471522056683,1,PayPal,Regular,1
CUST001109,4,147.27765678812256,547.5427182032813,9,1,0,79.50920215262346,3,2,0.05113801871778874,0.23494961032023995,0,Credit Card,Regular,0
CUST001110,40,75.63494211336473,3161.608966392529,10,43,0,36.49213183912665,2,1,0.5875366858638017,0.6697787093071217,1,PayPal,Occasional,0
CUST001111,6,128.5952919164596,842.1496936289643,11,25,0,121.67080831106088,3,2,0.40869975171269546,0.1718787633545155,0,Debit Card,Regular,0
CUST001112,6,41.1180435478546,228.39004327046126,8,50,0,73.11516686322301,2,1,0.1303596456304673,0.4369373471994399,1,Credit Card,Regular,1
CUST001113,18,306.486105114024,5048.2112850759295,12,2,1,93.19669270056785,1,1,0.14515426796600267,0.3619451206490575,1,Debit Card,Occasional,0
CUST001114,21,206.50945019132223,3198.6431284350983,10,29,1,22.837881419533915,6,5,0.45236982937870246,0.4244579909524953,1,Debit Card,Regular,0
CUST001115,20,91.72728168604863,1688.4628366357067,9,8,2,17.403088910168343,3,1,0.7673712856700607,0.16500618112354343,0,Debit Card,Regular,0
CUST001116,2,107.10720472103381,226.61832413346085,14,70,2,22.4420729695734,2,2,0.06637439548807157,0.24152402170505896,1,PayPal,Premium,1
CUST001117,50,50.65219847593254,2151.243170127753,20,3,0,56.064734320749466,3,1,0.24666298482240245,0.39802796062296897,1,PayPal,Premium,0
CUST001118,7,135.908071137382,859.7902469737163,11,55,2,81.11175685662785,5,0,0.4435101876438566,0.35733473750981093,0,Debit Card,Premium,0
CUST001119,3,7.289555811150024,20.869974511129165,10,2,0,43.81443754110704,5,1,0.11184844086725751,0.2662407485684463,1,Credit Card,Occasional,0
CUST001120,52,242.0937529556548,11636.217216765026,14,0,1,45.26603479601911,4,2,0.35648853608119596,0.275840060385392,1,PayPal,Occasional,0
CUST001121,74,130.37107876369961,9341.694645740543,12,8,1,12.326203574618344,1,1,0.2883282886105044,0.31801101113376407,1,Debit Card,Occasional,0
CUST001122,47,34.071249791043144,1718.0948179008167,7,12,1,45.389158291522264,3,0,0.30070838945641964,0.16505663447898822,1,Debit Card,Regular,0
CUST001123,39,238.16554851416672,10097.034085224148,12,29,0,44.27054127169319,0,1,0.42760616709977983,0.44729853594241703,1,Debit Card,Occasional,0
CUST001124,25,289.2959464965919,6350.044097224561,14,4,1,30.906399350554334,5,5,0.1151075127664087,0.2427759271323278,1,Debit Card,Regular,0
CUST001125,19,111.35581921184819,2192.4708898051294,5,17,0,38.89793655595699,1,4,0.22491738615609008,0.4624425250435782,1,PayPal,Regular,0
CUST001126,2,41.74319638440597,81.58202316829295,10,6,1,111.42175877927,4,1,0.41192039908343925,0.15219643206179995,1,PayPal,Occasional,0
CUST001127,12,86.00302674178364,1095.7451445437498,14,57,0,59.04786935115653,2,1,0.5115245599605215,0.18229222313979127,1,Debit Card,Regular,0
CUST001128,11,123.08911456862947,1547.6942033856742,4,1,0,54.138999673618365,2,1,0.472021751836197,0.2688619263156801,0,PayPal,Occasional,0
CUST001129,7,104.71652215302068,618.1492572339039,12,13,3,37.87912317972362,3,3,0.5523707340958214,0.4422952024358566,0,PayPal,Premium,0
CUST001130,30,34.07601758000542,947.0480669736248,11,29,1,65.38208300765652,4,4,0.6263985723598146,0.5527225455476725,0,Credit Card,Premium,0
CUST001131,16,121.50734081790158,1693.9781116014967,7,73,4,170.12059900665403,4,4,0.4813605304803756,0.17851039142257452,1,Debit Card,Regular,0
CUST001132,2,182.0764493857069,392.69625548538755,12,60,1,77.93008523176488,3,1,0.2794743597506474,0.0816611746456172,0,Credit Card,Regular,0
CUST001133,5,26.86332791527762,131.74209447434853,8,67,0,43.554515679325476,3,0,0.45672885316513295,0.4830073643173997,0,PayPal,Regular,0
CUST001134,27,30.122477019971498,667.3452163165232,9,1,0,47.551978096524856,5,1,0.2634997925018084,0.04713821826361312,1,PayPal,Regular,0
CUST001135,1,48.881215899549815,43.49664938003452,8,55,2,88.76905602528475,4,2,0.6372014456893876,0.49018448974087997,1,Debit Card,Occasional,0
CUST001136,45,70.26024184501138,2386.6364396344766,10,45,2,156.13455536687408,7,1,0.10707815047845493,0.0404170314488697,0,PayPal,Regular,0
CUST001137,16,149.89346999737546,2169.792555813729,9,69,1,21.48316807379777,4,2,0.8461183804324175,0.35446712787626594,0,PayPal,Premium,0
CUST001138,15,180.71253750904518,2034.786243185764,15,11,3,51.17053178949163,6,0,0.042475763921536853,0.3595096825554932,1,PayPal,Regular,0
CUST001139,21,40.13667011421975,802.2665394912832,10,72,3,47.291466731023135,8,2,0.4858237513702594,0.22069944135539268,0,Debit Card,Regular,1
CUST001140,41,96.89361099936843,3689.7406418153914,10,15,1,88.45275316104545,3,2,0.20048550218556124,0.4937292971824007,0,Debit Card,Occasional,0
CUST001141,10,175.79522439357774,1694.1266502540436,8,30,1,52.463879105937856,3,4,0.48561292255897276,0.3320417430361766,0,PayPal,Regular,0
CUST001142,27,317.89286371254275,8894.843403979285,6,16,2,94.7524572566028,3,3,0.07377334650187135,0.28534640702908937,1,PayPal,Regular,0
CUST001143,20,96.51745685335416,1749.3440239826555,10,16,0,17.736953066634165,6,0,0.3488085778545569,0.245226471317847,0,PayPal,Occasional,0
CUST001144,7,100.49468464525582,684.2508739463135,10,23,0,70.46649261127361,2,1,0.31076745145068163,0.31686441071263965,1,Credit Card,Occasional,0
CUST001145,50,111.85106187226354,5999.032349860243,9,13,0,88.48777327012496,3,0,0.7230680759240481,0.34671194040986203,0,PayPal,Regular,0
CUST001146,38,64.45879837451179,2411.8210849919155,10,47,1,15.87282248551393,2,5,0.13435171750131222,0.331614099184091,1,Debit Card,Regular,0
CUST001147,25,91.08722575883193,2404.9749365085427,12,30,0,69.39874990741785,4,5,0.36485255495301566,0.29408572380552717,1,PayPal,Occasional,0
CUST001148,45,9.954649048603189,465.91525029849146,9,35,0,24.898809965490095,3,3,0.14913528308686608,0.19060292267836598,1,PayPal,Occasional,0
CUST001149,48,50.88997461180438,2736.5060087850634,10,7,2,47.69378228602921,1,7,0.21625292332181667,0.2457525878886202,1,Debit Card,Occasional,0
CUST001150,29,120.15998914961446,3013.54550399807,18,104,1,45.04073944317113,2,0,0.21259736999227952,0.2139187975201302,1,Credit Card,Occasional,0
CUST001151,43,38.04584444512907,1369.130890841383,7,32,0,25.683018391851675,2,1,0.3740209834916978,0.127343084813505,1,PayPal,Premium,0
CUST001152,28,152.33046583597118,3901.5858910014804,11,6,1,56.41700333105888,5,2,0.25136160431305293,0.33889312371747177,0,Debit Card,Regular,0
CUST001153,27,14.82045095176483,348.4378424945908,15,41,2,44.85026855057274,3,2,0.26440153330612404,0.3357041639751191,1,PayPal,Regular,0
CUST001154,23,148.2837027748555,3748.381317150599,8,5,2,38.38307054464012,5,2,0.07432238900934296,0.2782162412319634,1,PayPal,Regular,0
CUST001155,33,148.00651341894832,4768.445950794726,9,1,1,131.8072337835685,1,3,0.18098123672392352,0.3465705782316517,0,PayPal,Premium,0
CUST001156,4,321.6030263331313,1363.5009141710195,13,22,2,89.14147012952623,1,3,0.2653234550072879,0.16025320726377532,1,Debit Card,Regular,0
CUST001157,51,62.396280327173635,3208.206094274684,12,24,0,65.67942292419283,2,4,0.17329433129245894,0.06347093047391317,1,PayPal,Occasional,0
CUST001158,49,83.46100325662289,3458.4555814509804,9,6,0,43.0962629644226,2,1,0.07471785396082095,0.4063867429125957,1,Debit Card,Occasional,0
CUST001159,0,226.6081123632055,0.0,8,12,1,18.77546657106345,2,2,0.4146595832607375,0.1424411014524497,1,PayPal,Regular,0
CUST001160,41,207.58718741190876,8687.77575154999,5,87,0,33.593815699461715,4,3,0.4621187134372732,0.15968421660989948,1,Debit Card,Regular,0
CUST001161,3,168.0400488139445,462.7221061009757,8,10,1,34.70099805747241,4,3,0.1192933256348341,0.43718127332960743,1,Credit Card,Regular,0
CUST001162,9,107.3561782744058,923.4197921550233,10,5,0,123.5775287209453,2,2,0.2071615973606443,0.39153600109023057,1,PayPal,Occasional,0
CUST001163,32,222.53326318997364,6849.377062747213,9,147,1,17.19742320409571,1,3,0.11250674598055173,0.10906808906094136,1,Debit Card,Regular,0
CUST001164,4,396.6652694734763,1505.0727541504489,5,10,0,41.98643648446179,3,2,0.11661991048344544,0.25320820004179506,1,PayPal,Regular,1
CUST001165,40,128.20941431324638,5225.703530748497,10,34,0,70.46737503270352,3,2,0.3434137273552043,0.23212779454409863,0,Debit Card,Regular,0
CUST001166,42,86.5581793830663,3580.4369621345636,11,7,0,57.6416045568986,0,1,0.21266174515325104,0.22124405245793802,1,Debit Card,Occasional,0
CUST001167,16,139.206791765292,2084.7197682233746,12,23,1,44.10613113481537,3,4,0.1513356152128173,0.403431971481889,1,Debit Card,Premium,0
CUST001168,0,95.50567069833404,0.0,14,14,1,30.67219317926795,3,2,0.23357180622339452,0.2738609730621577,0,Credit Card,Regular,0
CUST001169,8,66.92794225827944,467.8621097948281,17,97,0,68.85962434776798,5,3,0.34426005548228605,0.24221579457975784,1,Credit Card,Premium,0
CUST001170,23,152.77905734123348,3547.4165391157576,10,17,1,46.72453510832777,2,2,0.3158297529713231,0.3419450370288277,0,PayPal,Premium,0
CUST001171,95,55.175462643567144,4861.489645126348,7,26,0,124.048011411834,1,1,0.2830175005008486,0.10757758404190436,1,Debit Card,Regular,0
CUST001172,23,126.35614721137843,3435.0380449070194,11,86,3,52.968052408410706,2,2,0.2511727642488397,0.5101124002286099,1,PayPal,Occasional,0
CUST001173,7,18.960937371199808,140.4971099215316,11,135,0,133.96637359870357,1,1,0.44365718464073683,0.3179650694047633,1,Credit Card,Premium,0
CUST001174,24,249.26286324449305,6049.0805241446005,15,3,2,60.73888475846698,2,4,0.3060886903896527,0.45035880825025265,0,PayPal,Regular,0
CUST001175,18,42.822927591289606,722.9230452230217,10,53,1,40.161120270290304,2,2,0.27650153963621255,0.4182465523931842,1,Credit Card,Occasional,0
CUST001176,36,23.40683667820222,858.125731274557,9,14,1,37.90291420152747,4,2,0.25384969904917376,0.3622470206311939,0,Credit Card,Regular,0
CUST001177,2,202.81738631760246,430.4219315400714,10,27,1,51.772375068556045,3,2,0.25948172014029713,0.21151410546106558,1,PayPal,Regular,0
CUST001178,34,228.5965776599956,8215.58780505714,16,14,1,31.683897820399203,4,2,0.2171948398132477,0.3444047177692787,0,Debit Card,Regular,0
CUST001179,18,105.75930134797456,1854.5930028281914,10,15,1,29.269586213889287,6,3,0.26001159629571347,0.40026396776879947,1,Debit Card,Regular,0
CUST001180,79,77.34343910649227,6629.041967562684,7,5,1,86.77871890996553,1,1,0.1203000566943123,0.1300088819340183,1,Debit Card,Premium,0
CUST001181,10,63.63142898314449,654.5255536092506,16,25,1,67.01203816489263,3,3,0.37754807120291245,0.29137711686210377,0,Credit Card,Regular,0
CUST001182,24,101.58121775877898,2076.025772317847,13,23,3,28.427744226731953,2,3,0.24893747123868262,0.18249855586481273,1,PayPal,Occasional,0
CUST001183,64,80.75681024041053,5444.500280558967,8,6,1,75.39079105338224,3,2,0.266442812501353,0.23796664030625633,1,Debit Card,Regular,0
CUST001184,2,73.26588442575546,179.8215867217189,10,23,2,45.40658890512603,4,2,0.2765405025093971,0.4700945325613093,0,Credit Card,Premium,0
CUST001185,66,38.79921349793611,2569.8963252219137,12,108,0,67.4630350967254,7,0,0.015414186688049149,0.2643001529477457,0,Debit Card,Regular,1
CUST001186,27,29.174274512968847,919.9130097212587,6,37,2,70.73415714937079,1,2,0.23253499803856345,0.3287957880273766,1,Credit Card,Regular,0
CUST001187,1,89.10822757740743,88.18451251880279,9,19,1,35.392578465374356,6,2,0.525379076791145,0.544274980125598,0,PayPal,Premium,0
CUST001188,8,99.29949618750203,825.8840053705171,4,74,2,142.50597070997512,4,1,0.06907398557416322,0.546647068358199,0,Credit Card,Regular,0
CUST001189,29,45.04497242768208,1291.8427237252204,8,25,0,36.14034858482155,1,3,0.20000521682332992,0.33046848314233146,0,Credit Card,Regular,0
CUST001190,1,50.855552007634486,45.75129236058153,17,4,2,70.25007790138176,3,2,0.14610935487917512,0.4958667408043557,1,PayPal,Occasional,0
CUST001191,20,99.12314790861868,1821.463302958375,9,23,3,33.28162446003261,3,3,0.1474516053142274,0.437848223731537,0,PayPal,Occasional,0
CUST001192,10,37.869852182568664,360.8366545464606,11,5,3,47.00377914625069,5,2,0.8019805708279816,0.5798370575540605,1,PayPal,Regular,0
CUST001193,23,172.49015139745305,3129.3775325851952,12,43,1,49.11971650062641,2,3,0.27673234336331076,0.3407814560893606,1,Credit Card,Regular,0
CUST001194,1,122.79128506983454,133.2088192376463,9,102,1,86.16527653182422,0,2,0.28389639240284464,0.19849975816850646,1,PayPal,Occasional,0
CUST001195,49,44.67432577233085,2266.355971536001,7,13,1,59.744876683152256,1,3,0.1785315717841181,0.11492836676095154,1,Credit Card,Occasional,0
CUST001196,87,118.36368894031506,8952.249141161958,6,17,1,78.19906120221378,2,0,0.15163603695743225,0.22690481071430257,0,Debit Card,Occasional,0
CUST001197,83,38.72961577440671,2925.9378552068665,10,16,0,57.06198874452451,2,2,0.1991819458445015,0.17050032291020265,1,Debit Card,Occasional,0
CUST001198,33,148.48455700493088,5199.287153771514,12,10,1,99.38410256511644,4,0,0.34790085317733926,0.558236453658601,1,PayPal,Regular,0
CUST001199,3,40.14102434828488,122.1333553645896,11,47,0,71.57798305774224,2,5,0.24168768786650008,0.20499009183335024,0,Credit Card,Regular,0
CUST001200,34,76.16042052794356,2818.0212745708345,6,28,1,61.07175914484151,2,2,0.12366544531358083,0.26607051401206977,1,PayPal,Occasional,0
CUST001201,0,93.2394267942681,0.0,12,1,0,67.43241782934334,4,2,0.31034798705574695,0.33357280486905566,0,Credit Card,Regular,0
CUST001202,0,226.28899149848687,0.0,8,54,2,20.70992238343619,4,4,0.5233872942337701,0.24185247486589095,1,Debit Card,Premium,0
CUST001203,9,42.522316191650255,390.7340336890567,15,6,0,27.04442905114859,10,1,0.5782890488400902,0.7048995534018149,0,Debit Card,Regular,0
CUST001204,16,40.97274170434664,631.6705668354679,7,116,1,15.49566045193008,5,1,0.08979045211669005,0.288841446219583,0,PayPal,Premium,1
CUST001205,35,20.277404195700342,652.0121709025987,6,14,1,62.21779970653913,5,2,0.5062674811669876,0.21049332924662603,1,Debit Card,Regular,0
CUST001206,27,271.504865305424,6360.728708993215,5,28,2,54.912466973197816,1,5,0.3306897435989624,0.15776556048746881,1,Debit Card,Regular,0
CUST001207,14,85.60040365178018,1064.3010166547879,8,2,1,93.65473294581902,4,0,0.16910117041095787,0.23720876968700574,1,PayPal,Regular,0
CUST001208,7,175.34176287613644,1068.5101287811497,10,12,4,8.14073648312216,3,0,0.48253343081365224,0.31795676115600086,1,PayPal,Regular,0
CUST001209,140,51.633778478355694,6550.47132260423,12,48,1,53.100630239807,2,2,0.5227593560917375,0.37180649367743795,1,Debit Card,Premium,0
CUST001210,13,55.82012993357964,730.4627518898267,5,19,0,22.476084431388145,4,2,0.5212438333833246,0.09849346042405548,1,Debit Card,Occasional,0
CUST001211,14,80.40365883271915,1065.9969926218168,8,70,2,61.1452758241728,0,3,0.33908625012444016,0.3066076269939044,1,PayPal,Occasional,1
CUST001212,4,82.26841575731527,359.27395402586075,8,25,1,64.98122530695376,3,1,0.4737110270030525,0.09459396332360798,1,Credit Card,Regular,0
CUST001213,38,135.68162833262255,5552.472800514486,11,79,1,76.70774981154767,2,0,0.14440894126429457,0.24317368139941364,1,PayPal,Premium,0
CUST001214,28,87.50975251425565,2767.454738641911,4,121,1,28.31688339565574,6,1,0.35415490635370245,0.29586553816922356,0,PayPal,Occasional,0
CUST001215,5,61.56505018116331,326.30066865186495,17,18,1,18.89380873512667,7,4,0.3114175830170002,0.26408099108583477,1,PayPal,Occasional,0
CUST001216,2,274.8649565064363,638.0003516681888,8,24,1,72.65540211042605,6,1,0.09378570464003916,0.29959122361067464,0,PayPal,Regular,0
CUST001217,27,38.31552411982423,968.8218333998633,7,54,1,34.606645445253264,4,8,0.10577340252636308,0.1550245737367016,0,Credit Card,Regular,0
CUST001218,25,42.73143336859428,1055.9257726036024,13,7,3,32.82072880193211,1,0,0.37721625508411305,0.17076096179542602,1,Debit Card,Occasional,0
CUST001219,7,38.817257186595555,265.3432336708045,9,59,0,53.270083006449546,6,2,0.24084412069518943,0.1777048164264676,0,Credit Card,Regular,0
CUST001220,72,139.40179582715487,10005.712958217598,5,26,2,23.508560406375814,5,3,0.4474457408412196,0.10514206194665962,0,PayPal,Occasional,0
CUST001221,3,115.7646627799833,323.6957665557095,9,38,1,71.33436314361064,3,2,0.2575209008232502,0.2635873780364676,1,PayPal,Regular,0
CUST001222,13,73.512956791928,1026.3192976724583,8,2,0,25.99953034195847,3,0,0.21418098566953922,0.18536918531071614,1,Credit Card,Regular,0
CUST001223,69,37.011660830534275,2657.140516826175,10,43,3,30.63107569791957,2,2,0.20145830110848686,0.2979790014488267,1,Credit Card,Occasional,0
CUST001224,13,92.93856365915876,1417.3102454253246,11,11,4,41.05666016987152,1,0,0.1946784586979712,0.06408400815087457,1,Debit Card,Regular,1
CUST001225,24,153.19879228956296,3436.6421775425606,9,49,0,27.878797528102794,3,0,0.39545675480136017,0.20505883367562516,1,Credit Card,Regular,0
CUST001226,12,232.51451405087172,2899.531272355863,10,21,2,83.86834728250498,3,2,0.8505319824955134,0.3227979594779732,1,Credit Card,Premium,0
CUST001227,7,49.75349999747845,374.7301409898376,6,9,2,80.16909861341375,4,1,0.4303749117092458,0.3610982627808442,0,Credit Card,Premium,0
CUST001228,99,73.31025744486112,6450.697955404784,12,91,0,56.033052606855435,3,0,0.0697801183126271,0.608300683142071,1,PayPal,Occasional,0
CUST001229,12,114.95705319037341,1429.8650499729993,11,43,0,34.11764190664713,3,4,0.2534224509473549,0.31789058296177986,1,PayPal,Regular,0
CUST001230,53,61.05422740443775,3683.9935732680437,8,127,0,29.257369969173528,5,1,0.24606178661171704,0.4693870110159428,0,PayPal,Regular,0
CUST001231,6,23.85470024706303,139.7408112941131,10,13,1,61.0820952216633,3,3,0.12151782951170459,0.34782576333873655,1,Debit Card,Regular,0
CUST001232,5,73.60281709733694,367.3232589792293,5,31,0,29.351037256230427,1,0,0.5303588130915254,0.39937295939867296,0,Debit Card,Regular,0
CUST001233,0,27.08372975136034,0.0,15,28,1,36.09648031200694,5,3,0.19906314404658038,0.5624338434739615,1,Debit Card,Occasional,0
CUST001234,25,162.34825679546466,4006.5653495648203,14,34,2,20.548589495711113,4,2,0.24731553638908463,0.16940417099144012,0,PayPal,Regular,0
CUST001235,11,65.13102661466512,732.5914169232445,9,1,4,53.23668980326001,5,1,0.19748745623294228,0.3725829589421932,1,Credit Card,Regular,0
CUST001236,47,79.45139408729213,4003.739259665153,11,10,2,29.559012372988,4,1,0.16227918216655543,0.4997896967854913,1,Debit Card,Occasional,0
CUST001237,15,43.741280184916306,528.4339957878967,5,72,2,47.320167728874964,2,1,0.5317243390426147,0.4601338374174119,1,Debit Card,Occasional,1
CUST001238,82,81.85426423678139,6929.592071124983,3,16,0,32.318816752614914,2,0,0.16637262382384882,0.3550901523902541,1,Credit Card,Occasional,0
CUST001239,4,196.1091136336759,844.1916434370822,9,97,0,81.6671546572766,1,4,0.20917874083490023,0.4352865686686096,0,Credit Card,Regular,0
CUST001240,48,174.61090536999924,7714.186442384379,12,7,1,62.452624543963864,4,4,0.42475200709254174,0.21988994660673902,0,PayPal,Premium,0
CUST001241,35,31.37429177320425,1179.565467339883,8,178,0,22.683566716534994,3,3,0.1351263856536112,0.1585761987879629,0,Credit Card,Occasional,1
CUST001242,35,2.241156684649572,67.70209826150302,10,35,1,85.85033123437552,1,1,0.11229392207624296,0.3266171941474824,0,Debit Card,Occasional,0
CUST001243,44,74.05350450868214,3847.63438560543,18,44,1,42.69622205234418,2,2,0.3152963551267157,0.3194716357693607,1,Debit Card,Premium,0
CUST001244,34,65.49452897055706,1918.8930013853308,12,15,2,87.65681001708978,3,3,0.26434049065714144,0.4076975709989625,1,PayPal,Regular,0
CUST001245,23,62.28179128780227,1226.1525455424435,9,71,2,56.8497412341393,3,4,0.1804422778712746,0.17866798367613237,0,PayPal,Premium,1
CUST001246,3,52.526620595160786,156.65426333419788,6,23,2,42.995463034521535,3,2,0.04892213078007281,0.3967073038798332,1,Credit Card,Occasional,0
CUST001247,0,30.68068218982577,0.0,11,34,1,19.292895100211958,4,1,0.28341711030064176,0.22079515940154026,1,PayPal,Occasional,0
CUST001248,60,336.0925114465107,19638.34556415291,8,2,1,22.261096804764403,5,1,0.6712594453620138,0.3373889722409796,0,Debit Card,Premium,0
CUST001249,23,271.34300211305384,5485.430147522728,8,29,1,98.73618338810144,5,3,0.03799566830652668,0.3931707452826502,1,PayPal,Premium,0
CUST001250,38,60.11605491967119,1626.4087305807004,10,63,0,30.6994263037738,4,2,0.38350592523696014,0.3000462473678438,0,PayPal,Regular,0
CUST001251,15,91.95359833793123,1333.2860039293446,6,5,1,84.14687238904366,5,0,0.360769565939141,0.22716003853021127,1,PayPal,Regular,0
CUST001252,2,164.33955212867966,271.2138449855542,7,40,2,89.11711564625158,2,2,0.10824204828064513,0.04281295444660332,0,PayPal,Regular,0
CUST001253,3,91.72625925431237,253.65663032870006,13,0,2,69.62927689938287,2,1,0.12221811356988585,0.15508109095749856,1,Credit Card,Premium,0
CUST001254,27,56.20184952388977,1551.6006508993487,12,78,2,20.28688653908408,2,4,0.1838684389936665,0.4005211155228952,0,Credit Card,Regular,0
CUST001255,13,24.303384393436684,265.7309384764608,11,122,0,34.58281799158259,5,3,0.34418771830575035,0.35083713352060414,0,Credit Card,Regular,1
CUST001256,5,84.12485286282336,407.20649798626806,15,13,2,127.57434810240845,1,5,0.44064357716730507,0.30676788466856714,1,Debit Card,Premium,0
CUST001257,16,27.49760636363933,479.7026518591159,7,3,1,112.01158338729266,2,3,0.2378944651974754,0.25810286254104603,0,Debit Card,Premium,0
CUST001258,1,187.19415046414264,192.90655570750036,12,32,1,28.25446650147052,3,0,0.154991569506679,0.13065417689994271,0,PayPal,Premium,0
CUST001259,20,81.26718384168102,1611.31815379243,8,0,0,42.154903472560505,1,2,0.28172031518226254,0.25946150017725017,1,Debit Card,Regular,0
CUST001260,7,121.67035325239351,968.2753447956765,11,19,0,82.71197437177531,3,0,0.21883836729508,0.2951319389277392,1,PayPal,Premium,0
CUST001261,38,63.91394032231705,2473.3912173069866,7,9,1,16.44331834580393,1,2,0.25413409488042205,0.2800719628927215,0,PayPal,Regular,0
CUST001262,8,149.14710807248446,1130.0304302785312,15,19,3,80.5844253772747,2,4,0.08684453442637256,0.43038703876411283,1,PayPal,Occasional,0
CUST001263,14,48.84862505395906,769.0481234198045,9,0,0,56.63628834221854,3,2,0.21153770698349017,0.3371553946450344,1,Debit Card,Regular,0
CUST001264,0,103.57912937090674,0.0,12,1,1,201.32529844614618,1,0,0.10731828234364998,0.38455869475970533,1,Debit Card,Premium,0
CUST001265,1,61.9989325480646,47.90468379350135,15,0,3,91.47240008443475,2,3,0.16401309614170673,0.471077642458344,1,PayPal,Regular,0
CUST001266,11,69.82154052294855,816.0943402709473,8,28,3,15.329470899507067,1,0,0.14981245404264978,0.21115283022365236,1,Credit Card,Occasional,0
CUST001267,15,162.87375454087567,2234.0857932299277,9,24,2,75.22006452417958,2,1,0.34281897461330324,0.30984721434283585,0,Credit Card,Premium,0
CUST001268,21,43.441610283829824,812.9993292152845,9,7,1,103.9775306512642,3,2,0.08252130386492366,0.3509354471766438,1,PayPal,Regular,0
CUST001269,8,108.83221864116453,892.0872494971343,10,31,2,65.6166047808786,3,2,0.3211762336430299,0.5053062288227621,1,PayPal,Regular,0
CUST001270,28,202.33822289589787,6042.260052313175,13,64,0,63.40062380337233,3,2,0.5192008259929767,0.18714218260197732,1,Credit Card,Premium,0
CUST001271,47,158.8273784522354,7606.238919961461,6,9,1,63.12194184433815,1,2,0.22478569299501233,0.4328987554969846,1,Credit Card,Regular,0
CUST001272,36,50.06780364443,1442.2825689980818,13,53,1,89.90041530596429,5,2,0.3155242311130974,0.5178261750535308,0,Debit Card,Regular,0
CUST001273,0,119.77225311554885,0.0,12,32,0,61.17204940265285,3,2,0.33065457947433374,0.32292807689479647,1,Credit Card,Occasional,0
CUST001274,15,14.83510351264283,263.525204110174,5,1,1,52.046709598006146,5,1,0.23026764311757844,0.3698971547852829,1,PayPal,Regular,0
CUST001275,2,166.66017484099874,342.91131402803734,7,14,1,64.2925151101542,5,0,0.2036888727805232,0.18108655443690114,1,Credit Card,Regular,0
CUST001276,6,395.9113539778435,2207.57028402325,10,21,1,19.285611631268857,2,4,0.1669025372240837,0.16665271654314587,0,Credit Card,Regular,0
CUST001277,103,104.37742850067198,11578.021952204452,12,39,0,52.685460919739775,4,2,0.4738761899945507,0.32863718275089104,1,Debit Card,Premium,0
CUST001278,3,209.08335549480782,596.9671980007258,12,10,0,39.3376293109623,5,1,0.2909373649198364,0.5468895568590301,1,Debit Card,Regular,0
CUST001279,16,23.168420427911784,401.28227863472404,11,121,0,91.63069970097683,2,3,0.13023025298478003,0.39118287099946036,1,Credit Card,Occasional,1
CUST001280,23,33.89383660405184,888.2584963908128,9,34,1,29.85724440698954,1,4,0.5139493153338663,0.4641418793904537,1,Debit Card,Regular,0
CUST001281,29,63.72235442885108,1860.653738714827,17,13,1,51.59366971881901,1,3,0.30749510048244016,0.20898975353877472,1,Credit Card,Premium,0
CUST001282,19,73.55453677417229,1513.4482767165566,15,3,0,32.14273845540998,2,1,0.3217564723381799,0.13955916475425656,1,Debit Card,Occasional,0
CUST001283,0,104.85959799941378,0.0,8,6,1,62.94820890633997,1,6,0.33842236613203813,0.4245732539583791,0,PayPal,Premium,0
CUST001284,9,50.275883275522496,410.00583859887314,11,20,3,122.78057893449308,3,1,0.2930617138998741,0.5373162466859999,0,PayPal,Regular,0
CUST001285,17,92.67689974348542,1521.2248314719989,11,20,2,75.75283347211823,1,2,0.2663181197303729,0.1573825086087583,1,PayPal,Premium,0
CUST001286,2,162.65275190015382,367.823955722928,10,43,0,76.37689727455307,3,1,0.40697812768827085,0.6362579262112833,1,Credit Card,Occasional,1
CUST001287,10,119.45923369110358,1236.7695988570763,11,38,3,25.138656180803945,2,1,0.4896426241156023,0.4413463003376286,0,PayPal,Occasional,0
CUST001288,0,62.06391864526708,0.0,8,6,1,62.3057204366811,4,1,0.1928406598995953,0.3634568676552394,1,Debit Card,Occasional,0
CUST001289,1,140.9750021021063,130.47853170341645,4,27,0,36.83746831788076,4,2,0.15488877365934545,0.3224865221334384,1,Credit Card,Premium,0
CUST001290,12,59.91781590301638,664.0878496249823,18,0,1,46.60855401421515,6,3,0.31921123622546116,0.36632364341961743,0,Credit Card,Regular,0
CUST001291,3,88.90947315749492,254.41559682329,11,15,1,41.850072953882375,2,2,0.45423131748398343,0.43812527124546563,0,PayPal,Regular,1
CUST001292,20,156.97744263701287,3308.4981716895977,12,43,0,30.375604219793473,3,3,0.4300571683391949,0.22342341987230663,1,Debit Card,Regular,0
CUST001293,28,72.03914998776966,2164.391714986564,8,15,5,58.171219981970395,4,0,0.3302164775530671,0.1928025711334459,1,PayPal,Occasional,0
CUST001294,38,27.11310112953285,824.8234764813926,8,54,2,63.09789449201381,2,1,0.22728196914416476,0.24251863075096666,0,Credit Card,Occasional,0
CUST001295,5,87.04991560375186,399.7488404348393,14,112,2,84.50807700422357,3,3,0.25269043235459604,0.391561432261769,1,Credit Card,Occasional,1
CUST001296,4,157.93002308727478,659.9315015412146,4,28,2,95.49313137002555,3,2,0.2115970877816913,0.20932475767970588,0,Credit Card,Occasional,0
CUST001297,2,167.92537677800405,326.0376243858127,7,4,1,72.34493337792917,2,4,0.3440956942681749,0.2596104324431186,0,PayPal,Regular,0
CUST001298,24,32.60787818598037,901.9853916525545,13,14,1,24.845520009501,3,2,0.20726215433586204,0.23295914403984738,1,PayPal,Regular,0
CUST001299,29,137.0702658134624,4092.6060154124207,13,0,4,36.931205058967315,4,3,0.3778408290590197,0.3784980094839584,1,Credit Card,Premium,0
CUST001300,0,68.70034963098902,0.0,10,27,0,53.73263397315245,3,2,0.14715848206601725,0.06177889920170053,1,Debit Card,Occasional,1
CUST001301,66,218.39793058131423,13458.67320963054,11,51,1,92.72539674140027,3,2,0.32761885643364597,0.5022572135176725,1,PayPal,Occasional,0
CUST001302,1,27.675192838827112,24.250878087355023,16,29,1,65.27041895494314,2,2,0.18651889047249431,0.19907983637364002,1,Debit Card,Occasional,0
CUST001303,18,135.27141208824617,2285.964796939993,10,46,2,87.28201727574138,5,2,0.17309866321866457,0.5424544200578938,0,Debit Card,Premium,0
CUST001304,29,62.89368443674175,2019.2166544672048,4,48,0,105.79494670302537,1,6,0.38781370526242437,0.43940325406698794,1,PayPal,Regular,0
CUST001305,49,50.951448308051525,2462.120256147714,7,57,1,100.73619530789745,2,0,0.22261449764574234,0.5611666780756841,1,Debit Card,Regular,0
CUST001306,30,161.81121546011389,4993.533532320419,7,9,0,31.941003972719034,4,1,0.21076071552840267,0.16724897960203555,1,Credit Card,Regular,0
CUST001307,38,179.37683606693233,7441.239560959301,10,61,1,27.078504507319128,3,3,0.2957491318822142,0.39823252877677534,0,Debit Card,Occasional,0
CUST001308,9,10.24254195097081,89.1150988110571,7,31,0,71.30456979255163,2,1,0.19637754027210882,0.4116393769008106,1,PayPal,Premium,0
CUST001309,40,163.79255917770038,6724.163231579288,9,10,0,89.61556586973217,0,2,0.7299249392088852,0.5412069162626555,1,Debit Card,Regular,0
CUST001310,2,78.99275329294292,157.76249994802913,9,130,4,20.71719232766613,3,1,0.22323812504592058,0.346168617234766,0,Credit Card,Regular,0
CUST001311,54,85.2046227377253,4331.454573900436,10,89,0,48.651793651556694,4,1,0.3435611143670714,0.5263396116574727,1,Debit Card,Occasional,0
CUST001312,19,26.19570254813021,445.48249984029053,3,25,0,88.01584393418155,6,3,0.3220262121204576,0.4520995448210272,1,PayPal,Regular,0
CUST001313,40,129.049234051233,4959.158355574428,9,55,1,29.444491464560123,3,2,0.3641525013835164,0.34537254969106984,0,Debit Card,Regular,0
CUST001314,14,341.48354971587435,5330.384635934625,14,9,1,58.750398118847315,4,1,0.5993081690543148,0.357587005803037,1,Debit Card,Regular,0
CUST001315,24,53.64076033765271,1266.636861830589,8,16,0,66.60257902718891,2,3,0.1921132602323623,0.18687852669165078,1,Credit Card,Regular,0
CUST001316,17,190.995731224759,2901.140991954656,16,6,0,18.164754832040945,4,3,0.37832891653817824,0.1954867585067411,1,Credit Card,Premium,0
CUST001317,31,82.83799548588992,2205.7514090754994,10,22,1,79.32373552793177,3,1,0.22188992626098053,0.10823296519906156,1,Credit Card,Regular,0
CUST001318,2,55.459986392982465,112.36107080941841,7,20,1,86.65024774215249,4,2,0.1928487812184801,0.27812912533164663,1,PayPal,Premium,0
CUST001319,1,21.361099591940864,19.155481667018538,12,7,1,56.326577871183225,3,4,0.24403983367252352,0.3324493538671113,0,Credit Card,Regular,0
CUST001320,6,209.35457709901436,1352.9203516132914,11,33,0,17.06043939209035,3,0,0.3520430222429237,0.21205233199117532,1,Credit Card,Occasional,0
CUST001321,4,90.7145012807389,385.8892531378502,9,3,0,39.01621667006388,3,2,0.34514366428795873,0.25911650863741487,0,PayPal,Regular,0
CUST001322,49,57.870577764443155,2892.8639287544247,10,1,0,92.03250193657247,1,4,0.4838675928696122,0.35971499744874597,0,Credit Card,Occasional,0
CUST001323,5,66.05934488912442,355.14028893831556,4,14,0,32.50957400949751,6,3,0.17602299578551212,0.4313700350596184,1,PayPal,Regular,0
CUST001324,89,136.3605044381064,12346.364132358884,10,15,1,101.41509956706855,6,2,0.07055819957973761,0.264292976410809,1,Credit Card,Regular,0
CUST001325,9,57.792487665606714,582.0065383148345,14,11,0,50.078762830513256,0,0,0.38471881071911096,0.42092242129345625,1,Debit Card,Occasional,0
CUST001326,4,36.716695141871284,155.6095445269296,13,8,2,80.50908679033128,1,2,0.22286412279461054,0.39276103649886274,1,PayPal,Regular,0
CUST001327,37,76.20940877576633,3423.8752912811706,11,12,2,27.751537444294602,4,2,0.15665232011441133,0.31371632764258206,0,Credit Card,Regular,0
CUST001328,25,74.39986532841168,1712.405242453078,7,5,1,122.83604086228713,1,0,0.42654606452708893,0.1698432309383418,1,Credit Card,Premium,0
CUST001329,16,73.12516877890772,1178.3252872798446,7,15,0,36.33614496366283,5,1,0.675225609723181,0.14623411163082428,1,Credit Card,Occasional,0
CUST001330,19,58.42756765858025,986.6045274623648,14,70,1,47.01889838987551,3,2,0.06831219727577524,0.30899510363963983,0,PayPal,Occasional,0
CUST001331,30,195.44059114312674,6137.890951448234,13,7,0,44.9668352817503,3,3,0.6523028391040464,0.34599110612938366,0,Debit Card,Occasional,0
CUST001332,6,422.40013728272123,2643.4266844424974,11,34,3,9.939173509486771,4,2,0.2249352429670469,0.32248220129308725,1,Credit Card,Occasional,0
CUST001333,134,32.68416350683029,4339.517616861106,11,4,2,48.82095357649579,3,3,0.04186726472581315,0.21509890128831283,0,Credit Card,Occasional,0
CUST001334,88,8.308102215454122,745.153324289279,7,13,1,31.496963948378458,4,1,0.4924646247551596,0.4961271079113509,1,Credit Card,Regular,0
CUST001335,25,69.05035016181557,1450.2864373502882,12,11,0,57.02347700828654,3,2,0.7181307190358982,0.15567618074763878,1,PayPal,Premium,0
CUST001336,5,9.6999489037521,40.85689593187363,13,82,1,64.46638554579296,4,4,0.23788913527956074,0.36896688953847495,0,Credit Card,Occasional,1
CUST001337,27,19.18736860460639,541.887317858221,8,16,0,32.763582449265215,2,1,0.06715214153877633,0.18389388303473908,1,Debit Card,Regular,0
CUST001338,1,54.43179798517826,61.77992477866089,14,35,0,33.4642168915935,3,2,0.4095575735948758,0.3396144128043487,0,PayPal,Occasional,0
CUST001339,0,135.6716132789423,0.0,8,27,2,35.842938517375316,4,1,0.11015538118626245,0.14490076828889373,1,Credit Card,Occasional,0
CUST001340,7,68.42236866242126,516.2689744476033,16,4,3,58.72754085262148,4,1,0.7218416239053913,0.27590435903780075,1,Debit Card,Regular,0
CUST001341,14,5.567172295469859,82.69021541913128,11,84,3,43.731779932670925,3,5,0.18558857238563656,0.33711453219317317,1,Debit Card,Regular,0
CUST001342,48,67.71148998860656,3596.3370919010204,10,12,0,33.42503498329572,3,1,0.6208467470193545,0.2635040955483756,1,Debit Card,Occasional,0
CUST001343,31,71.78573704695651,2191.621190874722,13,1,3,42.29180282141165,5,3,0.37722381889650247,0.11862174029209531,1,Credit Card,Premium,0
CUST001344,32,72.73578641716492,2064.0375352747124,14,10,0,91.11978171135146,3,1,0.33470039797856516,0.48502336656541617,1,Credit Card,Occasional,0
CUST001345,13,176.25273650584597,2431.2811883548793,13,12,1,56.597611420542826,5,1,0.15843995209492892,0.21930279814811263,1,Credit Card,Regular,0
CUST001346,10,156.61622817151064,1541.325602684207,9,2,1,39.877063337569524,4,1,0.4312947150955791,0.37554139851687823,0,Debit Card,Premium,0
CUST001347,11,88.08473001086979,855.0833557327473,11,29,1,103.47581546531545,3,2,0.38453761408337306,0.0995209253064892,0,Debit Card,Regular,1
CUST001348,105,299.2405876248552,31661.036612011238,4,12,1,69.30518775946096,3,1,0.1413933886558726,0.2518209865384845,0,Debit Card,Regular,0
CUST001349,0,54.30641941147122,0.0,11,29,2,18.433828104992923,10,1,0.12456393359645719,0.2092271516949019,0,PayPal,Premium,0
CUST001350,48,75.43045249388263,4233.285601973444,10,0,1,78.99530872543313,4,3,0.6863150701735249,0.46662180298067385,1,Debit Card,Occasional,0
CUST001351,20,81.76831325766591,1576.1302743336475,9,120,0,128.4204087938978,4,0,0.30817692261836765,0.06377074951362911,0,Credit Card,Regular,1
CUST001352,13,21.114503060485053,247.82151674383928,13,5,2,81.73270957227965,3,1,0.2868546830905302,0.19113318917616426,1,PayPal,Regular,0
CUST001353,31,83.0880186723529,2596.652614472403,8,32,1,37.42858566322826,1,3,0.2635544747883651,0.12760262309797948,1,PayPal,Occasional,0
CUST001354,16,17.065112329349468,247.57603928300813,14,37,1,50.11196678939729,5,3,0.0954486626231392,0.42276086814745173,1,Debit Card,Premium,0
CUST001355,49,47.37179871684821,2424.2785222729945,11,5,0,17.171677437516497,5,0,0.307014640142786,0.32218386361494034,1,PayPal,Regular,0
CUST001356,55,91.10446423373361,5656.630168622007,15,3,3,76.43912879290049,0,3,0.11191599190091628,0.3100238385612981,1,Debit Card,Occasional,0
CUST001357,13,24.846700917018055,318.1099766374438,9,4,2,46.960747783497766,1,4,0.3504269709112871,0.35463344633246335,1,Debit Card,Occasional,0
CUST001358,7,106.50994154424274,920.4117096216233,8,8,0,35.534793245972025,1,0,0.3304884909716431,0.6171482344388097,0,Credit Card,Occasional,0
CUST001359,21,41.05902751536855,897.1738224752046,12,5,2,48.00403365267299,2,0,0.32579544537290456,0.3320709723587656,1,Debit Card,Regular,0
CUST001360,58,61.88749979181245,3401.859445489954,14,33,1,18.7428741777746,2,3,0.23992701530061072,0.17583880670014268,1,Debit Card,Regular,0
CUST001361,5,120.30595867531517,677.4904433099532,14,16,1,20.24636362733446,4,3,0.3396404617491415,0.2522119189207268,0,Debit Card,Premium,0
CUST001362,23,78.13584276827955,1639.568870854567,11,23,1,24.730100813540513,4,1,0.12725959509919768,0.19224223817903613,0,Credit Card,Regular,0
CUST001363,23,104.72113601829469,2526.7029997803625,11,1,2,10.501895720313374,4,3,0.2942025977474421,0.5681253738104337,0,Credit Card,Premium,0
CUST001364,31,115.04293235920116,3691.8161999512367,9,59,1,38.2155871330048,3,2,0.23363446789336278,0.2300154153058556,1,Credit Card,Occasional,0
CUST001365,3,77.1471774744013,224.95646147795318,10,5,3,29.009096093190117,3,3,0.1204404886043912,0.2172713871862771,0,PayPal,Occasional,0
CUST001366,30,109.15026152290339,3764.2570478674493,8,13,1,93.30183158424444,5,4,0.3511303775920119,0.19442306966937994,1,Debit Card,Regular,0
CUST001367,57,46.68754494841441,2589.838847990538,9,2,1,27.26595106305559,5,2,0.4365520060314276,0.2607463736341235,1,Debit Card,Regular,0
CUST001368,4,119.2515743357093,475.4943414832557,11,4,2,72.16097682554883,0,3,0.12831936296413446,0.2575833002621125,1,Credit Card,Regular,0
CUST001369,6,69.40360723772679,417.97779742701874,9,32,0,32.20121081548891,3,1,0.18522842957229332,0.5144124698257239,0,PayPal,Occasional,0
CUST001370,85,198.8645483065256,17510.707059915807,7,35,1,57.90439191714947,5,1,0.3108514710580534,0.2059719370865785,1,Credit Card,Regular,0
CUST001371,4,92.5389624093516,337.6205314086346,6,33,1,106.1036508832097,3,3,0.43402399405889824,0.09910696404277765,1,Debit Card,Premium,0
CUST001372,46,52.60610658664247,2592.3735897203774,11,24,1,24.835168270078533,4,4,0.3607391940326752,0.10127584466382301,1,Debit Card,Occasional,0
CUST001373,16,120.75328232099665,2119.62245989155,7,91,1,114.88640949670413,3,1,0.25824976191709537,0.17176627276899217,1,Credit Card,Regular,0
CUST001374,6,204.70865284028847,1264.4126151624403,13,21,1,79.1309794894312,6,3,0.5102522513051915,0.47551649741517454,1,Debit Card,Regular,0
CUST001375,49,56.69860126901699,2858.3247352879534,13,17,1,64.61783164005536,1,4,0.24785233898430278,0.45801365641285324,1,PayPal,Occasional,0
CUST001376,14,48.98353746240155,610.5086186898702,13,8,2,56.58500502515086,5,1,0.06245731306750375,0.08635482674420893,1,Debit Card,Regular,0
CUST001377,17,2.8343760103745574,51.48922443331121,9,3,0,50.64264050339274,3,1,0.055697251742496956,0.4138820769339419,0,Debit Card,Premium,0
CUST001378,10,92.36798366365356,796.279954824028,14,23,0,88.27365204331115,2,0,0.49592730726247525,0.3637268180871916,0,PayPal,Regular,0
CUST001379,21,63.99904095443022,1466.5895096468134,9,11,0,50.59423368358143,6,1,0.08858819201475739,0.3813750008657342,0,Credit Card,Premium,0
CUST001380,4,120.39390798039256,460.6000049523407,17,22,1,44.52810093022304,6,3,0.23824267269313054,0.2894408971428379,0,Credit Card,Premium,0
CUST001381,11,122.25974355428806,1197.497501829348,8,6,1,74.0782648378334,2,0,0.17851506648212376,0.349000698287775,0,Debit Card,Occasional,0
CUST001382,83,22.135680050776614,1985.2744778917177,8,54,1,32.02442846232048,4,1,0.05475521628407248,0.5512622691362741,1,Credit Card,Occasional,0
CUST001383,7,156.14332394639538,1078.7625311500299,10,243,0,133.48279897036574,0,0,0.22451576720251248,0.30537565873062994,1,PayPal,Regular,0
CUST001384,25,43.0209192772108,995.0139997915633,9,11,3,63.72010636952769,2,2,0.3108865649849106,0.38338509667523724,1,Credit Card,Regular,0
CUST001385,9,56.9640153680986,500.1943712632088,6,55,2,46.89650804135474,1,1,0.2354269023660865,0.16938731988656724,1,Debit Card,Premium,0
CUST001386,35,106.95562640266247,4227.210073346891,16,61,0,46.363507730558425,4,4,0.229840643653038,0.21737747331442644,0,Credit Card,Occasional,0
CUST001387,3,30.638737260750155,77.77740769557039,5,166,2,43.349773994148464,1,1,0.245292431868484,0.34737667393084964,0,PayPal,Occasional,0
CUST001388,84,49.417254577432466,4437.841931894966,13,12,0,68.96649617317779,1,0,0.49184941441875346,0.37851867874449086,1,PayPal,Occasional,0
CUST001389,14,27.952690270722997,430.749857155799,9,42,2,57.52757867511909,1,1,0.06248280699542076,0.29437818979970753,1,Debit Card,Regular,0
CUST001390,6,165.5730654238513,996.1549188161056,8,7,0,49.16282309939136,2,3,0.33140437247112836,0.18253158340916903,1,PayPal,Occasional,0
CUST001391,1,61.09232163309086,66.73105225823602,11,29,2,99.54571018800866,3,2,0.13249827564511116,0.535309438059028,1,Debit Card,Occasional,0
CUST001392,4,25.314168077374237,101.4422656577424,8,36,2,109.50404289903105,1,1,0.6230013287037586,0.19791597595427313,0,Credit Card,Premium,0
CUST001393,17,27.157074823177723,505.5549521188654,11,40,2,26.12920919311501,6,1,0.04621362886734535,0.3160086243512978,1,Credit Card,Premium,0
CUST001394,9,147.23221496764762,1483.9817806540245,15,6,0,45.92197475116166,5,1,0.0486331132802564,0.20958338987643257,1,PayPal,Premium,0
CUST001395,42,39.63778744741006,1630.0427170030691,15,56,1,40.37270167256756,1,0,0.1822018532687679,0.5594461291858744,0,PayPal,Regular,0
CUST001396,13,55.88313183619458,746.7607060523986,8,16,1,37.44319960424874,1,2,0.1211383271055247,0.035295054297344856,1,Credit Card,Occasional,0
CUST001397,6,85.78238733975834,494.0119444417641,8,7,4,39.89948454610832,2,2,0.11174381768344391,0.10675174949897583,1,Credit Card,Regular,1
CUST001398,23,64.62593023905487,1561.4865568120263,5,23,0,27.24388161519674,3,2,0.06590090743243435,0.21950525170135188,1,Credit Card,Regular,0
CUST001399,29,12.23712078186137,333.7234708586656,12,59,2,79.87881497827694,3,2,0.6738780051294163,0.5575361078580247,1,PayPal,Occasional,0
CUST001400,4,129.7526605650233,565.8477459520451,9,102,1,45.9498919219228,3,5,0.06560111452578256,0.232038895645588,0,Debit Card,Regular,0
CUST001401,4,68.55302317196843,274.08648998724664,15,41,2,54.86692704057808,2,2,0.38029111104521124,0.32130015314724286,1,PayPal,Occasional,0
CUST001402,0,103.84175700419165,0.0,12,0,2,80.55155202141768,5,0,0.07742683943944369,0.5118309862063337,1,Credit Card,Occasional,0
CUST001403,31,136.5673634172517,4351.70526863559,7,4,1,26.66459734336258,1,0,0.08729470815316813,0.2970270488542874,1,Credit Card,Regular,0
CUST001404,26,9.013367930252567,221.87461680540008,11,2,2,57.946625218856305,1,2,0.6386713945048949,0.2677367093996286,1,Credit Card,Regular,0
CUST001405,15,137.4596037552009,2377.3340455169555,11,3,1,22.008265727018465,6,1,0.09854867436844002,0.18045161069640991,1,Credit Card,Regular,0
CUST001406,44,371.0131535828089,16091.055899138108,15,14,1,22.355449997012983,1,4,0.5576595918360734,0.18623056251418896,0,Credit Card,Occasional,0
CUST001407,39,112.08999405537739,4574.974960980629,9,12,1,51.752120462005436,4,4,0.035103454891780024,0.4348277197659938,0,Debit Card,Premium,0
CUST001408,21,200.99371044778286,3866.6321445493154,11,3,0,50.08754671176146,2,2,0.07114612309030974,0.39641317124467,0,Debit Card,Premium,0
CUST001409,48,161.72860944924759,7072.080914643405,16,64,1,26.78604061306414,5,1,0.5115862165261623,0.0639206605308301,1,PayPal,Regular,0
CUST001410,5,133.92230934459468,764.3830831725487,10,28,1,93.0451646096065,3,1,0.0917063343352436,0.6624395708077034,1,Debit Card,Regular,0
CUST001411,2,165.70489576231918,325.1762622950823,4,47,1,12.104035952681432,3,3,0.10383688572116816,0.2657096988126082,1,Credit Card,Regular,0
CUST001412,7,185.27324656229644,1166.8743722058857,15,13,2,26.291546547779685,4,1,0.42222248811996194,0.12804608658389827,1,Credit Card,Regular,0
CUST001413,1,190.30845789629274,217.45405376953144,10,15,2,40.42034521601431,4,4,0.23635495732584474,0.2859511468628949,0,Debit Card,Regular,0
CUST001414,18,27.08374319038393,535.6649191417953,11,11,0,34.20055370587369,0,2,0.32875354212898544,0.31575598774815467,0,PayPal,Occasional,0
CUST001415,66,172.7547524078351,9019.886476122163,8,17,1,24.393262771790084,6,3,0.16005854730374483,0.3153047622306247,1,Debit Card,Regular,0
CUST001416,0,67.76171101034765,0.0,6,28,2,149.19123113324758,2,1,0.298027735816644,0.4951607280027267,1,Credit Card,Regular,0
CUST001417,3,194.9702092894067,550.8668145030955,7,20,0,82.2898643540214,1,2,0.5479794524082262,0.16446489644668008,0,Debit Card,Occasional,0
CUST001418,14,119.24888944762353,1554.4461281695208,8,54,0,45.01144314371465,3,3,0.2431376428892117,0.4134277474807897,1,Debit Card,Occasional,0
CUST001419,65,26.68720041203459,1820.0647059099663,7,69,3,98.6488377967541,3,4,0.23801021612437312,0.10506119990004942,0,Credit Card,Premium,0
CUST001420,9,213.26622428541623,2022.2296577611523,5,19,1,90.88823640685283,2,2,0.2714612776686592,0.18470921327821527,0,Debit Card,Premium,0
CUST001421,16,43.20634361946416,784.6585826078173,11,8,2,34.599065427873114,3,3,0.17641985386005712,0.3921325886939992,0,PayPal,Regular,0
CUST001422,1,65.09985382326275,65.29970110932057,11,87,0,46.59608942950274,0,0,0.3936717432163338,0.6190099357428359,1,Debit Card,Regular,0
CUST001423,3,247.26042420050396,816.9914483204061,6,39,1,51.103972160032484,2,1,0.613112908225682,0.13351970576154537,1,PayPal,Regular,0
CUST001424,103,93.00104827227807,8784.759315634916,9,30,0,80.2587633795439,1,2,0.21828052291505426,0.2925009385962131,1,Credit Card,Regular,0
CUST001425,80,62.819560914062755,4669.395625049624,10,41,1,67.1923688248889,4,0,0.2987303200591811,0.06856379378159119,0,Debit Card,Occasional,0
CUST001426,0,78.58980803534425,0.0,9,2,0,47.06859749352992,3,1,0.003354459038974747,0.10284528077319006,1,Debit Card,Premium,0
CUST001427,72,61.731877932124526,4237.209820240996,22,2,0,35.80637917658658,6,4,0.35735356940404794,0.12406230721968571,1,Debit Card,Regular,0
CUST001428,24,147.0373646828114,3435.9364477489016,10,4,1,49.66219712738699,3,3,0.1689212765477168,0.4586963512306953,1,PayPal,Regular,0
CUST001429,48,63.29372121578666,3068.1559238750974,9,4,1,24.034444843572427,3,2,0.009763841078149746,0.3001040558398167,0,PayPal,Occasional,0
CUST001430,14,80.69340632261192,1120.1744186771105,7,16,0,29.531035257379365,1,1,0.31098396159636355,0.2122617310979247,1,Debit Card,Premium,0
CUST001431,17,126.56731796966656,2441.493093636111,9,5,0,44.10767228476496,3,1,0.2718115768234371,0.15739709138112634,0,Credit Card,Occasional,0
CUST001432,16,116.6959143370207,2033.228512577534,11,57,1,48.0744063206193,3,2,0.14478348342891878,0.36699078714627026,0,Credit Card,Occasional,0
CUST001433,26,46.44662254998841,1236.7079383232356,7,25,1,126.06040878632274,2,2,0.13611269826238667,0.3053913332010452,1,Debit Card,Regular,0
CUST001434,3,148.28995648259212,406.7686415149528,14,13,1,30.17773757441809,1,0,0.49360158591394737,0.3924818384439565,0,Debit Card,Regular,0
CUST001435,0,54.23642138211488,0.0,14,2,2,13.986265962945623,6,2,0.31330053505555316,0.36802688401286604,0,PayPal,Premium,0
CUST001436,8,33.19655865903759,275.1099528181348,14,26,0,37.56222155214836,2,2,0.5167213831391111,0.1972853531422048,0,Debit Card,Premium,0
CUST001437,29,13.706380242611457,433.1566548229223,8,3,1,33.590944942789,2,4,0.5545767837699586,0.4378870693531423,1,Credit Card,Regular,0
CUST001438,5,72.3933168536982,355.8880004443043,13,40,0,43.36007846614862,5,1,0.6250321132853248,0.10626435354581674,0,PayPal,Premium,0
CUST001439,26,17.30632380000941,420.39875869024286,20,48,1,39.22369077674321,4,4,0.3156351656094922,0.35619318130145444,1,PayPal,Occasional,0
CUST001440,84,40.90294072218473,3007.705477815101,4,23,1,47.43705906059002,3,1,0.06321486579297303,0.41255004833246073,1,Debit Card,Regular,0
CUST001441,2,82.29051596316486,163.4769913423629,9,4,1,80.38755939638754,2,4,0.25512067333728694,0.22531663066037783,0,PayPal,Occasional,0
CUST001442,26,182.53176426691894,3992.843417942992,11,46,1,56.31017254015185,3,1,0.23310598742335095,0.454281830736854,0,Debit Card,Occasional,0
CUST001443,14,66.50670186647575,836.906676533449,9,11,0,33.15728744066395,5,3,0.18845567886100056,0.23181311239867602,0,Debit Card,Regular,0
CUST001444,48,21.61894710332263,1043.3658874286614,4,7,0,13.34123890792339,4,2,0.2652645030201348,0.28423256453829543,1,Credit Card,Regular,0
CUST001445,4,76.54607824179686,350.5781644494217,9,19,0,67.74283897736461,6,3,0.2122278221802987,0.24293411125266942,1,PayPal,Occasional,0
CUST001446,28,177.7048571486306,4597.194775889307,11,76,0,82.19968761378541,1,1,0.6679884543898368,0.4072353441866731,1,PayPal,Regular,0
CUST001447,43,65.27130803267471,2922.5403436133515,7,10,0,39.00806765623245,1,0,0.4595823462421588,0.13709482544080218,0,PayPal,Regular,0
CUST001448,69,203.92220158430138,14510.563317016718,6,70,1,117.74294471799237,2,1,0.5941286183265174,0.3312779608517053,0,PayPal,Regular,0
CUST001449,27,81.93043333191541,2334.866024406162,11,1,2,66.08954561920564,3,0,0.3258087976760686,0.23502009041988245,1,Credit Card,Occasional,0
CUST001450,16,137.82861112328428,2163.4490128359207,19,2,3,55.10566134874403,2,1,0.3465697872316167,0.42824792882337376,1,Credit Card,Regular,1
CUST001451,23,98.24011850139833,2095.294933117563,8,35,0,45.89551212024421,1,2,0.10706351451816157,0.3086383632225557,1,PayPal,Regular,0
CUST001452,48,197.28641936308077,9201.105969909946,6,6,1,83.18943083722459,1,4,0.18373898276567333,0.3922876105976688,1,PayPal,Occasional,0
CUST001453,20,312.3224977629399,6426.683973124888,13,11,0,113.57857856097513,3,3,0.47592926274012715,0.3672970705353911,0,Credit Card,Regular,0
CUST001454,0,56.539441185645025,0.0,16,4,0,110.13433185122395,2,1,0.2954833800868764,0.3630248759001394,1,PayPal,Occasional,0
CUST001455,64,94.00678990071737,5716.237518808388,7,12,1,50.54202929090316,4,3,0.2852595707590541,0.4229191215395625,0,PayPal,Regular,0
CUST001456,28,182.44173158295806,4975.800613611843,9,9,1,109.65653542515925,3,0,0.22811710058639825,0.1878265467332849,1,PayPal,Regular,0
CUST001457,27,100.8084823805056,2733.419573653147,9,39,1,32.47745649434539,3,1,0.24714569662130403,0.06137739023307406,0,PayPal,Occasional,0
CUST001458,5,12.906651472279867,56.035283691366025,4,36,0,76.20084161088401,0,0,0.5539891588974588,0.40545320195963974,0,Debit Card,Regular,0
CUST001459,25,66.09634230410492,1674.505700574418,11,92,4,30.022998016417883,4,0,0.3204464754013414,0.22539332320784206,1,Credit Card,Regular,0
CUST001460,12,100.17234856874889,1261.563719227175,18,38,1,71.30648510934823,4,2,0.26134663809998543,0.5161471824121517,0,Credit Card,Occasional,0
CUST001461,25,234.40535434071558,5558.716736882395,11,35,1,71.1682263656389,3,3,0.431974850141842,0.050213199061391496,1,Credit Card,Regular,0
CUST001462,2,90.19695373459082,193.77467744674456,13,35,0,39.03516181038472,4,2,0.17810321559700268,0.4714322135185897,1,Debit Card,Premium,0
CUST001463,25,38.458252855684236,808.5106907158331,11,64,1,33.071191624255015,3,3,0.581193600604448,0.39089938768973115,0,Debit Card,Occasional,1
CUST001464,178,101.94450435735942,16909.11927370935,9,10,1,103.56999239857075,1,1,0.4714247430187578,0.08514492660245472,1,Debit Card,Occasional,0
CUST001465,1,218.76644902309556,206.9111227905601,9,10,1,25.687440230071005,1,1,0.43577172243605794,0.4886732355868526,0,Credit Card,Occasional,0
CUST001466,90,49.27399770702847,3868.4668827514083,5,40,0,20.67846712485524,7,7,0.5510684266759244,0.45583788604817976,0,PayPal,Regular,0
CUST001467,12,54.835675958409816,669.0925965169604,6,7,2,63.91482280446452,2,4,0.24693661381661358,0.3763817824625257,0,PayPal,Regular,0
CUST001468,49,49.93384971939456,2417.009998857939,10,72,2,49.617185965829094,6,0,0.56616868587345,0.5169494727280621,1,Debit Card,Regular,0
CUST001469,36,24.734814312217672,870.0585871373959,11,22,1,63.32750969624584,4,2,0.29875333607648813,0.45860710888066075,1,Credit Card,Occasional,0
CUST001470,20,87.16345655288781,1286.776343601902,12,10,1,34.35836073032042,6,2,0.5150247242437774,0.30535288535131627,1,Credit Card,Regular,0
CUST001471,32,79.54167015364636,2726.601868843856,9,44,0,36.237809146906756,2,3,0.3617312962479051,0.33976002856091353,1,Credit Card,Regular,0
CUST001472,50,14.68425291549505,769.0692005843282,12,11,1,50.4813679615895,3,3,0.16844085738219708,0.2546433911878652,1,Debit Card,Regular,0
CUST001473,12,41.231849086126594,522.7881511727211,16,99,1,50.97547866730412,1,6,0.36194658055701506,0.41170336301235083,1,Debit Card,Regular,0
CUST001474,9,96.05311017989575,978.309519639134,13,122,3,48.86645448834392,3,0,0.41718855071532374,0.22535175231331553,1,PayPal,Premium,0
CUST001475,26,135.54042706137415,2924.4497013056084,10,32,0,112.60340508002992,3,2,0.10037721179278497,0.2897575339999661,0,Debit Card,Regular,0
CUST001476,39,162.18187557640164,5319.646826802655,13,3,1,118.00661917555641,2,2,0.06493398476535012,0.20338720483230485,1,Credit Card,Premium,0
CUST001477,34,143.33944588943737,5221.960333492654,8,9,2,24.533969613569017,1,3,0.40517652805582,0.38345268888669537,1,Credit Card,Regular,0
CUST001478,38,83.22273415460306,4101.25983652951,9,21,0,63.8877280354529,2,1,0.6341758003989695,0.16319990560120382,1,Debit Card,Occasional,0
CUST001479,13,20.691143399425567,267.4950611625894,8,57,2,27.43629662204791,3,1,0.4765457465202115,0.5136241508622937,0,Debit Card,Regular,1
CUST001480,40,69.62201682013767,3531.596215936742,14,6,1,130.49768153379625,5,4,0.48979936162152116,0.0976201095767809,1,PayPal,Regular,0
CUST001481,3,4.7886674907196936,13.753243093970909,10,3,2,36.79258079978474,3,3,0.16981687147033764,0.36486584819731244,1,Debit Card,Regular,0
CUST001482,18,96.39776967868289,1699.5837461845197,10,2,0,43.42593274185301,2,2,0.30636802327263646,0.17115676734767266,1,Credit Card,Regular,0
CUST001483,0,47.82137664214172,0.0,5,21,0,82.06100390364091,1,2,0.18877434191377676,0.32600510940418853,0,PayPal,Occasional,0
CUST001484,9,8.69714873581416,82.37103281863061,9,64,1,29.37653425864817,2,0,0.12944465201778574,0.5447818303369378,1,PayPal,Regular,0
CUST001485,10,109.84504612005064,1277.997124252614,14,1,0,20.352142427572247,6,4,0.5012319235677792,0.30833266653980435,1,Credit Card,Regular,0
CUST001486,12,217.008469501449,2847.0718036869953,18,7,3,29.05530675553652,4,3,0.23408013670298966,0.11049496328225672,0,Credit Card,Regular,0
CUST001487,28,17.563200769708136,550.4165313502808,9,35,2,90.40390984147207,0,2,0.5923648952763164,0.22410963476214493,0,Credit Card,Regular,0
CUST001488,11,116.46747287827948,1054.6043200772704,9,52,2,41.09481412234227,5,1,0.0882781296298491,0.07169616147459583,0,PayPal,Premium,1
CUST001489,14,60.432453209999196,814.870795382483,15,49,0,86.58974031925555,3,0,0.045987794799346976,0.10015396545792105,0,Debit Card,Occasional,0
CUST001490,6,43.17177193458063,250.2761907370145,9,46,0,51.88063672353219,4,2,0.40930969087114477,0.2058917559184946,0,PayPal,Occasional,0
CUST001491,11,43.257364182514465,411.06698125956706,9,4,1,17.43610177650012,5,4,0.05120337356205192,0.27995456471583635,1,PayPal,Regular,0
CUST001492,6,60.42050761725821,379.7176866417389,10,15,1,33.94804032300542,0,5,0.1540851133795815,0.4996116082127264,0,PayPal,Occasional,0
CUST001493,1,60.238159857557164,61.37726514923029,11,125,0,59.69330747328023,5,1,0.10474711561920286,0.2372420491187429,1,Debit Card,Premium,1
CUST001494,22,80.68490439891204,1702.4764302878855,9,134,1,11.33071586852144,2,1,0.24515238628223202,0.6367182736875561,1,PayPal,Occasional,0
CUST001495,26,39.489508787824896,1058.2878724034804,13,27,0,65.89838941599696,2,0,0.3654792866450709,0.28946019355001873,1,Debit Card,Occasional,0
CUST001496,23,47.16012359831104,970.0906511280784,14,37,0,20.55265857009556,4,1,0.33992970095874014,0.20210045501133472,0,Debit Card,Premium,0
CUST001497,14,124.3607388063306,2018.3110419437107,6,90,0,35.30692255285513,0,0,0.5534593123235775,0.27307507552421006,1,Debit Card,Occasional,1
CUST001498,11,36.31814590960777,413.3329582138858,19,17,0,113.44584102145402,4,3,0.0752243188830533,0.36166039439101466,0,Credit Card,Premium,0
CUST001499,47,101.06638007998845,4587.519148886885,14,4,0,114.8781520310298,2,1,0.26357440478656213,0.28663500162392624,1,Credit Card,Occasional,0
CUST001500,17,63.01653171211038,1223.368629716968,8,33,1,69.74628317149809,1,3,0.16035510488558916,0.24832842759517615,1,Credit Card,Regular,1
CUST001501,15,52.867788994653544,635.7769472661489,3,96,0,56.00507021826418,3,0,0.5996868317744896,0.07256975958185613,0,PayPal,Premium,0
CUST001502,0,264.21586676972294,0.0,7,35,2,36.64876924260776,6,1,0.12362890790342633,0.12020811092878528,1,PayPal,Occasional,0
CUST001503,10,25.3192485451728,243.87817246685418,4,48,0,16.93004456597614,5,4,0.14612445115331238,0.3824109394492328,1,Credit Card,Regular,0
CUST001504,11,227.021275918294,2572.030021384062,11,16,1,15.622105154882837,3,2,0.10050369190449479,0.24974539348783753,0,PayPal,Occasional,0
CUST001505,12,149.51222383820192,1529.0956119852056,9,3,0,51.87097500932046,1,3,0.12511578512928062,0.2973916540003511,0,Debit Card,Regular,0
CUST001506,20,48.91204955721256,1078.458069912628,6,5,0,42.88083251223796,2,0,0.385453239731802,0.36731459618638407,0,PayPal,Regular,0
CUST001507,18,152.4950526361966,2464.5608444264667,7,121,2,38.38637324663164,2,2,0.23503998810239826,0.18822859047521068,1,PayPal,Regular,0
CUST001508,22,2.270654489289541,51.027972387747056,12,20,0,98.97653734365242,3,1,0.12268403917510105,0.3336828099730569,1,Credit Card,Regular,0
CUST001509,34,44.96257973718675,1458.7453775721035,7,0,0,28.72175404847548,3,0,0.21073120380289762,0.32583102657378654,1,PayPal,Premium,0
CUST001510,40,36.78502675126097,1479.181862980281,14,93,2,183.38967922231816,2,3,0.07261700122286276,0.3297775855284237,1,PayPal,Regular,0
CUST001511,30,110.79577519949963,2720.8651699180996,11,20,1,171.99217324844,2,6,0.24705165898079062,0.3105819519870816,0,Debit Card,Regular,0
CUST001512,74,137.4163350358773,11033.343189473579,4,54,1,80.98598790931132,7,2,0.14282838149902696,0.24535598868098313,1,PayPal,Regular,0
CUST001513,0,109.49487486038731,0.0,11,23,1,42.683992664477216,3,0,0.42123449709769645,0.3622452405457793,0,PayPal,Occasional,0
CUST001514,5,91.61614321971805,393.4590931188658,14,3,1,14.282928122367428,3,1,0.31451805976817404,0.4756897504146534,0,PayPal,Occasional,0
CUST001515,0,159.53533989888803,0.0,9,28,1,78.8920841418835,6,2,0.25976584232311395,0.18530135242285178,0,Debit Card,Occasional,1
CUST001516,25,144.21761940979903,4003.4368803388043,9,178,0,155.04738348207442,2,4,0.05546255117421531,0.1306495993995295,1,PayPal,Regular,0
CUST001517,54,47.8919929553626,2712.6909810285615,8,1,1,201.0996027082711,5,4,0.479904393562367,0.09871077811472548,0,Credit Card,Regular,0
CUST001518,6,52.64400786461911,310.8154888587983,10,55,1,29.927948904429268,3,2,0.39814765737786356,0.4193652705538105,1,PayPal,Regular,0
CUST001519,62,138.54692323294668,8705.503777634052,8,8,0,82.81927977657254,4,3,0.20012135182459004,0.2767782425386231,1,Debit Card,Premium,0
CUST001520,1,80.07699628949815,80.15743442339058,10,15,2,23.71922284522374,4,1,0.16772008842992775,0.1861540833305837,1,Credit Card,Occasional,0
CUST001521,65,84.37852341041474,5170.232982545599,14,13,0,14.70089375234064,1,2,0.11896169097523947,0.2739261455664837,1,Debit Card,Premium,0
CUST001522,10,92.93021543534022,1021.5432276017982,12,68,2,97.46378516397462,0,0,0.418515088866983,0.2647387583838009,0,Debit Card,Premium,0
CUST001523,2,13.620093422205166,25.50139078553191,8,21,3,36.729804088272545,6,3,0.31298499060621826,0.23103006899543413,1,Credit Card,Occasional,1
CUST001524,15,46.03365752472074,702.6647432418333,14,17,1,43.17588186292264,3,6,0.6660052464358428,0.38982779072026036,1,Debit Card,Regular,0
CUST001525,7,117.75778916215185,878.7456075977477,9,51,0,42.556902047228384,1,1,0.29595608314745964,0.5125420640745315,1,Credit Card,Regular,1
CUST001526,8,45.69715957873792,353.6387338867728,13,1,0,5.6315421834501445,1,1,0.3893934029209859,0.13277010800886224,0,Debit Card,Regular,0
CUST001527,8,68.90620047007077,583.9084077809065,10,2,1,42.94934078573546,3,3,0.48884481387592377,0.44878830268369585,1,Credit Card,Premium,0
CUST001528,38,117.21287352206804,4594.67323380548,10,0,2,109.10548460019159,5,1,0.6504070128324674,0.29604173043727633,0,Credit Card,Regular,1
CUST001529,18,165.68384832095106,2709.0900343756452,9,34,0,39.51138756392335,4,2,0.3475404913747286,0.23006528543994575,1,Debit Card,Premium,0
CUST001530,8,179.34065889394978,1379.2460136096502,5,22,1,58.495657046922,3,1,0.020680271993288247,0.45020754018836323,1,PayPal,Regular,0
CUST001531,22,186.28676579082912,4130.351545703589,5,62,1,17.448498602374713,2,1,0.4044073483750437,0.10018407341718678,1,Credit Card,Regular,1
CUST001532,30,74.2088689905513,2666.8898012256427,13,20,1,78.38949637337326,1,4,0.38093800188758026,0.09967906739224183,1,PayPal,Regular,0
CUST001533,7,68.25076942888124,460.2895117109315,14,7,0,37.50695020363717,3,3,0.11048089084027514,0.19423951381848345,0,Credit Card,Regular,0
CUST001534,12,28.54704937081227,381.06757267447415,18,49,0,28.315506684624133,7,2,0.17400843649521153,0.5918290618255698,0,Credit Card,Regular,0
CUST001535,3,217.8428179201493,614.2477215268564,13,10,0,27.882696732930093,2,2,0.24714898806424326,0.2442782726121775,1,Debit Card,Regular,0
CUST001536,4,65.95552256903174,278.42056143882564,17,82,1,148.31247864971854,5,3,0.15934708230065261,0.15805253537140032,0,Credit Card,Regular,0
CUST001537,27,214.43766146766504,5426.302630110354,10,8,0,11.079076671836221,3,3,0.14266675922062486,0.3620822351231169,1,Debit Card,Occasional,0
CUST001538,4,103.09870322605138,418.82638614878846,8,5,0,71.35032454911654,1,5,0.5686421674380066,0.6161904400930245,0,PayPal,Premium,0
CUST001539,17,170.97925543370917,2879.379245761338,9,20,2,12.766393587137976,4,1,0.11917802679363391,0.24478182524121597,1,Credit Card,Premium,0
CUST001540,29,78.20924122291085,1843.735706388221,7,1,0,71.83061456285026,1,0,0.2027040373450704,0.23583773042373601,0,PayPal,Premium,0
CUST001541,2,125.66070711019188,243.00915011929902,14,1,2,30.945596463566574,3,2,0.09407228054988354,0.5884086848542417,0,Credit Card,Occasional,0
CUST001542,20,174.9684868206247,2837.8447396752517,8,20,1,71.11977441085175,2,2,0.10391856652035265,0.21970510946575592,0,PayPal,Occasional,0
CUST001543,7,55.088000734959955,445.6656331664846,9,7,3,46.57247819782975,0,1,0.30884347196975065,0.38495908302767734,0,PayPal,Occasional,0
CUST001544,79,186.9582535912891,15191.61071180213,15,0,0,60.37555349217989,5,2,0.16538016374385983,0.32751455442472327,1,Debit Card,Occasional,0
CUST001545,15,32.44799138452816,559.404735552989,8,10,4,55.16696444732857,2,0,0.14233938547619462,0.30535263781434935,1,Debit Card,Premium,1
CUST001546,39,259.66818265474035,8991.717853567021,10,19,1,54.514150141803846,2,5,0.2981582791135366,0.46230047700002563,1,Debit Card,Regular,0
CUST001547,19,93.20757434946592,1664.6215439983414,14,15,1,14.346207592112211,6,5,0.3850611438756527,0.10611002144277028,0,Debit Card,Occasional,0
CUST001548,1,46.67348348812691,43.57855060676011,9,4,1,27.318423656064745,4,2,0.3334640503408029,0.4613241474000736,1,Credit Card,Regular,0
CUST001549,24,147.47694657593354,3160.342050513311,10,26,0,83.10665106212082,0,1,0.38952614465616475,0.3819381761519676,0,Debit Card,Regular,0
CUST001550,72,106.64719495908565,7049.34048063611,9,37,0,35.6792109145822,2,1,0.3319320059005633,0.14513591361844252,0,Debit Card,Regular,0
CUST001551,22,14.503669943997258,365.6399340442557,11,33,1,45.92818832521539,2,1,0.5151706373307876,0.259335458098142,1,Credit Card,Premium,0
CUST001552,41,60.447673595189954,2830.629384810947,6,15,0,25.37181751538682,1,3,0.16498306801085796,0.3470177042968044,0,PayPal,Regular,0
CUST001553,51,33.96916452346646,1679.21782578864,11,4,1,29.547336779224977,1,1,0.5749387273619798,0.18582988190697242,1,Credit Card,Regular,0
CUST001554,6,36.855196845389614,231.19266559812093,9,20,1,134.56746566145839,11,2,0.2774664228903522,0.25774328961633297,1,PayPal,Premium,0
CUST001555,5,35.653387468134525,163.2831924094735,15,66,0,113.17733337324485,3,1,0.5707797471518645,0.6559090218869836,1,Debit Card,Premium,1
CUST001556,22,121.45969888516336,3030.74057726398,12,18,2,71.67884526135225,5,1,0.5820517952307283,0.059058487233878784,1,Credit Card,Regular,0
CUST001557,12,155.40907962015356,1469.7498810452048,10,6,2,75.80730815281964,3,0,0.29625851594564273,0.37692592787038337,0,Debit Card,Premium,0
CUST001558,43,43.009400284883725,1967.4753152633523,11,2,1,62.12665680603738,5,0,0.3492754220055027,0.37255290164446914,1,Credit Card,Regular,0
CUST001559,55,10.334965549073406,624.6935979715801,12,86,1,51.049795609141654,3,0,0.6117269524976007,0.3155986081517641,0,PayPal,Premium,0
CUST001560,10,300.2117358238627,3332.1491092784345,16,40,0,139.40188279229446,4,0,0.23354070686733824,0.12645504314508685,1,Credit Card,Regular,0
CUST001561,6,93.96054825601873,512.4694255583642,12,11,1,36.73037328007375,5,0,0.20425028346515522,0.265724130460956,1,Debit Card,Occasional,0
CUST001562,36,148.23700841535924,5677.023388954492,10,10,1,30.803545313573263,4,1,0.2363826059220263,0.07488048895617908,1,PayPal,Regular,0
CUST001563,7,71.34174064391057,543.7997423233247,10,67,2,39.43732727753806,2,3,0.044659200681951144,0.15738180154147663,1,PayPal,Regular,0
CUST001564,41,7.674396578957494,301.34392974767593,15,5,1,39.03643047667882,4,2,0.061485296062442844,0.30374291938966463,1,Credit Card,Occasional,0
CUST001565,13,112.98495677961238,1600.3405356195005,10,22,0,84.65898269765577,7,3,0.21143005672118317,0.5019408905455748,1,Debit Card,Regular,0
CUST001566,26,241.73426950255467,5521.431790483866,9,37,2,31.937858423168812,3,0,0.4635209433386529,0.2781112958190558,1,Debit Card,Premium,0
CUST001567,2,48.95899618012589,114.28639244040951,6,15,0,50.1652143923876,3,2,0.6243512188701253,0.2656883040690687,1,Debit Card,Premium,0
CUST001568,23,6.507057307354949,167.36900558569155,10,1,0,64.75416654618927,3,1,0.1726365138927521,0.08131946532051211,1,PayPal,Premium,0
CUST001569,14,28.385071779324,399.0391348027673,10,7,1,55.60297215227238,1,2,0.3568396621868381,0.12586179492154,0,PayPal,Premium,0
CUST001570,21,153.2597038862303,3288.0454017561915,16,69,1,22.940964705759946,1,3,0.13069301157726254,0.3113040660651413,1,PayPal,Premium,0
CUST001571,4,106.04859427343433,443.98185074222687,14,22,0,64.42064916818073,10,2,0.09863705965704811,0.4188079221134194,1,PayPal,Regular,0
CUST001572,32,187.48571669963786,6564.70430364568,11,50,1,58.13622647307413,1,0,0.31620370005973253,0.32725774750420894,1,Debit Card,Regular,0
CUST001573,47,83.90191311829996,3687.0107643402125,19,24,1,71.16902663850333,2,4,0.6290714195702025,0.24378440462038592,0,PayPal,Regular,0
CUST001574,5,135.78224313620407,654.569151796076,14,86,0,68.17681945549317,4,3,0.25239317317776816,0.5381018659901157,1,Credit Card,Occasional,0
CUST001575,2,58.99468672516019,113.04013852290045,7,71,3,70.24482046624277,3,1,0.7053543470354341,0.2343126034696869,0,Credit Card,Premium,1
CUST001576,0,30.621943194226198,0.0,8,19,0,9.047571311276243,1,2,0.4867425317219077,0.3993519543429693,1,Debit Card,Regular,0
CUST001577,24,136.04843873562166,3548.5947923357694,13,11,3,28.210315419300382,2,3,0.1648367715360944,0.3274550092075269,0,Debit Card,Occasional,0
CUST001578,22,155.00112368981812,3760.4095816103204,13,27,0,89.87533050375913,3,2,0.279077570213844,0.40015922090433026,1,PayPal,Occasional,0
CUST001579,18,49.95965999676409,1031.6479140344231,10,33,2,31.424543849614057,6,1,0.3564826114439088,0.4422530343045345,1,PayPal,Regular,0
CUST001580,6,227.39739637782296,1370.7666962201063,7,20,1,93.1842806747348,3,2,0.18983893145098746,0.2694459983020388,0,Credit Card,Regular,0
CUST001581,11,231.61507014322237,2452.5055465524574,15,51,0,38.879279123580964,7,1,0.06248315899406466,0.46335328262282927,1,PayPal,Regular,0
CUST001582,21,35.8614271319875,746.6759406595131,10,6,4,34.304808599211434,6,1,0.14466106966303977,0.28089657312336935,1,Credit Card,Regular,0
CUST001583,16,37.43093312722121,636.7291075611118,14,12,1,39.71809490954559,1,2,0.24312249627591925,0.12337593892187498,1,PayPal,Regular,0
CUST001584,105,39.0795849717934,4074.6392031910127,8,34,1,249.29658237627683,3,3,0.20173430933958206,0.18852374153890736,0,Credit Card,Premium,0
CUST001585,3,75.42962603828411,251.2705250286422,6,8,1,47.6699263549024,4,1,0.11613772304696823,0.3540241213985438,0,Credit Card,Regular,0
CUST001586,28,61.361933930778925,1721.7495261343831,14,17,0,80.11942138187405,3,2,0.24270790101420112,0.28703074755469477,1,Debit Card,Regular,0
CUST001587,12,24.29692833531285,319.7092923667619,12,99,0,184.67579535035682,4,2,0.09789222554017316,0.10047702726798886,0,Credit Card,Premium,0
CUST001588,13,40.12415437433126,495.8737872168504,4,29,1,66.42734988104431,3,0,0.27198455467562704,0.04825593726500543,1,Debit Card,Regular,0
CUST001589,30,7.901753573060883,238.2129335710246,16,89,2,134.7483703692332,3,0,0.2915246137558293,0.1450702063125737,1,Credit Card,Regular,0
CUST001590,28,9.97062508720964,297.2877212475516,16,38,0,88.79827251044449,3,2,0.23269498474074762,0.3246322334570056,0,Debit Card,Occasional,0
CUST001591,113,19.628040410330197,2152.8754183309675,8,38,1,71.83081963328118,3,3,0.2757695207602581,0.11416642466249094,0,Debit Card,Regular,0
CUST001592,3,289.39455374568035,938.234883726828,13,26,0,22.426615599485544,5,6,0.2923687505520078,0.21791989205082918,1,PayPal,Premium,0
CUST001593,2,266.6109992677679,511.3352166048479,14,4,1,42.77617497507342,4,6,0.4007351373170208,0.0816110287805341,1,Debit Card,Regular,1
CUST001594,30,141.65980556265626,4526.64348371622,15,22,1,66.44914919472006,4,1,0.4479727249895356,0.2189796047692445,0,Debit Card,Premium,0
CUST001595,20,50.40997266256091,892.5101224103852,14,8,0,34.667672542884134,4,4,0.2347322708227724,0.2676233282758274,1,Credit Card,Occasional,0
CUST001596,7,19.275761903199434,124.69682465281987,7,198,1,69.43180777720998,2,1,0.413378758930935,0.1449820731433078,1,PayPal,Premium,0
CUST001597,1,82.54199004006227,94.74827394417933,13,9,0,46.61494922417263,2,2,0.5903803300309108,0.21171683875511746,1,Debit Card,Regular,0
CUST001598,2,115.26963287193246,248.79482372717717,7,7,1,28.96916197215964,1,0,0.3173514259967972,0.1280452375231562,0,Debit Card,Premium,0
CUST001599,53,43.660273159445886,2198.9511099936835,14,29,1,79.95255325808199,3,4,0.03935063917585218,0.5407481297826535,1,PayPal,Regular,0
CUST001600,5,110.81295644397609,557.8209565050897,10,21,1,61.94791649505633,7,1,0.4474581486976725,0.3946227723162821,0,Credit Card,Regular,0
CUST001601,9,28.119335716393007,270.9977170944305,13,0,2,71.65511211313853,1,2,0.5368194101007955,0.5478831257510588,1,PayPal,Occasional,0
CUST001602,6,51.30936891770013,229.00569899825135,9,4,1,56.18508915913129,5,3,0.19694928075469126,0.45391376068415734,1,Debit Card,Regular,0
CUST001603,10,67.76379055977716,663.6903423864347,12,49,4,37.840482294005064,0,1,0.38374940611306496,0.21181257327635306,1,Debit Card,Regular,0
CUST001604,1,271.8555952607204,228.23431470276225,10,19,2,49.458985961328295,1,2,0.14164966338964255,0.3371948589734292,0,PayPal,Regular,0
CUST001605,17,39.592054415532616,727.5905638975725,12,4,1,35.34489932039782,1,3,0.6684579195005452,0.2893678020382553,0,Credit Card,Premium,0
CUST001606,1,114.85422237235127,134.12917462980886,10,18,3,121.823823078051,5,2,0.5181992315029201,0.5316412705115482,1,Credit Card,Occasional,0
CUST001607,38,34.24392177818319,1309.0304717041072,16,8,1,62.879272464876266,7,1,0.11026293694483243,0.33060540066629296,0,Debit Card,Premium,0
CUST001608,6,29.915400237632657,185.65250047624252,7,7,0,50.39978420834531,4,1,0.08517748800578735,0.3707909061229706,0,PayPal,Regular,0
CUST001609,18,43.48697002047107,735.6224070671797,15,94,0,44.6564581202221,3,1,0.20556055137138748,0.38893215576507506,1,Credit Card,Premium,0
CUST001610,50,84.78365838243992,4153.23987807904,9,13,0,27.63306368312299,2,4,0.5821778580401252,0.157557349144649,1,Credit Card,Premium,0
CUST001611,25,247.42047684212815,7209.08506685309,3,1,2,64.5504770400086,3,4,0.3479574208149014,0.32227725656785644,0,Debit Card,Regular,0
CUST001612,18,49.46112077133971,899.8859438951667,11,105,0,23.914847302718822,2,3,0.1844391682109765,0.34099664426274057,1,Debit Card,Occasional,1
CUST001613,9,155.82792887030504,1417.18370153867,11,47,0,107.83533094351824,2,2,0.618786632629443,0.3632731839290406,1,Credit Card,Regular,0
CUST001614,9,280.7953741220543,2747.9076354252998,9,8,0,77.51361554949492,2,1,0.41921672093172874,0.2709823779689996,1,Credit Card,Occasional,0
CUST001615,26,101.02948724344405,2434.4111000042603,13,15,1,31.042560804696805,2,3,0.400457750203679,0.5106108470954938,1,Debit Card,Occasional,0
CUST001616,123,175.86094974401087,21413.700280741567,12,59,0,109.26294812862147,1,2,0.20482528946476533,0.29801744997786184,0,Debit Card,Regular,0
CUST001617,26,41.38277706059906,1161.1572803476058,7,13,1,47.36733908153382,3,0,0.16831857612014123,0.27898282498970034,1,Debit Card,Regular,0
CUST001618,19,112.62545167458535,2406.849851787299,13,25,2,74.4863062606502,3,2,0.3808233497218531,0.7045022017553352,1,PayPal,Premium,0
CUST001619,31,134.19546833918014,4503.373313602941,8,22,2,46.839382267472196,7,1,0.37898950194898445,0.16341207242154013,1,Credit Card,Regular,0
CUST001620,15,23.11225597319085,403.62901147379796,14,15,0,47.72898035271233,3,2,0.550480589662348,0.3235410009233194,1,PayPal,Regular,0
CUST001621,1,37.73854577434785,41.63748807903546,17,30,1,92.99114083757618,5,4,0.14276183606978193,0.03908232037627642,0,PayPal,Regular,0
CUST001622,19,65.3843216936586,1198.3691443861157,16,19,1,51.12420824446503,4,3,0.45328836146041485,0.1991130579097699,0,Credit Card,Occasional,0
CUST001623,75,44.57993828922176,3051.812562166731,12,0,0,38.89004887410402,5,4,0.38659564580501754,0.4205109027778899,1,PayPal,Regular,0
CUST001624,4,71.71826648349618,331.2180324563391,11,50,3,34.29463875105499,5,0,0.45691590966255013,0.4601442302434862,1,Debit Card,Regular,0
CUST001625,28,19.74850395787731,499.70648631452036,8,3,3,44.84931385440517,6,3,0.07926895857870671,0.22763779590370653,1,Debit Card,Regular,0
CUST001626,5,262.66125351107047,1515.0399391468013,8,18,2,145.372672515374,1,1,0.15742082274581232,0.08141024699379901,1,PayPal,Occasional,0
CUST001627,18,167.09429968993555,2677.9018209685573,15,26,2,61.82032586273149,2,0,0.30096359513206894,0.18545563792112468,0,PayPal,Regular,0
CUST001628,2,581.7493279572881,1315.391623913327,6,36,1,29.62286009437808,3,3,0.18924452108090473,0.35346238048219936,0,Debit Card,Regular,0
CUST001629,14,26.04979266444819,391.32764820571407,15,15,4,60.87165785766365,3,3,0.3158391189996325,0.2825974787021173,1,PayPal,Regular,0
CUST001630,33,115.87252650348722,3821.7686548675424,13,39,2,108.32863181402439,0,2,0.21017957546055444,0.5630426178821754,0,PayPal,Regular,0
CUST001631,10,44.95306219340336,495.8160592804103,12,4,0,110.14796932818581,1,4,0.2524193577640001,0.44608743922082855,1,Debit Card,Regular,0
CUST001632,26,29.744973200379615,747.7733274352423,12,31,1,66.45868489137915,5,2,0.2141064996099959,0.6377163044134359,0,PayPal,Regular,0
CUST001633,38,160.60773630139064,6997.3435607331685,13,52,2,87.15642913290321,3,2,0.21619955056608822,0.18428860483108736,1,Debit Card,Regular,0
CUST001634,62,86.93441832992454,5004.301589445432,9,66,1,50.94449589858742,5,7,0.03509119927423477,0.07315706994864021,1,PayPal,Occasional,0
CUST001635,6,61.80670966752195,371.0435397146065,13,25,1,44.13439044723789,3,4,0.3397908581217999,0.2732871091702287,0,PayPal,Regular,0
CUST001636,12,103.30783051035672,1355.287034273601,9,11,2,31.46071924030415,2,2,0.29617136117184806,0.421808333059158,0,Debit Card,Occasional,0
CUST001637,3,39.24995595351427,121.10344463641214,13,5,1,34.48093927548637,6,1,0.13462156422710606,0.2209007276339507,1,Credit Card,Occasional,0
CUST001638,117,38.05273593597918,4944.300942517351,13,12,1,50.799290709970975,5,6,0.03610977811954305,0.31321024222853544,1,Credit Card,Premium,0
CUST001639,62,46.408868402081275,3061.3784519136693,7,23,0,83.34268801358697,0,3,0.5193464236440731,0.2297463468046149,1,Credit Card,Regular,0
CUST001640,18,183.2449473153091,3342.1981555729094,17,6,0,53.118560280282495,2,1,0.611550714877024,0.6235024716171458,0,Credit Card,Regular,0
CUST001641,44,173.11350333934965,8287.330043704947,2,91,0,34.896315736675376,4,1,0.36086691954556166,0.19654571111836427,1,Credit Card,Premium,0
CUST001642,17,24.834928385718136,390.9269081955269,11,68,1,95.64610590365885,0,2,0.42746907328607536,0.23577553442027327,1,PayPal,Occasional,0
CUST001643,23,255.1507131201819,4723.449489126746,13,1,1,104.14554434749775,3,1,0.45272014162714364,0.35825640249544505,1,PayPal,Regular,0
CUST001644,2,81.31533407736966,174.5057180196669,7,24,3,36.73374296225872,1,3,0.4641984405923998,0.20893343151573432,1,Credit Card,Regular,1
CUST001645,33,114.47299234749732,3776.860517819108,11,46,1,48.272521181285995,1,2,0.2671731827202958,0.3305671387127121,0,PayPal,Occasional,0
CUST001646,3,45.08279961576117,127.79242720500946,8,8,1,22.838847687372418,1,5,0.4997682591795422,0.1427011586164874,0,PayPal,Occasional,0
CUST001647,41,84.7022928805075,3352.409439657714,10,22,1,84.93810371625909,2,0,0.2394126864899408,0.20054109014414123,0,Credit Card,Occasional,0
CUST001648,36,29.569525496800082,1072.392914553999,9,15,0,15.345494034673061,6,3,0.08342616901217312,0.3508147111765077,1,Debit Card,Regular,0
CUST001649,29,42.34700206142734,1129.8302341815577,7,6,2,52.39976145574232,4,3,0.3829361851035665,0.20131392790283897,0,Credit Card,Regular,0
CUST001650,0,151.4272368861961,0.0,8,28,1,59.71974277528919,1,3,0.18466308798997225,0.23698617999685428,1,Debit Card,Occasional,0
CUST001651,8,153.92058929748282,1003.9538522065371,7,151,2,36.61165464756906,3,2,0.20636565408577484,0.19871637164631453,1,Debit Card,Occasional,0
CUST001652,7,118.36546987495198,722.0400913321049,8,13,1,35.014613922280226,3,2,0.2973584366846771,0.19037960807345705,0,Debit Card,Premium,0
CUST001653,10,58.56319394397822,605.0946134739041,10,24,1,73.79543657469392,6,2,0.4263105083657557,0.24580686279562594,0,Debit Card,Premium,0
CUST001654,2,24.40231168082564,49.00786771390965,13,11,2,63.806162018036915,0,1,0.47649481599668664,0.2779338749599753,1,Debit Card,Regular,0
CUST001655,66,198.56464590910798,14186.373352247852,12,62,1,76.22300885641538,3,3,0.3217404266550698,0.20857088717174913,1,Credit Card,Regular,0
CUST001656,19,161.96084216327483,2920.1028029686127,9,59,1,19.741804459800793,1,3,0.37720149819165016,0.3278430277779219,0,PayPal,Occasional,1
CUST001657,8,12.07903824898581,81.76914225751571,17,5,2,112.14500129071489,3,2,0.13490949771282534,0.42930678567067,1,PayPal,Regular,1
CUST001658,12,155.7892929257312,1935.5436884237802,10,69,0,116.92054333404593,2,1,0.27505295902398064,0.1402697394918928,1,PayPal,Regular,1
CUST001659,14,61.77600731292671,905.3747790846121,10,4,2,58.68018209175682,6,1,0.3071020840339777,0.5066563668098868,0,Debit Card,Regular,0
CUST001660,22,137.40492152826909,3258.0978581710665,11,3,1,43.58676393678137,3,1,0.4320422783265149,0.20695257513345988,1,Credit Card,Regular,1
CUST001661,17,20.02884779932132,369.46925893067095,18,31,0,50.65057446554079,2,1,0.13970206185044579,0.14406648174038278,1,Debit Card,Occasional,0
CUST001662,60,47.20350574153452,3113.4613442956006,14,14,1,103.70075962135405,4,4,0.49915488427900523,0.2478748895705524,1,Debit Card,Regular,0
CUST001663,16,89.58519752891986,1464.319992050093,9,22,2,34.57987845569966,6,3,0.0653415197581474,0.24822244170356883,0,Debit Card,Premium,0
CUST001664,116,262.7326801507042,32301.084927312073,8,31,2,18.837362249300508,2,4,0.4000845892134881,0.21543918781482133,0,Debit Card,Regular,0
CUST001665,45,89.7633486966406,4147.280589241355,11,1,1,73.93525443307523,2,1,0.2775843947234762,0.24726773737323504,1,Debit Card,Regular,0
CUST001666,5,178.195171651279,972.2899424750942,11,10,2,52.786969656399414,2,1,0.2469753129418588,0.2695700840658953,1,Debit Card,Regular,0
CUST001667,64,99.23071047414976,5763.330608122007,8,18,0,99.8762887590338,3,3,0.11705692937522041,0.5233649931967156,1,Credit Card,Regular,0
CUST001668,2,96.57039361011756,180.87183176256772,6,9,0,55.25834105142324,5,1,0.5217999901244949,0.3302596055508662,0,Credit Card,Occasional,1
CUST001669,40,123.06488046208948,5485.694038804814,2,1,1,146.86577068057863,4,4,0.2619085651259482,0.34267529927650364,1,PayPal,Premium,0
CUST001670,11,79.6183005345673,755.8739084998745,7,2,1,152.1449067069221,0,1,0.15844328957673565,0.0881418982285014,1,PayPal,Premium,0
CUST001671,50,148.86938887422303,7691.017431187063,7,48,0,39.755385984514064,1,0,0.29178039416369117,0.346723936271251,1,Debit Card,Regular,0
CUST001672,48,31.723890378259444,1623.8978316965818,4,72,0,14.739237966628792,5,1,0.1671297438496514,0.05311298042500117,1,Credit Card,Regular,0
CUST001673,39,80.05037831507873,2623.174115333038,15,4,0,59.856869136689,1,1,0.38330168786621666,0.32199105239046666,1,Credit Card,Occasional,0
CUST001674,37,277.7086685265053,11976.820869857718,8,8,1,22.52273111026474,3,1,0.27664792440835556,0.39034790438629957,0,Credit Card,Regular,0
CUST001675,8,183.31962889445117,1578.3454519468457,10,31,0,20.74319139364826,4,5,0.17010315691864328,0.13405518293242025,1,PayPal,Occasional,0
CUST001676,2,105.81840553476837,218.22895209496878,12,92,0,87.82671477062198,1,3,0.14200041454227197,0.2074814208565373,0,Credit Card,Regular,1
CUST001677,12,166.21277134779604,1776.3307054582585,7,10,0,64.33085770867783,2,2,0.10212182134418069,0.3119036606570901,0,PayPal,Occasional,0
CUST001678,4,230.06908422569867,916.6405902930248,15,57,0,35.685840711665435,4,1,0.280353609656552,0.5752793707386925,1,Debit Card,Regular,0
CUST001679,28,10.17470804663773,295.3434026742552,13,21,5,55.14920849586467,5,2,0.45045028022105915,0.19352721327128428,0,Credit Card,Premium,0
CUST001680,10,66.70754659229306,592.3651060215612,10,94,2,57.664355134781474,2,0,0.3368906273211789,0.4761088279524113,0,PayPal,Regular,0
CUST001681,89,47.059331157756006,3961.9798037375726,12,4,0,63.44589797919616,4,4,0.1415268428886276,0.11637855501189055,0,Credit Card,Regular,0
CUST001682,24,21.631995936414082,482.9350055368375,9,109,3,96.893567121935,1,2,0.012852432473749998,0.2577687300501949,1,Credit Card,Premium,0
CUST001683,41,304.30684829489525,12043.605062326355,4,17,2,51.430716056208865,2,0,0.40486958069229817,0.22145708251034973,0,Credit Card,Premium,0
CUST001684,3,127.34915418923174,385.6081109314089,12,91,2,16.086013695946345,3,1,0.2214039933693625,0.32222938587029737,1,Credit Card,Premium,1
CUST001685,47,162.16600668894526,8757.959191018577,6,18,1,118.64634398484925,3,2,0.2894160559944353,0.20543477741868446,1,Credit Card,Premium,0
CUST001686,61,48.8850734963525,3179.684826317948,15,22,2,52.63995138599512,1,1,0.16938986072628828,0.090664159554832,1,Credit Card,Regular,0
CUST001687,16,65.5469481304736,1180.781810224943,11,49,3,34.99895541557145,3,0,0.25345631470025687,0.4122042103479832,0,Debit Card,Regular,0
CUST001688,22,83.00413609054387,1635.619795913768,9,38,1,23.315618045060624,2,2,0.45125482206878326,0.32112413934297074,1,Debit Card,Occasional,0
CUST001689,34,111.81458813367729,3464.1846629711836,8,28,0,57.420384354990134,3,2,0.25018342356915296,0.45962476413673975,1,PayPal,Regular,0
CUST001690,4,144.98645393215497,542.5187211864665,9,16,3,47.14762518773979,6,1,0.15332987836529938,0.47864332816814825,0,PayPal,Premium,0
CUST001691,16,138.50808732501326,1936.6679538987698,10,47,0,30.337730746080965,4,2,0.40913562513538737,0.15211246898303743,1,Credit Card,Regular,1
CUST001692,12,69.13864481682617,890.4032325830799,8,88,1,90.03470509650263,4,5,0.2623994252742045,0.21068064240205434,1,Credit Card,Regular,0
CUST001693,3,236.17673902959635,722.1070392476104,7,0,0,26.0678066499621,5,1,0.32669181969025335,0.2505525071106214,1,PayPal,Regular,0
CUST001694,10,204.7854152203216,2071.3960170347664,17,26,2,24.857288159421245,2,1,0.4854821315096439,0.16173257322925805,1,PayPal,Occasional,0
CUST001695,1,103.59228043237043,111.4003066844733,9,60,0,34.48861469064412,3,2,0.3563801180658039,0.6278331695568057,0,Credit Card,Regular,0
CUST001696,0,85.42818425596155,0.0,12,31,2,13.562689224430343,1,2,0.5830942374658333,0.1650333493006938,1,Credit Card,Regular,0
CUST001697,3,64.93287749258815,207.68519973040534,6,48,1,16.11091720319805,2,3,0.5738145675009392,0.22646683388189345,0,PayPal,Regular,1
CUST001698,79,112.29110386771343,9050.207114831062,13,67,1,26.61799111569149,4,0,0.050968101122784576,0.36390440084895787,0,Credit Card,Occasional,0
CUST001699,19,197.4696249059865,4450.902806910934,6,41,2,39.36559597061561,4,0,0.20023032771370539,0.14812008541991295,1,Debit Card,Regular,0
CUST001700,81,86.947452981357,5541.528660278231,11,37,2,26.61698761183615,6,1,0.15695172289488102,0.08204956516423513,1,Debit Card,Regular,0
CUST001701,13,52.312539958239036,645.3208488743368,9,100,0,57.803057858692426,4,2,0.5838611883893702,0.09146545139726708,0,Credit Card,Regular,1
CUST001702,8,85.45796595207219,683.5834477357282,20,59,0,29.08526120048505,4,1,0.288570264613365,0.4188740370773091,0,Credit Card,Regular,0
CUST001703,16,105.02374811383157,1610.8985390415237,12,50,1,60.48386229422347,2,2,0.08920220976333207,0.13452691166599384,0,Debit Card,Occasional,0
CUST001704,13,29.692748175173435,383.51644917980934,7,2,2,31.64291992358958,2,1,0.2501332447087533,0.20647994128720373,0,Debit Card,Occasional,0
CUST001705,2,22.652709667960043,43.80942564263546,11,8,2,56.512946344648455,2,2,0.2974871805974078,0.10518075344921154,1,Credit Card,Regular,0
CUST001706,24,53.49983845745675,1201.7297439896577,4,24,0,112.81917282355133,3,2,0.3572234663782055,0.18193020901956505,1,Debit Card,Regular,0
CUST001707,5,235.84607201291558,1139.221461808198,12,37,1,64.34946686515102,7,4,0.7029129222554457,0.23660296793593183,1,Debit Card,Regular,0
CUST001708,23,189.9351033543959,3838.1763828153807,11,10,0,14.925130495890189,3,4,0.21596393922920729,0.27840860772291703,1,Debit Card,Regular,0
CUST001709,25,17.488423592446708,378.80413614452533,10,2,0,26.782977964056933,3,1,0.3321876151138088,0.5640673074399033,0,Debit Card,Regular,0
CUST001710,3,36.474982021362806,120.32006924266854,14,11,1,17.675748501845586,4,1,0.2586296149417343,0.3262720857121994,1,Credit Card,Regular,0
CUST001711,1,143.23838205102572,159.67768537268083,17,44,0,20.161109911514746,2,1,0.36414316365863736,0.1631970277828393,1,Credit Card,Occasional,0
CUST001712,36,59.36997275582298,2131.4523368625246,6,62,1,87.32097819511768,1,2,0.10200569512824309,0.41890862780593,1,Credit Card,Regular,0
CUST001713,14,116.75691886864887,1693.6841399078169,9,73,3,45.06824203758951,2,1,0.20956732432467481,0.2098771323334362,1,Debit Card,Regular,0
CUST001714,1,18.631389091354226,20.036498202811703,4,14,0,47.58568602014592,6,2,0.12324347491578794,0.22367466838489589,1,Debit Card,Occasional,0
CUST001715,126,84.12135388497136,10896.905175622858,8,13,1,87.87339857723953,1,0,0.21077090660042602,0.2810963039800615,0,Debit Card,Regular,0
CUST001716,1,77.48092212798329,93.06463998173847,10,15,0,29.011057990447505,1,1,0.47480556424204723,0.30680057131279576,1,PayPal,Regular,0
CUST001717,28,162.71489645789018,4249.103030933586,8,14,6,57.440819283761364,0,5,0.11839724454665469,0.4105539997275955,1,PayPal,Regular,0
CUST001718,98,111.83252391680082,11938.051912512694,10,32,2,74.19783124061513,3,2,0.11263306330615927,0.4208815558832838,1,Credit Card,Occasional,0
CUST001719,6,92.90830491909463,593.1850196590084,13,13,1,42.128057036035315,1,3,0.5125403070091409,0.09144261332435108,1,Debit Card,Occasional,0
CUST001720,3,14.19585153100748,45.26138011255792,12,0,2,122.36252213246793,4,3,0.04921532881126686,0.5415014974332971,1,PayPal,Premium,0
CUST001721,3,283.67009543191995,883.8042676120035,14,17,0,43.70035728964888,2,1,0.14474707567102105,0.1254189915688471,1,PayPal,Regular,0
CUST001722,8,136.00636823583864,1227.2884400968485,7,7,2,24.47785868301036,2,7,0.09298923042610859,0.1759410469831939,0,Credit Card,Occasional,0
CUST001723,2,45.335211954641316,81.90606460261118,12,0,1,30.975356128666487,2,2,0.607635035831526,0.3173360034139259,1,Debit Card,Occasional,1
CUST001724,28,91.12460841667517,2251.8840987874514,6,19,0,54.778898798050136,5,0,0.3538128610730614,0.47697504586257894,1,PayPal,Regular,0
CUST001725,1,60.902327382036184,66.25889101609636,9,6,1,75.47428179428896,3,2,0.3660528662611039,0.18059751133893867,1,Credit Card,Regular,0
CUST001726,17,70.74430150657402,1049.5434060977366,11,18,0,26.037323319869575,5,2,0.2828166204025096,0.1348092712604581,1,Debit Card,Regular,0
CUST001727,137,187.9168186420097,28962.043987663048,8,9,1,99.7573813659312,4,3,0.5706841175670458,0.43150418681639074,0,Credit Card,Premium,0
CUST001728,40,36.3106056551173,1318.3458549516513,9,27,1,24.945857198898693,1,5,0.28555385741327577,0.16898208952658675,0,PayPal,Regular,0
CUST001729,22,140.06744854077206,3247.85686128559,9,140,0,108.33727684435894,3,3,0.47319300741143744,0.17084845535757828,0,Debit Card,Occasional,1
CUST001730,8,193.3745842692755,1517.0425800651012,12,23,0,33.000389614445766,0,4,0.11401891904635494,0.27632421167167476,1,PayPal,Regular,0
CUST001731,23,124.85186605348572,2618.7373141864864,12,31,0,6.861481734826317,2,3,0.5304071859014694,0.17663916327099585,1,Credit Card,Premium,0
CUST001732,17,73.63535241991607,1124.5832296753624,12,75,0,70.24125512777663,4,5,0.2718915528818983,0.31105029429867936,1,PayPal,Regular,0
CUST001733,13,42.46955599562153,582.2805634484804,8,14,1,12.001875844360919,2,3,0.46152245214381826,0.3523713084379647,1,PayPal,Premium,0
CUST001734,3,47.939375346451044,142.6003381444596,14,5,0,234.7576288087011,2,1,0.31876789243448694,0.17861178340180048,1,Debit Card,Regular,0
CUST001735,52,92.56779328885901,4803.545505942176,16,9,2,53.993009277890536,5,5,0.4679814344488253,0.29385415821907424,1,PayPal,Occasional,0
CUST001736,14,86.80543303994742,1085.2546887228139,7,15,1,20.898939693502644,3,1,0.19277121120297594,0.16541697672917724,1,Debit Card,Regular,0
CUST001737,5,152.59564233479654,893.4405120829341,13,31,0,40.69837080410001,2,1,0.40965224543612444,0.41833518634327244,1,Credit Card,Regular,0
CUST001738,11,20.140690311070696,218.1786787025515,6,0,1,19.060650631743595,0,1,0.4592586881314061,0.20470942482061627,0,Credit Card,Occasional,0
CUST001739,12,186.30552708717033,1960.9545013435063,7,57,1,67.73917758591843,4,1,0.12293275086870374,0.29395961791495206,1,Debit Card,Occasional,0
CUST001740,42,409.3618157207783,15131.713396214625,9,2,1,14.688096835390622,2,3,0.24962690543926935,0.25374564550887346,0,Debit Card,Regular,0
CUST001741,31,79.2859456469262,2614.4998887303123,6,69,0,12.520327780124541,7,2,0.2978653150862833,0.14456611996979368,0,Credit Card,Occasional,0
CUST001742,35,69.92275193784886,1642.2374027997957,9,89,1,122.99640252323927,4,4,0.1312137236043775,0.39216991886166275,1,Credit Card,Regular,0
CUST001743,0,75.37683032640876,0.0,5,138,2,25.777298412320633,3,3,0.2402706034103096,0.3896821599615228,0,Debit Card,Occasional,1
CUST001744,12,90.13622677417032,933.6184431094479,10,49,1,58.578815827328086,2,5,0.28895031554336914,0.23432349810352984,1,Debit Card,Premium,0
CUST001745,15,65.55083407401304,979.3088826798155,11,4,0,44.04837144406447,1,3,0.07211439916223565,0.2101680566423213,1,PayPal,Regular,0
CUST001746,0,10.441336943748603,0.0,11,36,0,36.02805907282147,3,4,0.21780067160445557,0.3694511439187712,1,Credit Card,Occasional,0
CUST001747,7,74.05912485039727,573.1135869824735,10,6,2,37.62457858986561,5,1,0.1571047536771297,0.19465818979962787,1,Debit Card,Regular,0
CUST001748,34,94.32922914113966,3061.1545702354206,7,68,0,75.65900810331819,1,1,0.3593443875086076,0.35567265170882495,1,PayPal,Regular,0
CUST001749,3,200.19132783010494,648.3005480903543,8,11,0,46.18519317113318,6,2,0.44081991064193354,0.3923149355420599,0,Debit Card,Regular,1
CUST001750,18,35.86893833320974,595.6499035808299,11,11,0,22.653268809951523,1,4,0.2949812815037194,0.3114568835510869,1,Credit Card,Premium,0
CUST001751,5,255.45964494900412,1397.4831941268892,8,74,1,21.07456451780616,0,1,0.305078550212546,0.3215130815512822,1,Credit Card,Regular,0
CUST001752,0,61.915267212581846,0.0,12,0,0,100.67275409576693,6,0,0.2512488432689248,0.17240120200860487,1,PayPal,Regular,1
CUST001753,6,40.00185696019231,279.6328756625294,5,6,2,78.27986840872032,4,2,0.15410724556306588,0.3741772817643637,0,Debit Card,Regular,0
CUST001754,89,136.0315866282588,11705.537879154377,17,16,1,121.11606433914784,2,0,0.19774707642498127,0.3036648754644218,1,Credit Card,Regular,0
CUST001755,38,56.13791371411653,1971.265208033746,8,36,1,79.19830087782768,5,6,0.21516667438435955,0.45326844528509785,1,PayPal,Occasional,0
CUST001756,77,80.48702912629085,6554.413563970807,13,31,4,25.66062194775233,3,3,0.3381480442215373,0.3964188071829419,0,Credit Card,Regular,1
CUST001757,16,84.8320797129392,1350.830520449405,8,33,0,42.62362742016937,3,1,0.07311242594036044,0.1997220097164516,0,PayPal,Regular,0
CUST001758,2,130.52913792149107,207.0865255030085,9,63,1,101.8246853295787,2,2,0.10723804260994417,0.3965361609005322,1,PayPal,Regular,0
CUST001759,19,78.6258939560342,1435.792496834218,10,3,0,22.80350166199957,1,3,0.15608807947591855,0.37711320968743306,0,Credit Card,Regular,0
CUST001760,14,71.97922645718732,1072.860474430044,6,22,1,15.658979480883144,3,0,0.1351079725711819,0.261578434637053,1,Debit Card,Regular,0
CUST001761,44,60.587516764748315,2170.964136525867,10,38,0,127.08287099663661,4,2,0.33445578899557454,0.3044773624724844,1,Credit Card,Premium,0
CUST001762,2,121.28760548057416,258.4152317523791,11,30,2,123.45757183372046,4,3,0.07799422065324833,0.2873641471889883,1,Credit Card,Occasional,1
CUST001763,16,53.686621359174914,940.8244524096377,7,17,2,105.2137633127939,6,5,0.4629880513481414,0.3392375698037746,1,Debit Card,Premium,0
CUST001764,3,204.74022288512793,554.8985668645877,13,0,1,100.51329295566255,1,1,0.15531420836249574,0.44830049937559086,1,PayPal,Regular,0
CUST001765,9,85.56520312368228,621.9702547861807,6,1,0,85.67577542847191,2,6,0.48290354957077436,0.2949651849489468,1,PayPal,Regular,0
CUST001766,32,15.110213855227286,368.9494873882922,12,3,0,106.39616793505893,2,2,0.199406172653217,0.33697288277129395,1,PayPal,Occasional,0
CUST001767,15,104.9675760465227,1830.3519074469289,9,12,0,27.944011373091143,6,3,0.1551184527815675,0.506277591671995,0,Debit Card,Regular,0
CUST001768,11,117.96978771533388,1333.0912377798752,7,3,3,41.58849686025874,3,3,0.04929532736544499,0.2221596338539242,1,Debit Card,Premium,0
CUST001769,12,206.3097526479015,2115.237424962359,10,16,0,34.916193474069054,4,3,0.12668525743579723,0.18828952166680246,1,Credit Card,Occasional,0
CUST001770,14,44.20760623784303,623.9050705519587,12,5,2,64.71848497719436,3,2,0.3173735595896791,0.04422858026546036,1,Credit Card,Regular,0
CUST001771,36,38.58617893181203,1461.80987621501,7,45,3,15.329554632553272,3,2,0.2504753311935184,0.1241887801488052,0,Credit Card,Occasional,0
CUST001772,53,133.64922047530888,7181.902715518692,10,61,1,106.32566414927908,5,2,0.044658883762941824,0.06219023394980173,1,PayPal,Occasional,1
CUST001773,74,183.72190934575443,10815.049816680632,8,14,1,15.974987715208954,2,0,0.5447720429185858,0.20194632978856616,1,PayPal,Occasional,0
CUST001774,37,42.648149513313925,1574.647721374001,14,21,0,86.15479087407387,4,2,0.44573026766303153,0.40612874656815534,0,Credit Card,Occasional,0
CUST001775,9,102.17029386493203,873.8575730804437,7,92,0,32.87474779667476,3,2,0.39891628057073686,0.4938259314107539,0,PayPal,Occasional,0
CUST001776,27,79.69093976355504,1901.0875689134957,16,23,0,63.71866041764779,4,4,0.13474954109799478,0.17644610526767254,0,Debit Card,Premium,0
CUST001777,13,44.01121412375572,597.6369325958295,7,159,3,56.396250650721605,2,0,0.2047582279270508,0.23269851996471877,1,Credit Card,Occasional,0
CUST001778,7,76.06777101850713,617.6289934036088,12,4,0,10.925002209134899,3,2,0.2220199159803717,0.31066865047552505,1,PayPal,Regular,0
CUST001779,44,174.84590388326504,6673.415473995261,10,59,1,57.87290843668704,0,3,0.1435948714808248,0.35298117439067267,0,PayPal,Occasional,0
CUST001780,0,85.84691600515242,0.0,8,20,1,24.86446790426374,5,1,0.24455647521672144,0.5226044069970289,0,PayPal,Regular,0
CUST001781,55,72.92778830956013,3780.6107909986513,10,0,1,11.368643361306784,3,2,0.1833117966806657,0.424853444860644,1,PayPal,Occasional,0
CUST001782,14,128.68715554615451,1734.0816088679221,10,107,1,52.97341621191423,3,0,0.22107262036776157,0.3016123602921449,0,Credit Card,Premium,0
CUST001783,24,185.8442501273547,4072.599420460159,12,100,2,13.933772070376316,2,2,0.4358953608638523,0.2683076435332455,0,Debit Card,Premium,0
CUST001784,25,35.28188761916697,850.0369978178894,10,14,0,122.50215696626557,1,1,0.43185422319680655,0.29526603907349097,1,PayPal,Occasional,1
CUST001785,54,105.3231656252311,6309.33335279283,4,92,2,25.047509576489958,6,2,0.3897944466926084,0.19634612637789137,0,Credit Card,Occasional,0
CUST001786,24,62.24384199565773,1398.357482033614,10,4,2,55.205770486719636,2,3,0.7409551376381056,0.5954562972284012,0,Debit Card,Regular,0
CUST001787,22,86.14194608966766,1818.6333771775335,7,34,3,50.950752533083175,5,0,0.509270282814934,0.4146019977834835,1,PayPal,Occasional,0
CUST001788,1,135.9975349578908,145.1730583647936,5,6,0,86.87004778471277,5,1,0.25110098650368917,0.359828573435381,1,Debit Card,Premium,0
CUST001789,17,66.35964340201286,1108.5281948171578,10,8,3,31.871319997189293,1,4,0.24551477868243804,0.27119920481629745,0,Debit Card,Occasional,0
CUST001790,3,78.15806416843547,212.58926679379266,14,45,0,34.72869085733712,7,2,0.035641836937316415,0.1310816307040582,1,Credit Card,Premium,0
CUST001791,32,165.085638730617,5511.211586727558,10,14,1,51.68192253810431,4,7,0.47478150009939163,0.2851446115538386,0,Credit Card,Regular,0
CUST001792,17,115.89893832841953,1630.4590405038364,12,0,0,26.277001502244282,3,2,0.23532176667267712,0.33465904363137483,1,PayPal,Premium,0
CUST001793,27,76.77690553153833,2129.6569696379897,14,16,0,36.09218862987851,6,1,0.3706714581830483,0.33399765980678464,1,PayPal,Occasional,0
CUST001794,1,92.67676010246342,113.48002494191863,11,7,4,28.2353596008845,5,0,0.45564708464069614,0.29874366679494785,1,PayPal,Regular,0
CUST001795,2,87.60151965309112,143.28481661191748,10,34,3,59.56023565962888,3,1,0.0427950355117255,0.23738961005315032,1,Debit Card,Regular,0
CUST001796,30,13.8483809410366,435.3599338910929,5,6,0,75.84621349494715,2,6,0.3260378373141538,0.5062214731785425,1,Credit Card,Occasional,0
CUST001797,1,93.87163883783178,89.95100829489266,16,55,4,92.83894349339914,1,2,0.20523769934155336,0.1342341514527737,1,PayPal,Occasional,0
CUST001798,1,25.28801873446157,32.31280627519501,15,9,3,89.10090565425992,3,1,0.43744622149769574,0.07214368346648983,1,PayPal,Premium,1
CUST001799,0,182.29888040206356,0.0,12,14,0,65.49093326099106,1,0,0.24511321193407987,0.48093975444023873,1,PayPal,Occasional,0
CUST001800,75,24.692856447495597,1837.1652254657115,6,10,1,64.9313724629665,2,2,0.16337549842766497,0.10483845671268249,0,Debit Card,Regular,0
CUST001801,32,59.72702953203268,1706.158369087785,13,30,2,63.97731143854074,2,1,0.5315893175577974,0.1872135651878607,0,PayPal,Occasional,0
CUST001802,10,50.69139872193313,525.4870732842312,10,3,1,46.85891335258333,2,1,0.501132181551753,0.6077689265737886,0,Debit Card,Premium,0
CUST001803,8,229.4272705108224,1501.2136219583488,8,19,0,21.735386243679304,2,1,0.27315541884780326,0.2932016169821022,0,PayPal,Premium,0
CUST001804,10,177.12904227986436,1717.4780049624305,10,12,1,109.00409884488901,0,1,0.23887435974768176,0.47697192985613995,0,Credit Card,Regular,0
CUST001805,35,5.857436106391948,211.0411927871973,15,64,0,63.755724798321545,3,5,0.34644077496234255,0.39357485705094175,0,PayPal,Premium,0
CUST001806,25,82.5583402796191,2207.468666740342,10,2,2,77.32385949721285,7,2,0.3558801397670784,0.25893294288979285,1,Debit Card,Regular,0
CUST001807,4,29.903998834187533,123.87242554123085,8,53,0,34.03837302292203,1,2,0.4280983526938375,0.48151927589972426,1,PayPal,Premium,0
CUST001808,4,94.13932979921724,369.45521606594343,10,5,0,150.56238240560262,8,3,0.26506493099056233,0.2919347057924088,1,Debit Card,Occasional,0
CUST001809,2,133.80874781329342,214.53715513617294,8,2,1,100.67544686878057,3,1,0.18633733347527492,0.4968314359418501,0,Debit Card,Occasional,0
CUST001810,25,100.17786712436607,2906.73827370741,10,6,2,37.948209655865305,5,3,0.05159623369403578,0.18226370188185886,0,PayPal,Occasional,0
CUST001811,34,139.60221483462087,4488.119055082914,12,3,0,32.48267660614191,0,2,0.2189113645745848,0.19764356653856682,1,Debit Card,Regular,0
CUST001812,7,67.81757346891722,427.4126190709958,10,22,1,76.6764394240537,7,0,0.3526587975094941,0.32655412972861597,1,Debit Card,Regular,0
CUST001813,0,102.56386458980191,0.0,15,133,2,46.649588471906824,4,1,0.40973799033045183,0.3241131546790851,0,Debit Card,Regular,1
CUST001814,2,136.11812903134583,257.2037023391088,14,1,0,59.185783821952214,4,2,0.4754786330564794,0.44318056083959695,1,PayPal,Regular,0
CUST001815,82,57.853198417260934,4441.3893454761255,14,18,1,105.42503143770304,3,1,0.24791592726715228,0.25224383339131057,1,PayPal,Occasional,0
CUST001816,8,39.476656621513065,284.82783930583435,12,14,0,58.437470407777,2,1,0.16630246539270788,0.44893494768764675,1,Credit Card,Regular,0
CUST001817,35,48.32910556522138,1626.3263612109279,6,12,0,44.909660536633076,3,6,0.24767516595493988,0.07194690101851939,1,PayPal,Occasional,1
CUST001818,23,75.96711532514702,1898.9463093968818,12,12,2,65.78642184834784,1,6,0.32848846886222316,0.24480597978459603,1,PayPal,Premium,0
CUST001819,11,84.30713919934108,954.1038515722676,13,67,1,16.614636407295013,2,4,0.3700437818374192,0.31282633583216446,1,PayPal,Regular,1
CUST001820,5,106.9792391377685,547.8306072929664,12,0,1,56.72442797134125,5,2,0.09653230719090955,0.36280694313121753,1,Debit Card,Premium,0
CUST001821,3,44.23753404570563,138.4098642860281,10,44,0,18.792784602542497,2,4,0.13641732433008155,0.36371464666863257,1,Credit Card,Regular,0
CUST001822,22,138.9090794302131,3034.596090535127,8,8,1,72.95566365661125,2,3,0.14273415594466446,0.5012170824029,1,PayPal,Regular,0
CUST001823,35,264.63627582099366,10421.42437239016,9,14,0,6.08295293155315,5,0,0.18672725199909113,0.26932290654713775,1,Credit Card,Occasional,0
CUST001824,24,51.01619193237848,1180.1263579766237,5,16,4,46.329990840357034,0,3,0.2749820724936719,0.2928501241527829,0,Credit Card,Regular,1
CUST001825,18,363.0247378952855,7342.082741694196,11,10,0,120.73236672608434,3,2,0.6063099469872805,0.3212784720075135,1,Debit Card,Regular,0
CUST001826,1,288.15246321910786,269.05871573012786,12,2,0,96.13843244803304,1,2,0.6873987297329825,0.39261073632149857,1,PayPal,Regular,0
CUST001827,82,84.10256690131057,7084.708694360747,12,3,0,58.68699224149657,2,1,0.08323397249456535,0.30964978558110634,1,Credit Card,Premium,0
CUST001828,38,74.19178352495422,2891.2854857123025,8,10,0,127.39198957895923,2,3,0.6069202221603921,0.16059987385707505,0,PayPal,Occasional,0
CUST001829,8,47.72825200304982,352.98745375475914,8,51,1,36.413113152092514,2,4,0.24637925343864375,0.39255404170126823,0,PayPal,Regular,0
CUST001830,93,153.4377341826572,15901.03963935952,13,4,1,25.392115334495937,2,0,0.28934458779162603,0.4794551512314588,1,PayPal,Regular,1
CUST001831,22,88.49980243212016,2003.9333420346939,14,40,1,44.02748862537756,2,2,0.5527750653376586,0.21579744491819697,1,Debit Card,Occasional,0
CUST001832,20,95.71248054522876,2172.810021741762,14,10,0,43.546314958779966,1,2,0.16107243908876914,0.24989027181891274,0,Credit Card,Occasional,0
CUST001833,33,40.24857320545324,1253.9152175402128,12,64,0,45.4868497911509,4,1,0.2765144523908434,0.23151435396237555,1,PayPal,Occasional,0
CUST001834,40,156.46075068913288,5903.893336441587,6,16,2,52.18049981426739,3,2,0.4338991657478632,0.1265184212274375,1,Credit Card,Regular,0
CUST001835,25,69.59086628759769,1639.3647660478277,11,5,1,14.337282612572812,1,6,0.2592757287608369,0.3301986750829886,1,Credit Card,Regular,0
CUST001836,3,32.1095167018273,91.68671972254322,7,127,0,30.435139689889347,3,3,0.5413799163547828,0.40754327195465073,1,Debit Card,Premium,0
CUST001837,9,79.06853167766342,787.0791754632335,6,5,0,36.24780546643977,0,2,0.22051380148222036,0.08617001437424464,1,Debit Card,Occasional,0
CUST001838,63,42.65154193120437,2447.067804295701,7,25,1,125.78356176026662,1,2,0.47031565050036267,0.5457943609621583,1,Debit Card,Premium,0
CUST001839,6,206.51120985876088,1232.4499134422765,11,25,0,35.85604839849008,2,2,0.32474491805353556,0.06147915336049323,1,PayPal,Occasional,0
CUST001840,11,285.6920568250922,3170.676320223554,11,13,0,38.09196637219553,2,2,0.16793211125704713,0.1472360568637847,1,Debit Card,Occasional,0
CUST001841,13,80.83204880262139,967.4181795170792,9,90,0,75.30569980611392,2,1,0.15083744336494448,0.19684741287255286,1,PayPal,Premium,0
CUST001842,13,173.79004156189075,2295.5389301956466,10,55,1,44.35857803763778,3,0,0.1570132538736319,0.025231308662012005,1,Credit Card,Occasional,0
CUST001843,22,170.86218603134574,4276.331807342051,10,53,0,144.52218291972616,1,2,0.7573026350526543,0.14476852016776853,1,PayPal,Regular,0
CUST001844,68,1.112376501692209,77.45070179403146,12,109,1,79.52797134447722,2,2,0.0823459253662205,0.38223659698622303,1,Debit Card,Regular,0
CUST001845,6,48.39450450629923,314.5816379804371,14,18,1,72.60449053630587,6,4,0.05959961895716069,0.18966544667192442,1,PayPal,Regular,0
CUST001846,3,91.47576153350064,329.85859388144763,10,3,1,16.139277325096305,4,3,0.3403135854986057,0.44751577097598016,0,Credit Card,Occasional,0
CUST001847,5,59.10937560854096,263.30240273510526,11,43,0,60.616832620138226,4,0,0.5911323370738386,0.4750958968667723,1,Debit Card,Occasional,0
CUST001848,52,45.15436226234892,2659.1034269396305,11,14,2,54.576984369702274,3,1,0.4729848537626368,0.14900090364467408,0,PayPal,Premium,0
CUST001849,24,178.71185707355463,4031.387023270141,9,6,0,88.61160046332881,3,2,0.3528789579259054,0.48062346966625225,1,PayPal,Regular,0
CUST001850,8,57.19320397529467,464.51170909194974,6,19,0,73.71965886974118,3,2,0.2402434262462113,0.1708786852674234,0,Debit Card,Premium,0
CUST001851,40,107.1864272172368,3949.8760079842,14,77,0,66.88361825346689,4,1,0.08153672289062407,0.179749208443185,0,PayPal,Regular,0
CUST001852,47,168.20481489888303,7504.014878998986,12,5,0,62.43140136527052,2,2,0.14567239143359667,0.44164625486123427,0,PayPal,Occasional,0
CUST001853,44,214.68725885889026,9115.98707784279,9,56,0,35.92908780281128,5,2,0.3216103349475132,0.18441749838214655,1,Credit Card,Premium,0
CUST001854,60,32.26418645174033,1985.3753328863754,6,16,0,25.483732226521578,3,6,0.4051185994762403,0.23143625953162425,1,Credit Card,Regular,0
CUST001855,6,35.0093154040218,191.51557442236583,11,4,0,63.74315731459511,3,3,0.23077874681703933,0.34041516215897866,1,Debit Card,Occasional,0
CUST001856,33,98.63957811618798,3732.0442533967957,10,56,0,26.424005017882624,6,2,0.2479773623151434,0.28021489352236617,1,Debit Card,Occasional,0
CUST001857,14,10.255587425008224,170.27673140515233,6,104,2,51.940621332646856,2,1,0.7389018203824651,0.26945123298367,1,PayPal,Regular,1
CUST001858,44,36.629675905263156,1510.1380174695933,11,10,3,113.6564035483893,4,2,0.22477433757511942,0.09402199084539704,1,Credit Card,Occasional,1
CUST001859,31,192.12252963716608,5693.947460975177,10,10,2,126.72734648737462,3,1,0.26140447072569584,0.30355498800947656,0,Credit Card,Premium,0
CUST001860,35,131.43889936832556,5123.675067583677,11,14,2,44.21374792988235,0,1,0.5207266023526979,0.08590110920718697,1,Credit Card,Regular,0
CUST001861,25,75.96636458788247,1960.4430654889516,16,50,1,92.98773386206068,3,3,0.20661060239258144,0.5889662410531515,1,Credit Card,Regular,0
CUST001862,4,117.87878469855626,422.4133276593096,7,0,0,51.362776300188045,4,0,0.2470586192759919,0.32620223697682077,1,PayPal,Regular,0
CUST001863,18,137.8611536896279,2315.5403555435955,6,7,0,25.532152965750157,2,5,0.11219422283040856,0.13623268077007689,1,Debit Card,Regular,0
CUST001864,100,22.341880009980162,2227.4719561218367,11,36,1,51.799274292970594,2,0,0.17370735168142387,0.5279255457205025,0,Debit Card,Regular,0
CUST001865,66,56.34623082100148,3874.472292250892,11,15,2,174.0208182789633,4,0,0.22122568977115845,0.2433543926754265,1,PayPal,Premium,0
CUST001866,1,209.75986685371453,179.21424194794795,11,12,0,70.81499027917789,4,1,0.08693649403231393,0.2936878590278964,0,Credit Card,Premium,0
CUST001867,4,99.93634035195996,354.25514031454816,11,61,2,28.987235816928315,1,3,0.48950317622237605,0.2764254253418496,1,Debit Card,Regular,0
CUST001868,3,104.34245707263511,331.958474095711,17,74,0,63.19649450656982,4,2,0.2701243686462441,0.19416075666918914,0,Credit Card,Occasional,1
CUST001869,31,80.9943333553538,2587.5051236160602,12,88,1,81.52406397689077,4,2,0.6810057777296452,0.23690506781660592,0,PayPal,Regular,0
CUST001870,40,13.963187475132285,586.2245240160006,10,9,0,92.34114156279472,2,3,0.2704206509042853,0.313113434402944,1,Credit Card,Regular,0
CUST001871,5,50.31025887747225,226.0210899548508,8,73,2,43.80096546172911,1,4,0.022987126598644166,0.3408014826983901,0,PayPal,Premium,0
CUST001872,16,112.85348873903658,1880.1602328922934,13,40,1,128.6060965485427,5,1,0.3854519655241234,0.19772487548084464,0,PayPal,Regular,0
CUST001873,44,57.46457813920731,2852.9060816772676,9,5,0,48.18649274771904,3,3,0.1982866819795613,0.2752018558126164,1,PayPal,Regular,0
CUST001874,31,33.38358663422511,1007.4602320421819,5,28,1,63.64886037248394,5,3,0.4597251874034385,0.1004099840600367,0,PayPal,Regular,0
CUST001875,18,37.67582279841358,732.5709844735104,14,0,2,16.583128891627496,3,1,0.40784741594292057,0.37190731039941904,0,PayPal,Premium,0
CUST001876,21,212.64219924762625,4072.461585529355,11,36,1,108.28702513043403,1,1,0.31540770220587794,0.30935658432906565,1,Debit Card,Regular,0
CUST001877,17,54.90550243848487,834.1291454968689,12,39,0,22.176408634488443,2,4,0.1446690209415979,0.07584682139367172,1,PayPal,Regular,0
CUST001878,8,184.94092327085897,1163.492955177139,8,46,1,78.0165158477162,1,1,0.38437084189456844,0.43297685226924515,1,Credit Card,Regular,1
CUST001879,19,104.69736115829504,2312.583054471516,14,5,0,38.175004104508226,3,1,0.2775539490009342,0.08824583632025271,0,PayPal,Occasional,0
CUST001880,28,69.29061773465224,1845.4828444779766,7,29,1,22.31712869659656,3,1,0.381304562530127,0.22059430169435892,1,Debit Card,Regular,0
CUST001881,49,43.28616421193064,2418.723389310062,14,5,2,39.75850548257811,7,0,0.14268794283490785,0.2449477919548838,0,Credit Card,Premium,0
CUST001882,24,133.93123032641427,2963.0846414515167,5,87,1,15.94964965311032,1,2,0.4014606167080232,0.22112341627101123,1,Debit Card,Premium,1
CUST001883,34,169.89890232684067,5760.32278750714,11,33,1,32.67929185084425,3,1,0.29923670786329154,0.40833256155471365,1,Credit Card,Regular,0
CUST001884,4,143.03699494901554,610.5467410441179,13,3,3,35.09439018501943,2,0,0.26101700164989794,0.3344869512200005,1,Debit Card,Occasional,0
CUST001885,14,24.83883642268414,390.6545877343797,10,6,1,23.040867449406342,1,1,0.0722097719680406,0.2028988327939419,1,Debit Card,Occasional,1
CUST001886,0,54.7774989019729,0.0,6,32,1,61.68394630255137,2,7,0.1500741235943682,0.12565583739370986,1,Debit Card,Regular,0
CUST001887,6,60.42955641077734,341.50344337477105,16,19,0,49.81312076483225,2,2,0.37611882513804495,0.2205402273788596,1,PayPal,Premium,0
CUST001888,31,10.863362437998312,298.1407330002341,7,39,3,61.50359068241541,4,4,0.14335966301011557,0.41423637879943476,0,Debit Card,Regular,0
CUST001889,115,117.03630489880972,14712.96280348313,10,9,0,35.90869647106708,4,2,0.3321944621147981,0.4800376672798125,0,Credit Card,Occasional,0
CUST001890,2,129.1611712909967,245.44934455591812,12,32,1,44.92755193394831,3,1,0.12069974138373255,0.13251260380706334,0,Credit Card,Occasional,0
CUST001891,12,126.01516094477152,1468.022395616327,5,5,2,21.242647175568223,4,2,0.4515728523060164,0.41790250933053313,1,Credit Card,Regular,1
CUST001892,38,111.67980553870174,4223.964523772852,13,23,2,33.63780194738878,4,4,0.340291218110822,0.5588746502768477,1,PayPal,Regular,0
CUST001893,5,64.73570894778337,286.22667864197155,12,94,1,22.180212883685474,1,3,0.4263765526554719,0.07856479415417501,1,PayPal,Premium,1
CUST001894,19,41.789001879714526,671.5772120437198,6,29,0,41.699270324229154,1,2,0.1578736434786796,0.22119071338328272,1,PayPal,Regular,0
CUST001895,31,64.55010792879638,2028.627247278061,11,1,1,33.633119688158,3,3,0.3694808472415845,0.32621649002099107,1,Credit Card,Regular,0
CUST001896,22,105.3151743784424,2585.1538153304004,8,134,4,77.97995348857374,3,2,0.213379233707294,0.27343681970810807,0,Credit Card,Regular,1
CUST001897,4,196.5914256146289,746.8742821805325,10,5,1,82.16828874549024,4,3,0.30619112252776876,0.2610538744719606,0,PayPal,Regular,0
CUST001898,10,88.47079074291374,848.0306749980305,8,37,0,57.23054983942192,2,6,0.12599643789349232,0.38393962905388723,1,Credit Card,Regular,1
CUST001899,36,86.21004103991709,3588.341204267773,15,22,0,80.7150960158923,4,3,0.5887264829093949,0.33927175367740786,1,Credit Card,Regular,0
CUST001900,19,12.128084072382334,249.61167549501965,15,10,2,60.40000186237041,4,2,0.49935711105059216,0.2320154464366915,0,Credit Card,Regular,0
CUST001901,0,110.45294017305316,0.0,10,5,1,36.80326100185849,6,1,0.011687461485386024,0.09776603310605803,1,PayPal,Regular,0
CUST001902,34,206.20782887815255,6976.683722034317,13,5,1,53.92342584797462,3,1,0.270228570316638,0.41653822653308425,1,Debit Card,Occasional,0
CUST001903,0,76.44090126946784,0.0,14,58,0,116.82883769777824,3,1,0.20359810681556842,0.36203159458054773,1,Debit Card,Regular,0
CUST001904,32,72.00642823911828,1641.8202716820806,13,61,1,88.93024419697055,3,0,0.1964174979630958,0.23962899438762647,1,Debit Card,Regular,0
CUST001905,5,61.36896742899466,325.1959988771433,8,18,2,52.119910241329215,3,3,0.4911573537657287,0.3353952741402856,0,PayPal,Occasional,1
CUST001906,76,137.1286103608751,11008.517976279505,9,3,2,15.796369794518512,4,3,0.26428204520462134,0.1340982981758904,1,Debit Card,Regular,0
CUST001907,11,11.440701111087341,110.59131087084528,10,64,0,138.35759413042635,1,2,0.46118432393578773,0.07112488789503588,1,Credit Card,Premium,0
CUST001908,9,185.06424016814398,1408.8733244729913,9,20,1,46.936069501246834,4,6,0.10712656657681749,0.37139361422697864,1,Debit Card,Regular,0
CUST001909,3,69.52587552835423,212.06300766595834,12,17,3,95.70783432168163,4,1,0.37592792915764617,0.294441900207974,0,PayPal,Premium,0
CUST001910,8,111.91169346547079,945.2178989424465,10,15,0,50.99043705216118,4,0,0.12988408710917823,0.32683986385180247,0,Credit Card,Regular,0
CUST001911,50,144.69180206050098,7213.670444289563,8,13,0,12.962694924643749,2,5,0.3733430098067924,0.3223582095645209,1,Debit Card,Regular,0
CUST001912,134,37.25273322419831,5137.185173662278,7,22,2,103.86702717484083,4,2,0.42996503677295006,0.19504273363589084,1,Credit Card,Regular,0
CUST001913,11,82.05420742037359,849.9488132255666,9,27,2,61.32252841214946,1,1,0.14154614829463724,0.14203164767931317,1,Credit Card,Occasional,0
CUST001914,14,68.3349685779046,1028.2153390766387,8,18,1,16.89195507987582,1,3,0.31925624751480236,0.4514351077985551,1,Debit Card,Regular,0
CUST001915,30,29.46921905802679,901.3048677974635,5,68,2,43.91920556098037,3,0,0.3384539232770436,0.26573675588709905,0,PayPal,Occasional,1
CUST001916,52,168.98389510939725,8397.232049522163,13,11,0,61.82504814068551,6,4,0.5968027196290324,0.44185999245964463,0,PayPal,Occasional,0
CUST001917,21,63.98268608629427,1620.5451255585654,9,25,2,57.55957830741291,6,2,0.2409425708955171,0.2627972848466509,0,PayPal,Regular,0
CUST001918,11,28.298673888582464,318.3029747404476,4,10,0,88.85697705225483,2,2,0.1986414802390307,0.22874701953903198,0,Credit Card,Premium,0
CUST001919,12,85.92322581052191,1013.6077102674968,17,41,1,61.348369678142134,0,1,0.22650599433961455,0.5699973154198014,0,Credit Card,Regular,0
CUST001920,28,21.097778089232396,595.2950139167507,10,3,0,52.833684103527645,3,4,0.396520164367958,0.06525640197586023,0,PayPal,Occasional,0
CUST001921,0,57.48014012641143,0.0,9,6,2,24.851981998498076,2,2,0.17069219508700734,0.39896019322977594,0,PayPal,Regular,0
CUST001922,23,103.78422216699383,2583.2866527437286,12,48,2,130.88886531393638,2,1,0.29977086147453835,0.2799043109909839,0,Credit Card,Regular,0
CUST001923,10,18.83432681491929,181.4926225576404,7,6,1,42.877675729087144,3,3,0.41083805953580366,0.2687601859272653,1,PayPal,Regular,1
CUST001924,37,131.04975347673383,4765.6424718261815,12,29,2,35.23830571816185,5,4,0.34990152496832866,0.47270591147046503,0,Credit Card,Regular,0
CUST001925,2,89.35782603270276,149.05028475747872,11,105,0,26.808305380420077,2,2,0.2113380615391918,0.6543105204438595,1,PayPal,Occasional,0
CUST001926,21,145.2685431371209,3556.15225009875,12,22,1,32.775452764991726,2,0,0.07512194717022802,0.17762401388393903,0,Credit Card,Occasional,0
CUST001927,15,144.15173498352482,1968.3054368390608,12,6,1,84.68496337039144,2,2,0.5325735895947388,0.21945016810877727,1,Credit Card,Premium,0
CUST001928,24,55.83618737889813,1223.5399568499804,8,11,2,19.66703381558163,2,1,0.19029495551840825,0.20275770410675817,0,PayPal,Regular,0
CUST001929,1,57.12655407728487,58.771855015329315,15,52,3,40.057679027031895,4,0,0.2550104262199569,0.24377655295777353,1,Credit Card,Regular,0
CUST001930,20,117.93584921633172,2612.3518091861165,12,13,3,12.680285308977464,4,2,0.3660805059605706,0.17191253777604404,0,PayPal,Premium,0
CUST001931,19,32.06560333637492,686.9186864485032,11,38,1,30.317831388542096,4,2,0.5273948464343554,0.32287398711220355,1,Credit Card,Occasional,0
CUST001932,19,32.26870423232819,554.6731900168304,10,45,1,34.61363152455238,3,3,0.09786573023941389,0.09703110174766688,0,Debit Card,Regular,0
CUST001933,22,49.52429206203049,1190.0539965436712,6,20,0,32.3920609882241,2,2,0.2830758806459916,0.3627710179742239,1,Debit Card,Regular,0
CUST001934,27,23.09189609722831,654.1606601155127,6,45,0,26.750825538372975,0,1,0.47611880272484824,0.15826450624894062,1,Credit Card,Occasional,0
CUST001935,39,27.984160906995864,1180.3577653085233,8,11,2,110.41758084664107,1,3,0.26561410686024334,0.5069907041536412,1,Credit Card,Regular,0
CUST001936,7,28.907610968329394,226.3058791632026,11,21,3,34.664578964001564,2,0,0.35521153770228286,0.18585344894245456,1,PayPal,Regular,0
CUST001937,41,64.17195385231935,2742.4499341601913,5,34,1,82.43181186820783,3,1,0.4091530732456065,0.2914730819796292,0,PayPal,Occasional,0
CUST001938,16,61.80496079733454,1226.2912658132605,8,5,0,37.73614352645863,2,2,0.5049532699004035,0.5245402701047167,0,Credit Card,Regular,0
CUST001939,1,160.7412684981786,155.54987063539707,8,9,0,22.279345699337853,4,2,0.06951597789624513,0.5701380389816475,0,PayPal,Regular,0
CUST001940,1,65.10311288564566,58.064983744935056,10,31,1,74.80240271456984,6,1,0.11218516396448382,0.12332250755111172,0,PayPal,Regular,0
CUST001941,9,77.32934794137189,653.8979086729818,12,31,1,94.50058382740211,5,4,0.25185165199906656,0.18229760047159413,0,Debit Card,Premium,0
CUST001942,36,252.35661359097801,9148.508182981095,8,20,1,22.117798632227522,1,0,0.2715788815018292,0.15644794875589405,0,Credit Card,Regular,0
CUST001943,29,6.182480535742477,176.7729279082817,12,47,1,70.36355458295895,2,3,0.11452719627741238,0.16864720101321473,0,Credit Card,Premium,0
CUST001944,37,96.5936329761298,4213.628862558125,9,19,1,42.9153947701549,4,0,0.28972559657951863,0.5461436149282157,0,Debit Card,Regular,0
CUST001945,17,69.60880329925239,1186.497743577473,9,63,3,142.551094678663,1,1,0.05813009130797577,0.5971728863066543,0,PayPal,Regular,0
CUST001946,13,103.90100106312194,1424.8017692897809,10,39,0,89.9110589102004,2,3,0.09421688518519492,0.33269729175730756,0,Debit Card,Regular,1
CUST001947,3,52.21714237386899,142.12806713375372,9,11,0,118.77682000354953,2,2,0.546140356887182,0.5936160994437395,1,Credit Card,Occasional,0
CUST001948,9,64.76872898379484,572.04323071541,4,15,0,38.08406714249736,1,3,0.08159587601364922,0.48390479258193897,1,Credit Card,Regular,0
CUST001949,13,190.48568427062574,2640.985500365842,3,33,1,122.92326087156091,8,3,0.17542694392770533,0.1026058581958485,0,Credit Card,Occasional,0
CUST001950,2,116.77961462676399,231.99977388638422,11,67,2,79.3895409741546,0,0,0.2785531593650913,0.41355117785114215,1,Credit Card,Premium,1
CUST001951,5,67.40747095414369,284.1469229596519,6,5,4,56.625600105074284,2,2,0.3037961512734481,0.28919212852983683,0,Debit Card,Regular,0
CUST001952,21,42.682898110634184,882.0644319697435,10,21,2,74.74818882458179,3,2,0.216067104426007,0.4640653443090569,1,Debit Card,Premium,1
CUST001953,31,31.95570538787892,720.7598297862351,11,3,1,26.499153479427136,2,3,0.5044568228136002,0.639837578783229,1,Credit Card,Occasional,0
CUST001954,153,55.0330559050216,7159.49994915746,10,9,1,56.96840119023112,3,1,0.041243961128982036,0.6538087550532107,1,PayPal,Regular,0
CUST001955,64,72.26833817634784,4646.594760989501,10,34,1,42.67842590621079,4,3,0.325474265413847,0.26267927692759185,1,Credit Card,Premium,0
CUST001956,24,251.7318318392125,4891.507033776422,11,2,1,95.31410145617085,1,0,0.25205838482179055,0.21032098493908855,1,Credit Card,Occasional,0
CUST001957,13,91.44838900328594,991.3980229330812,10,32,1,10.173089316336338,1,3,0.09297837487882259,0.5778176064469188,1,Debit Card,Premium,1
CUST001958,24,47.25308432572271,1174.0104516674137,10,69,3,56.04116955397187,3,1,0.3735492055336505,0.22846992061363552,0,Credit Card,Regular,1
CUST001959,36,6.224401483102514,233.46964485262112,18,104,2,39.43333541512705,4,1,0.30015961302360344,0.5094489220987537,1,Debit Card,Occasional,0
CUST001960,3,41.61216118088272,127.46043049087166,10,7,1,129.4461736139824,3,1,0.06755299380802249,0.29224624587175724,0,PayPal,Regular,0
CUST001961,12,55.09543170339786,644.0544219077624,15,41,1,46.767802689315744,1,1,0.2358146547479814,0.019165970858976422,0,Credit Card,Occasional,0
CUST001962,43,98.1550665965011,4113.22171045796,6,78,1,43.82856212988847,5,4,0.47236728905630254,0.19186465265093564,1,Debit Card,Regular,0
CUST001963,11,56.78887233331634,699.5191486460049,11,2,0,56.530048125261736,2,2,0.46526190322102834,0.25816029944045804,1,PayPal,Occasional,0
CUST001964,20,259.52815886358866,4991.101305693615,14,16,1,75.9578088355934,2,2,0.15838852806750048,0.3519007508570727,0,PayPal,Occasional,0
CUST001965,21,68.36549576200983,1333.0018445999824,17,75,1,14.942103590075817,1,6,0.13929208064266865,0.029137526829876904,1,Credit Card,Premium,0
CUST001966,4,164.49667589005387,795.9153530192862,12,6,1,20.948534565809215,1,4,0.4016758547030006,0.10901992827029235,1,PayPal,Regular,0
CUST001967,10,17.161640753709133,205.9250995726971,4,81,2,129.84388969991355,4,2,0.7494671650137394,0.5070604506748426,0,Credit Card,Regular,0
CUST001968,9,78.70279475548837,607.6503298451138,5,22,1,58.105963959643496,5,3,0.410076914179342,0.49205853930393767,0,PayPal,Occasional,0
CUST001969,0,42.00196094557183,0.0,10,3,0,182.75645571029688,3,3,0.2961373946957602,0.4267434767136267,1,PayPal,Regular,0
CUST001970,0,167.61805982556487,0.0,14,17,1,28.693423856055862,4,3,0.37490054181578086,0.3195646729257449,0,Credit Card,Premium,0
CUST001971,42,59.91305219375097,2723.8492146171184,12,11,0,70.68717128639315,1,2,0.3724235255844266,0.4808000951083848,1,Debit Card,Occasional,0
CUST001972,7,194.09173543929967,1126.3956167103731,8,9,0,58.667071434344265,1,0,0.08849183580365148,0.30873299755225236,1,Debit Card,Premium,1
CUST001973,17,129.8131075302936,2180.5367941963436,8,23,0,109.10676701942666,6,1,0.5107064214556738,0.3291750086646839,0,PayPal,Regular,0
CUST001974,8,53.638274795065,410.0049063998024,11,19,0,18.225745263827577,7,3,0.3340343553717539,0.46354785421171657,0,Debit Card,Regular,0
CUST001975,67,31.395989476214382,1964.8533217832126,13,19,0,130.3305197538697,2,1,0.48042683803104563,0.15758217651709397,1,Debit Card,Regular,0
CUST001976,7,44.27841508264382,319.45932977631804,12,2,1,55.329503100203645,10,2,0.4593976391904158,0.34893166210263293,1,Debit Card,Premium,0
CUST001977,13,64.83064970932985,780.1620260655009,12,48,1,49.157987537137274,7,4,0.445914241926559,0.2971675719796199,1,PayPal,Premium,1
CUST001978,49,129.22554716135602,6842.375245071343,10,19,2,69.87873572729197,2,2,0.6910942061186286,0.19661182095977245,1,Credit Card,Regular,0
CUST001979,44,80.78256861400051,3474.1736518008343,12,51,1,47.68205986160318,3,4,0.17524925015816697,0.44596846277078894,1,PayPal,Regular,0
CUST001980,4,145.89765089100385,632.3095426799775,10,52,0,56.44415952810551,1,0,0.049632764016247166,0.3466372666926056,0,Debit Card,Regular,0
CUST001981,38,204.27819932459585,8152.993810964912,13,11,0,100.78677013326354,1,2,0.22567175437455292,0.538837762971595,1,Debit Card,Regular,0
CUST001982,14,84.10141376235019,1341.9408195160222,10,0,0,26.372130600962794,2,2,0.157813900217433,0.4005063507057137,0,PayPal,Regular,0
CUST001983,15,34.70281703260802,434.77469620193847,13,72,0,68.5029550333055,5,1,0.6316888472291774,0.47743764490669527,1,Debit Card,Occasional,1
CUST001984,3,107.4242256183226,263.38223892626047,12,42,0,69.86977452458274,4,1,0.01996174776132812,0.5259034985983345,1,PayPal,Regular,0
CUST001985,2,278.4659652538416,531.6892124077033,16,3,1,134.39819409353197,3,4,0.32068689139458006,0.49229420477009267,1,Debit Card,Occasional,0
CUST001986,31,151.62304274831055,4950.511205169146,11,36,3,41.811204140437965,0,0,0.3272692132850765,0.088701674019401,1,Credit Card,Occasional,0
CUST001987,16,101.58382872826148,1717.2127532849374,11,0,3,5.9356521920938725,2,1,0.09722680088076126,0.09669869552894785,0,Debit Card,Premium,0
CUST001988,13,38.9241134646798,543.0875116619105,15,0,1,37.96729781240619,2,1,0.3545463629641066,0.35005013593566997,1,PayPal,Regular,0
CUST001989,31,70.292338740692,2042.5494076520852,4,22,0,31.707906528144278,4,2,0.6313537986845431,0.4361702194376232,0,PayPal,Regular,0
CUST001990,34,18.386375080509108,598.0221766841995,7,3,0,120.93258235205738,3,3,0.48708839008652965,0.3271955085020447,1,Debit Card,Occasional,0
CUST001991,4,29.649721537695946,121.47752614521282,9,100,1,4.904211301474356,5,4,0.13886315675768968,0.06239736515325571,1,PayPal,Occasional,1
CUST001992,22,109.0299756995887,2474.78258663371,15,67,0,92.36180113300458,5,1,0.061602167819609185,0.24318082962381563,1,Debit Card,Regular,0
CUST001993,3,14.293929934727581,39.398468329143704,7,31,1,63.96055096705908,6,2,0.07807905943330015,0.24804143071061857,0,Credit Card,Occasional,0
CUST001994,33,62.27332864261291,1672.4787018383945,7,1,2,21.56366959027066,4,2,0.37467019305096705,0.2849727039568064,1,Debit Card,Occasional,0
CUST001995,25,26.6334647998684,699.7377694476289,17,11,0,66.26426387212811,1,0,0.17346350231282423,0.132981207621961,1,Debit Card,Regular,0
CUST001996,75,31.06010525503536,2356.5796352043394,7,13,3,13.281493903643005,3,1,0.46005160422629365,0.22673001244511087,1,Credit Card,Occasional,0
CUST001997,1,85.27150232493725,67.61785272302272,11,19,1,78.12056069166141,9,2,0.07229739291323031,0.25079179663501316,1,Credit Card,Occasional,1
CUST001998,1,44.33148517185559,33.08738674113728,15,5,1,48.322307754813835,2,2,0.0958510909233961,0.693901587827295,1,Credit Card,Occasional,0
CUST001999,7,21.71460662563443,160.13880659646594,9,25,0,9.335747309374987,3,1,0.2856981057722226,0.3138929327752906,1,Debit Card,Occasional,0
CUST002000,7,52.069133976065565,377.3873525958578,12,17,1,20.266645401795373,1,2,0.3321538517752533,0.26046996727211796,0,Debit Card,Premium,0
CUST002001,6,20.94244796885067,136.83176121730355,9,88,0,79.61548203956335,4,1,0.19092950170675482,0.15375326871507897,0,Credit Card,Occasional,0
CUST002002,56,186.08111000620175,9923.967147716521,7,82,2,137.9530436890574,2,4,0.04573589450073574,0.4484074788090001,0,Debit Card,Regular,1
CUST002003,6,134.25021661212148,757.3817092004763,12,25,1,140.2416520510538,5,1,0.5113157070311555,0.5105145076669662,0,Debit Card,Occasional,0
CUST002004,7,133.83291773143245,1101.8694144868025,13,31,2,94.63928617610271,2,5,0.6045093229089381,0.46688901186871773,1,Debit Card,Occasional,0
CUST002005,34,40.70388132741633,1362.9113206202826,13,4,2,16.59019485098559,2,1,0.13216542401297238,0.373243012909832,1,Debit Card,Regular,0
CUST002006,14,111.62648166594494,1749.0332988206362,10,7,0,103.49701581919362,9,1,0.4337837022838298,0.2794764040314548,0,Debit Card,Regular,0
CUST002007,35,94.77775912502176,3330.9325185970915,11,69,0,150.28051493165748,2,1,0.28632933658489157,0.6190565426310245,0,Credit Card,Occasional,0
CUST002008,1,43.460504011096866,43.5834015724228,11,36,1,120.23007744811392,6,3,0.10337956915075386,0.08634231778242044,1,Credit Card,Premium,0
CUST002009,16,76.92195607568524,1397.0649750002115,11,6,1,64.21330838617746,2,3,0.22389468347131372,0.07432374659371734,0,PayPal,Regular,1
CUST002010,0,17.4526759508716,0.0,9,25,0,24.096736200845726,5,2,0.6203985936519902,0.26916626892136564,1,Debit Card,Occasional,0
CUST002011,1,32.183308239428385,34.51623693412784,13,81,1,100.56733527211111,1,3,0.45584493324213593,0.33188169415911173,0,Debit Card,Premium,0
CUST002012,56,75.28808676943264,4457.014750875203,18,12,1,50.88362282062335,3,2,0.13118062295887234,0.36114123381626184,1,Credit Card,Regular,0
CUST002013,3,54.601810706606734,175.2001366114848,12,6,0,50.553676342287034,3,1,0.12287573948681527,0.26403680854323347,1,PayPal,Occasional,0
CUST002014,18,104.66211741075048,1833.1866467807902,10,85,0,52.616681021642535,2,2,0.19678839605269835,0.2222019082262956,1,Debit Card,Premium,1
CUST002015,12,44.48237178081912,548.0018915863931,8,18,1,53.12170222535421,4,2,0.5406123492555935,0.0773840754408017,1,Debit Card,Occasional,0
CUST002016,10,61.37384166831074,638.3214795182137,10,16,1,22.693382566538638,3,2,0.3069481367821515,0.32639538977657256,0,Credit Card,Regular,0
CUST002017,55,80.22095318365245,4519.098105549989,16,9,2,41.48841218945179,5,4,0.5136337292716635,0.1332836643282025,1,Credit Card,Premium,0
CUST002018,0,41.31566595468932,0.0,10,66,0,130.11367130142702,5,2,0.1610026766335696,0.4684652524323447,1,Debit Card,Regular,0
CUST002019,26,60.5269295763093,1519.0022944696298,9,56,0,52.02056352057296,6,2,0.12658396287284998,0.5594328196578102,1,Credit Card,Premium,0
CUST002020,79,94.28971112438505,6933.220462818805,12,15,2,39.7935341476903,1,2,0.07481054843761577,0.33965467980320413,0,PayPal,Regular,0
CUST002021,19,221.8823215898919,4179.992924738298,12,0,3,28.536169603528876,3,1,0.585728615599885,0.14763745653707636,0,Credit Card,Occasional,0
CUST002022,66,41.53353697011552,2653.3013465709796,12,17,0,27.58697575550091,3,1,0.26973196868995547,0.3271589855954261,0,Credit Card,Regular,0
CUST002023,1,54.81928266090635,50.906979010183676,6,5,0,79.85418276969025,0,0,0.06460338210789987,0.20198849039429456,0,Debit Card,Premium,0
CUST002024,13,150.59161991318936,2107.774417584458,15,4,2,63.062815070667014,1,2,0.20503266576075999,0.36334897589798604,1,PayPal,Occasional,0
CUST002025,7,176.59894582639632,1440.53933852545,13,14,0,59.115082778577275,1,2,0.3427558304151989,0.2760379205196692,1,Debit Card,Premium,0
CUST002026,31,119.29649787616714,3968.889072235667,11,3,2,78.20542301424905,1,1,0.3111202558109729,0.34455286222969894,0,Debit Card,Regular,0
CUST002027,95,173.54866337903294,16279.727379688573,8,94,0,92.58903325100094,2,1,0.5452858943915198,0.2809223437121235,1,Credit Card,Occasional,0
CUST002028,7,39.49327566953315,261.5887973079898,9,1,1,54.156352493166054,2,2,0.46154878978010855,0.34748893355367,1,PayPal,Premium,0
CUST002029,25,162.46616982902805,4393.61141511406,10,15,0,85.18722850360575,3,3,0.15488174609043187,0.2948694774577497,0,PayPal,Occasional,0
CUST002030,5,137.56741097966406,703.348111441233,7,5,0,34.74756507089458,3,5,0.22049467906639433,0.4342032309823943,0,PayPal,Regular,1
CUST002031,19,30.66518885570061,609.4010528151223,12,35,2,100.48807673843493,1,2,0.12326041271382361,0.32706059502858337,0,PayPal,Premium,0
CUST002032,14,62.102083462315036,801.9151409106988,15,2,2,46.9232663249004,4,1,0.3226294921162562,0.06300147933246948,0,Credit Card,Regular,0
CUST002033,85,8.430051615168635,747.325433844018,8,23,3,139.4611191165615,0,0,0.14319161345856138,0.38265391260876014,1,Debit Card,Occasional,0
CUST002034,22,89.23799047526093,1646.6503894702657,7,44,1,51.079089998585545,4,3,0.3661932941327665,0.18373158253812474,0,Credit Card,Regular,1
CUST002035,10,160.4582515523745,1682.7888800185606,14,89,1,24.618797648979076,2,4,0.3136236098024809,0.4694378458694873,1,Debit Card,Regular,0
CUST002036,2,52.51200181487502,96.2609478701678,9,35,2,63.600982672924296,2,2,0.1688763530293616,0.07121880126786244,1,Credit Card,Occasional,0
CUST002037,3,34.114384707038504,107.77386770846006,14,3,0,49.09939817175853,0,2,0.7414727618209788,0.254962112767198,0,Credit Card,Occasional,0
CUST002038,6,31.961654033183372,181.89672677966158,10,2,1,20.223450107406915,5,4,0.5454945371162304,0.3019249964634444,1,Credit Card,Occasional,0
CUST002039,6,79.30814182463313,512.5667935065767,7,39,0,143.29403518700593,3,3,0.8322469052502706,0.5237539051724,0,Debit Card,Occasional,0
CUST002040,45,118.54349343999748,5590.05899300809,9,7,3,47.51606617945336,4,0,0.3469000763533778,0.23302092174259753,0,PayPal,Premium,0
CUST002041,19,224.9870430912293,4691.641549077978,10,17,1,20.069990549119368,2,2,0.4467512523685765,0.4662649133375375,1,Credit Card,Regular,1
CUST002042,17,7.520019221041002,142.39749161526026,9,112,4,48.46659900803494,2,2,0.29379254124549725,0.2022155545837013,0,Debit Card,Premium,1
CUST002043,2,207.00536480926334,402.57212317248303,9,51,0,35.293565869321604,1,2,0.21816756011547164,0.3573747239660581,1,Debit Card,Regular,0
CUST002044,47,92.84265331892566,4874.627197722777,14,56,1,38.9917070418102,5,1,0.5657428397679931,0.5370922508218338,1,PayPal,Premium,0
CUST002045,30,155.30695843091854,4291.463134203286,11,59,0,67.42544152413495,4,0,0.26099415587786673,0.18589803157497192,1,Credit Card,Premium,0
CUST002046,1,132.01393314436936,142.6607076631337,12,28,0,31.69959361082099,3,4,0.3911096992938115,0.20661575437986993,1,Credit Card,Regular,0
CUST002047,29,83.0707091974071,1958.388414748835,6,40,1,92.10086109641264,3,4,0.20447762435822167,0.2576854549419137,1,Debit Card,Premium,0
CUST002048,18,80.6983061027454,1223.8427974880074,5,13,0,34.53774833725078,4,2,0.09733294464576761,0.6099473953654312,1,Debit Card,Occasional,0
CUST002049,2,106.8305654700222,255.96086214666278,4,194,2,27.675277164899494,3,1,0.7329503816910156,0.3947323385811608,1,PayPal,Premium,1
CUST002050,14,65.98162605705558,949.138331465203,11,9,1,56.6274584178427,3,5,0.37431536802771465,0.4549320173004799,1,Credit Card,Regular,0
CUST002051,15,70.23792924638805,904.7105882562945,9,26,2,16.14714666771625,6,3,0.11149101744894963,0.27917754658232646,0,Credit Card,Occasional,1
CUST002052,4,122.67224432846876,551.1808354605259,9,9,1,48.47759962385854,4,3,0.18012736032455998,0.4486033067805171,1,Debit Card,Occasional,0
CUST002053,69,41.401604551287605,3070.5885143722767,15,3,0,44.41018190795471,6,4,0.2808473121753621,0.38465219893433367,0,Debit Card,Regular,0
CUST002054,45,165.40763181933625,6726.811256488989,14,25,1,41.15275431703952,4,0,0.28018373372380434,0.15439367708008073,0,PayPal,Occasional,0
CUST002055,26,156.19657263501256,4194.371021910331,17,13,0,23.033018878197858,4,1,0.4067802050318765,0.2308146185327614,0,Credit Card,Occasional,0
CUST002056,14,55.05207989805639,818.100529747106,13,26,1,31.658378667779935,2,2,0.3006633134600188,0.075979703586249,1,Debit Card,Regular,0
CUST002057,12,123.53034934891348,1392.8127244635853,10,24,3,92.61224971405338,4,4,0.1440225532477673,0.17761669760336168,1,Credit Card,Occasional,0
CUST002058,25,112.67441205004751,2641.7360643164193,14,23,1,27.706232971022374,3,2,0.23412149306552069,0.3287413499863769,1,Debit Card,Regular,0
CUST002059,18,50.432380861219585,726.6803209287414,9,3,0,102.837405139336,1,3,0.24432425393402696,0.2433237230051835,1,Debit Card,Occasional,0
CUST002060,1,129.9603281114403,123.17093282338976,8,17,0,81.7123265770845,2,2,0.20239718771636075,0.33974566812486484,1,Debit Card,Occasional,0
CUST002061,17,217.02875142291197,3207.007979389624,7,50,1,44.952742275480304,2,2,0.1982529928733695,0.3063250221723802,0,PayPal,Regular,0
CUST002062,39,169.23980166017128,6244.203715461248,10,11,3,104.48275105836646,8,2,0.13967051020946913,0.3061714056157586,1,PayPal,Regular,0
CUST002063,14,21.460406561406437,320.8825550021482,8,17,3,69.25280081573487,1,3,0.36246502206959963,0.5050052580429163,1,PayPal,Regular,1
CUST002064,1,115.47642811365948,128.5739494140236,13,20,2,46.08651787245659,5,1,0.3477184720909883,0.20355651451741083,0,PayPal,Occasional,0
CUST002065,37,151.19225525425455,6068.8895340782565,11,59,1,29.788166452876858,4,1,0.0905047549479269,0.3716175868162897,1,Credit Card,Occasional,0
CUST002066,5,47.709950189172844,245.90822344873501,18,31,0,50.452354915962765,2,1,0.060491804162002116,0.13395169761098363,1,Debit Card,Regular,0
CUST002067,7,165.4287073226204,1082.1104077313364,12,3,1,123.99629001612006,1,1,0.6099040844923059,0.1610030197003862,1,Debit Card,Premium,0
CUST002068,4,43.19915752719292,165.01967376598057,10,60,2,49.92238682192283,6,1,0.6072847055086776,0.19086348573387352,1,PayPal,Regular,0
CUST002069,9,65.44638593064882,642.0977440426085,9,53,1,142.0526202104422,1,3,0.42653201165520127,0.5006806548141537,0,Debit Card,Regular,0
CUST002070,33,44.67295273342259,1483.9851503508619,10,42,2,38.63956915237256,4,2,0.17039733564594187,0.416587810975802,1,PayPal,Occasional,0
CUST002071,17,38.55063608723806,554.7213086219051,7,18,3,88.07241961650865,1,1,0.3945756799915733,0.1122827511436631,0,Debit Card,Occasional,0
CUST002072,5,106.70814387926781,493.8604828011585,6,42,1,122.89812197596757,2,2,0.23176287340255905,0.16297105800717523,1,PayPal,Premium,0
CUST002073,50,23.501660572944854,1050.884237044604,8,19,0,42.66550479865888,5,4,0.515080844727002,0.1844022216711748,1,Credit Card,Regular,0
CUST002074,50,68.36574597122348,3477.6739359622798,7,40,2,30.022439914408743,2,0,0.16227654733283525,0.267141287277357,1,Credit Card,Regular,0
CUST002075,49,106.74705990466474,4907.523986158096,13,63,0,6.834485128473596,2,1,0.38155312076331993,0.37483689859789987,0,Credit Card,Regular,0
CUST002076,6,45.21650775533666,297.9400128912936,8,66,2,46.240271269024674,3,3,0.027532376887200703,0.5738266973950022,1,PayPal,Regular,0
CUST002077,14,184.89187732092574,2584.4767486932456,14,18,3,77.49440464017911,5,2,0.5146359698090348,0.23896129897891813,0,Debit Card,Occasional,0
CUST002078,100,72.71411083546832,7199.816391450774,16,58,1,29.295557871773074,7,5,0.06306954637932506,0.5951611656298117,1,Debit Card,Regular,0
CUST002079,35,239.9842655073289,8946.25041575343,8,3,1,36.77501256558568,6,0,0.6655687366381655,0.26152542784024,0,PayPal,Occasional,0
CUST002080,0,20.879525353431454,0.0,14,3,1,63.14625606456496,4,0,0.15151730422008572,0.14166182331309599,1,PayPal,Regular,0
CUST002081,1,109.77634475642246,117.89046881652098,9,23,3,85.08130668873645,0,0,0.2409363951952997,0.15319179764185803,1,Debit Card,Regular,0
CUST002082,14,94.54903802774788,1318.5595011337878,15,31,0,62.467074891659074,4,0,0.4891851677615735,0.38723400765139265,0,Credit Card,Premium,0
CUST002083,57,59.87278812952176,3426.3119739491694,7,4,1,28.07285357722978,2,4,0.053237042413081574,0.2229669295248202,1,PayPal,Occasional,0
CUST002084,18,83.44924558052965,1416.7368923204717,7,19,0,36.79721346797002,5,1,0.08393960417162445,0.2780685387046286,0,Credit Card,Occasional,0
CUST002085,16,121.59683796139444,1849.327734810737,7,2,1,29.74183913738376,5,1,0.49124987971661616,0.2437157836874073,1,PayPal,Premium,0
CUST002086,2,138.02547208402976,278.75297334893656,5,27,0,59.42299573462635,2,5,0.296029661896687,0.29362024141233745,0,PayPal,Regular,0
CUST002087,25,74.58591659425468,2136.454776602857,11,57,1,34.20398984736337,1,0,0.24372891631627538,0.38158971626042276,0,Credit Card,Regular,0
CUST002088,41,110.79272137701972,4086.414981820221,4,40,0,30.727667603140553,3,1,0.21955093012195287,0.2170534698538862,1,Debit Card,Occasional,0
CUST002089,11,41.22517605015706,393.2812234578513,6,14,1,29.759958896577547,2,2,0.3674634458351081,0.15849738827801477,0,Debit Card,Premium,0
CUST002090,35,139.87784902146944,4248.599845936665,11,152,0,134.17877341256343,1,3,0.2886293123083211,0.4581604966993776,0,Credit Card,Occasional,0
CUST002091,80,209.34051744517075,16688.345055390273,9,32,0,61.57672192345871,0,1,0.2045028853422579,0.3128800950993628,1,PayPal,Occasional,0
CUST002092,5,147.31849841712432,722.0506430799372,11,50,0,108.2702216894925,4,4,0.3137338747166303,0.1685852958854102,0,PayPal,Regular,0
CUST002093,17,44.75449252531407,662.0923674473044,10,33,1,103.06860156098907,1,1,0.1917738297281227,0.27403649053952145,0,Credit Card,Regular,1
CUST002094,8,35.60062001422047,247.68786753966262,6,136,1,105.31034384160694,3,2,0.17872606917274458,0.23458184132993903,1,Credit Card,Regular,0
CUST002095,37,340.3175398858453,13043.273401725803,4,51,3,93.76262219904578,3,2,0.3816203459456215,0.12776967459651917,1,Debit Card,Regular,0
CUST002096,20,200.20888039554828,3791.8015003915325,7,21,2,143.45397217656898,7,4,0.4907803471543282,0.21174307985381732,1,Debit Card,Regular,0
CUST002097,24,138.37413695264112,3912.526406850782,8,13,2,60.398594329303464,3,1,0.43723016714695223,0.4482059329033566,1,PayPal,Regular,0
CUST002098,38,218.52898756031573,8369.821430527922,14,34,1,61.30960480475178,3,2,0.24533230142150125,0.579896175722025,1,Debit Card,Regular,0
CUST002099,12,81.3950858186671,918.9245493563434,10,26,1,62.741733951392405,4,4,0.18098295453922342,0.27614239141020946,1,Credit Card,Regular,0
CUST002100,59,136.6217306803954,7970.526248007182,9,29,1,16.807442254341083,3,3,0.34101607795896366,0.5131164127912371,0,Debit Card,Regular,0
CUST002101,18,183.58924434794352,3159.4911309530985,7,12,2,36.52500545980347,3,4,0.12006842714647727,0.2633523591730637,1,Credit Card,Occasional,0
CUST002102,4,65.95620932523457,243.82943030688497,6,16,0,96.07129887584739,3,0,0.09314476009723216,0.2785262302577001,1,Debit Card,Regular,0
CUST002103,28,115.41620699073117,2607.6214962388285,13,24,2,46.6977130124949,3,1,0.07965318491991352,0.5364574735716092,0,PayPal,Premium,0
CUST002104,37,170.1112725486034,6502.421379865459,13,54,2,95.0536118918324,2,2,0.35204542403079064,0.3218540650605889,1,Debit Card,Regular,0
CUST002105,9,33.34997664439889,321.7962392974448,15,43,1,49.952727402176826,1,1,0.20618190637707884,0.5958620651594965,0,Debit Card,Occasional,0
CUST002106,46,60.81200833984211,3385.29842228702,13,3,0,123.16922844768278,1,2,0.19161784333523782,0.7670459609390172,0,Credit Card,Premium,0
CUST002107,56,167.54439169516948,8723.611842551203,11,8,0,110.54763495393985,1,2,0.0991217108055506,0.44596312207710126,1,Credit Card,Regular,0
CUST002108,7,96.45147190150134,692.9458538652264,14,0,1,28.75416016381144,1,3,0.35530143028448263,0.08623832001254679,1,Credit Card,Regular,0
CUST002109,98,87.24611808971075,8403.648425233925,16,0,0,17.988275382589144,2,1,0.10753159409600788,0.24435353866707185,1,PayPal,Premium,0
CUST002110,3,79.65546976900954,253.78326821294357,11,7,0,21.825455271487343,6,3,0.1137512394254847,0.3243077741523538,0,PayPal,Regular,0
CUST002111,5,179.38778390608877,925.4742543899338,5,48,0,17.54365418418102,5,2,0.12880288203846377,0.12648788481312057,0,Debit Card,Regular,0
CUST002112,4,36.74680150875751,164.67007047725116,13,70,1,69.05839631949013,3,3,0.3171262668199197,0.3636088837389953,0,Credit Card,Regular,1
CUST002113,53,57.5200660405437,2702.1509779627245,14,14,0,65.68602817398906,7,3,0.3458382257624909,0.15944717897024402,0,Debit Card,Occasional,0
CUST002114,25,23.298475431582276,538.0688881827635,6,24,0,66.25019594504053,4,0,0.08940636239281312,0.597358944120596,1,Credit Card,Regular,0
CUST002115,3,64.34652283872181,193.99200943873458,12,36,2,59.86915807140246,4,1,0.5997656842901288,0.16799465240944286,0,Debit Card,Regular,0
CUST002116,13,92.99990566134535,1256.9188819755304,11,91,0,73.86485297482467,2,3,0.24627345590303654,0.1697751736282152,0,PayPal,Occasional,1
CUST002117,22,12.16496596572332,299.2186347236688,9,73,2,27.67226896939969,4,1,0.50529318475468,0.04389453304996879,1,Credit Card,Regular,0
CUST002118,2,41.78975710911248,77.22181635440153,16,1,0,132.37004143806774,5,2,0.026067215478106736,0.2786044731937956,0,PayPal,Regular,0
CUST002119,51,96.34357877573069,3876.4289879779626,16,8,0,76.72774329939872,2,2,0.07457776119070278,0.11876988000911894,1,PayPal,Regular,0
CUST002120,39,114.12317003564083,5000.613443396129,12,1,1,25.18460674834114,3,4,0.21300848948250947,0.09463578084047702,0,PayPal,Premium,0
CUST002121,16,251.37871473817742,3895.5010272443747,11,28,0,33.64639568944366,4,0,0.3791067363668731,0.22597128131509872,0,Debit Card,Premium,0
CUST002122,81,126.40904678597906,9619.546626680602,15,37,1,69.28559090662111,2,2,0.3923038649698853,0.455516829472404,0,Debit Card,Occasional,0
CUST002123,12,72.3620911837817,852.8225390115234,13,11,2,116.56266893866399,6,2,0.07770682345615322,0.16121899977423002,1,Debit Card,Regular,0
CUST002124,99,91.15643045037646,9427.583662216908,14,57,2,33.41439717833035,4,2,0.4064215807267128,0.2206303171749611,0,PayPal,Regular,0
CUST002125,26,93.49368750004555,2480.3119690652134,10,18,1,28.222070978053164,3,1,0.5962572428994117,0.33901870921525173,0,Debit Card,Regular,0
CUST002126,24,57.59603528570544,1330.5354695102164,5,192,1,90.77530943204414,3,2,0.21100354119307,0.23284976999456378,0,PayPal,Regular,0
CUST002127,4,99.38776769405099,372.2889322733713,12,0,1,93.6628173471843,2,2,0.16483293185953093,0.34638514169719703,0,Debit Card,Regular,0
CUST002128,51,55.330774234077786,3094.4463585695175,7,3,1,47.44337237143793,2,2,0.5935490472757066,0.24469302361838294,1,PayPal,Regular,0
CUST002129,13,103.03102076760335,1278.5375268500034,8,10,1,29.397162474720613,3,1,0.3663790380945651,0.2811288745669917,1,PayPal,Regular,0
CUST002130,4,79.59308523429995,328.1174878856716,10,0,1,38.63598172459827,4,3,0.350224366661354,0.08736436935378168,1,Credit Card,Occasional,0
CUST002131,0,69.87029681387483,0.0,9,45,0,143.90917500292682,3,3,0.058369977642984024,0.2909137585036146,0,Credit Card,Regular,0
CUST002132,19,71.45022691245215,1538.7450183668136,14,1,0,158.50262434496602,5,2,0.08035355843799806,0.1296568110338918,1,PayPal,Regular,1
CUST002133,17,141.22847086378195,2133.310045271295,9,41,2,89.28779642624175,0,2,0.5200595329260579,0.42954853275888594,0,PayPal,Regular,0
CUST002134,30,132.01858289841903,4071.7283366137863,6,1,0,75.20046817601758,7,2,0.3846311843126235,0.22105061360451675,1,Credit Card,Regular,0
CUST002135,53,67.07672603836409,2947.723348164313,12,8,1,47.95897539956567,0,4,0.11337277781502222,0.3097495094204027,1,Debit Card,Regular,0
CUST002136,1,137.49132236854354,138.7544096973339,11,55,1,99.30634852887945,6,3,0.5639783678872562,0.08879601435256103,1,Debit Card,Regular,1
CUST002137,31,78.41024144526284,2659.741580772034,7,90,0,33.006285365872955,3,4,0.07591599553232296,0.304579646959728,1,Credit Card,Regular,0
CUST002138,4,79.33912212289633,306.507179563057,11,16,1,42.883408255616246,3,1,0.5835124484965485,0.4165752247950886,0,Debit Card,Regular,0
CUST002139,46,57.637322982870764,2439.4448865044988,11,105,3,39.730943152702615,1,3,0.3756019793762734,0.29875463613696857,1,PayPal,Regular,0
CUST002140,41,234.24925569696126,8818.988700401604,13,29,1,39.03328203594482,4,5,0.14954370585727159,0.344666160861146,0,Credit Card,Regular,0
CUST002141,18,218.2050950804764,3311.6164805083044,9,16,0,20.97848124493671,5,1,0.4193229708449365,0.16314434461509078,1,PayPal,Regular,0
CUST002142,29,47.9944020180926,1337.169374433836,15,48,2,13.843477202313956,4,2,0.17291354312522664,0.3311631610307838,0,PayPal,Regular,0
CUST002143,9,63.976640045080714,567.2934674169327,9,10,2,48.25573780064643,2,1,0.4001843594679676,0.26642622358104084,1,Credit Card,Occasional,0
CUST002144,15,108.8155886321015,2011.7841045869886,10,9,0,116.77234271982368,4,1,0.09962134177199441,0.524445625406759,1,PayPal,Regular,0
CUST002145,41,123.38681947007832,5356.955802594781,7,32,0,96.74999386451148,4,4,0.20444933978801322,0.2136926185754735,1,Credit Card,Occasional,0
CUST002146,14,33.99348905945484,499.28197964840257,6,14,2,66.1279071807165,2,2,0.12316711342568194,0.5093948611280837,1,Credit Card,Regular,0
CUST002147,10,39.426766839936526,300.67717364228116,8,4,2,52.54862663030443,5,7,0.1669142075615027,0.07053419399904433,1,PayPal,Regular,0
CUST002148,16,123.66048086880906,2176.2585554730667,12,2,0,148.8819567583089,2,4,0.17632480505344875,0.4813439060298778,1,Credit Card,Regular,0
CUST002149,42,21.268943902760892,927.9043286665757,9,46,1,71.4211778985709,8,1,0.25405147208916007,0.4641092824900029,1,Credit Card,Occasional,0
CUST002150,9,48.34737646331051,541.7260459562694,11,33,0,37.56298803832103,2,3,0.1214301912297196,0.15310268610132627,0,Credit Card,Regular,0
CUST002151,4,152.10275122806854,546.4062650387325,15,15,0,53.877751242958816,1,1,0.061711425737027946,0.3455985711294,1,Credit Card,Premium,0
CUST002152,29,147.34047038289276,3431.2915320888605,12,67,0,110.34635649005324,5,1,0.4425791892638556,0.29449204148082203,1,Debit Card,Regular,0
CUST002153,41,225.84679207488244,9641.814806548095,11,15,3,13.611042971443128,5,0,0.5033707797915679,0.2889811166224457,0,PayPal,Occasional,0
CUST002154,2,276.350340108876,608.1367983957348,14,37,1,101.79931207488472,2,2,0.25751936062930736,0.42251865883367556,0,Debit Card,Regular,0
CUST002155,6,430.8860212492896,2938.5139261064783,10,71,1,52.810963519664256,4,0,0.3575357912842696,0.2417699377405655,0,Credit Card,Occasional,0
CUST002156,3,62.49669964346018,204.01353958377317,4,55,1,47.2655173106482,5,4,0.5465544263668165,0.5243398414211633,1,Debit Card,Regular,0
CUST002157,10,51.12515492197637,511.59660577581076,10,21,2,32.98657084046612,2,1,0.19591654687719515,0.6815011484198448,0,PayPal,Regular,0
CUST002158,14,111.83660643812334,1596.7154728356834,7,34,1,65.0335566184034,2,0,0.16324977316554967,0.43396571969680875,0,PayPal,Occasional,0
CUST002159,33,23.8663727009692,741.4055296770281,12,16,0,68.11708845884121,2,2,0.3969642543600137,0.2094982449463304,1,Debit Card,Regular,0
CUST002160,25,68.85244380365673,2126.5810191315963,16,31,0,55.203413191901205,4,4,0.27328918572779365,0.21402941456080482,1,Debit Card,Regular,0
CUST002161,23,92.81153041456119,2413.065174219982,10,8,1,34.84156648154133,2,2,0.42636413718992805,0.3938410813257782,1,Credit Card,Regular,0
CUST002162,10,117.92963937434872,1050.2127256271951,10,17,1,75.51016951391846,3,4,0.4638972168962006,0.31559286967766953,0,Debit Card,Occasional,0
CUST002163,44,127.04514793757491,6000.7993189347735,15,7,0,119.2730875641523,1,2,0.1667875252945145,0.22895347157398319,0,PayPal,Premium,0
CUST002164,15,67.19568199832987,1181.4428455128777,6,1,0,115.67512314268984,2,1,0.3272063217873528,0.3127219826152028,1,Credit Card,Regular,0
CUST002165,92,27.574086180942214,2513.3369205006597,10,26,1,37.252915201410545,3,2,0.3191021235526334,0.5650915589817005,1,Credit Card,Premium,0
CUST002166,24,33.568686246674844,811.5545181086823,8,59,1,35.59207022312334,6,2,0.21694318086519768,0.2992377791025234,1,Credit Card,Premium,0
CUST002167,3,10.4338093881675,27.136954056860898,11,0,0,58.001303958020074,3,1,0.4161898767178411,0.3314879909059968,1,Credit Card,Occasional,0
CUST002168,27,52.67397363235953,1341.5638759816402,13,6,1,23.581694617750387,3,1,0.18851506791727948,0.1897583716522207,1,Debit Card,Premium,0
CUST002169,9,23.308516050191436,201.3577346748289,15,18,0,70.7268464181247,3,2,0.594048025705704,0.548300893570502,1,PayPal,Regular,0
CUST002170,27,55.74996790485527,1559.1149722748005,17,32,0,36.873476641054914,2,1,0.20578181088321945,0.09356066470156027,0,Credit Card,Premium,0
CUST002171,1,111.03547387132626,119.27608245941069,11,5,2,33.206158675038495,2,4,0.6311263143925218,0.2293952985023994,1,Credit Card,Premium,0
CUST002172,4,28.20613808318656,111.31316800615812,11,1,2,97.9754780817942,6,2,0.09630712704549436,0.27292354354599924,1,Credit Card,Regular,0
CUST002173,46,88.98145481501717,4131.858959674885,11,21,0,25.383131800249696,6,1,0.6328551241804564,0.5668901387476959,0,PayPal,Regular,0
CUST002174,6,66.62501764732414,426.1977564385569,10,51,2,77.18867688964328,3,4,0.36327670741265344,0.23003447244012362,0,Debit Card,Regular,0
CUST002175,43,106.88597689394994,4565.508650070177,10,1,1,13.419302305722468,3,2,0.39939901797319693,0.4094685401995647,1,PayPal,Regular,0
CUST002176,7,125.36518765739774,880.3302486268162,8,12,1,128.21812362709932,4,0,0.1494390394877399,0.2938621473181661,1,PayPal,Premium,0
CUST002177,24,63.370776552193185,1591.080223772313,11,32,0,54.38095097460266,4,0,0.5062454953408547,0.763464858494145,1,Credit Card,Regular,0
CUST002178,28,83.47746694273349,2451.4228315775454,7,4,1,19.421732449108262,5,6,0.3157381910528506,0.3878579086771792,1,Debit Card,Occasional,0
CUST002179,17,66.83259264774215,1325.5391983293346,15,8,1,52.91451506879526,2,1,0.5460205957072369,0.259687610465301,0,PayPal,Premium,0
CUST002180,8,57.16704505084598,364.1752763643881,8,23,2,138.8691686062707,1,1,0.36837675342370974,0.4074132496661469,1,Credit Card,Occasional,0
CUST002181,5,46.29653408935721,238.47762021447522,9,91,1,23.476439097431516,4,0,0.07298700304671323,0.5762773145974657,1,Debit Card,Occasional,0
CUST002182,0,117.314909611281,0.0,13,10,0,77.6878411218884,1,0,0.7192623344937704,0.21211363655339838,1,Debit Card,Occasional,0
CUST002183,8,199.78993667374013,1609.047616353367,8,20,0,62.350165497905195,3,1,0.026792744470655938,0.48446446701660284,1,Debit Card,Regular,0
CUST002184,25,184.08955029420108,4405.807880376855,11,15,0,36.4453604716959,3,4,0.29010454648261663,0.23880038946128895,1,PayPal,Occasional,0
CUST002185,66,25.69231601872068,1348.2563871908753,13,68,1,54.9545847294764,5,2,0.03947435611718182,0.5434034527939611,0,Debit Card,Regular,0
CUST002186,49,197.32536359097043,10594.330765883768,18,2,3,54.89037593913758,2,1,0.3041643832524967,0.09421899932451153,1,Credit Card,Regular,0
CUST002187,34,37.45696882999005,1331.6606358154681,8,25,1,11.93575355908893,4,3,0.4185042622483049,0.26205412828467506,1,PayPal,Occasional,0
CUST002188,37,92.8381744317968,3858.8165224597697,11,56,1,30.279929535567184,3,0,0.4313547064827705,0.45343773206996757,1,Credit Card,Regular,0
CUST002189,26,105.26873993680799,2140.2941195027197,14,132,0,40.129781816700145,2,1,0.6097171372118789,0.2008515592962115,0,Credit Card,Regular,1
CUST002190,7,19.54300549366745,129.4111443875999,13,35,0,114.71213685027502,4,1,0.2212014967570032,0.3568801017891231,1,PayPal,Regular,0
CUST002191,57,72.56058060858798,4496.215923873275,7,14,1,164.5479938609844,3,1,0.2670525165697282,0.19267702950042637,1,Debit Card,Regular,0
CUST002192,26,205.57570247107685,5001.250463172792,12,15,2,19.403561216855373,2,1,0.5751348546637371,0.41820035494815133,0,PayPal,Regular,0
CUST002193,19,6.495520636381137,108.5283431890512,12,13,1,84.05257626495633,1,2,0.4287432569765228,0.3137207982511467,1,Credit Card,Regular,0
CUST002194,2,357.2716392082213,736.8185935636188,13,27,0,17.998656635796525,0,1,0.2595506433330254,0.3137062808620426,1,PayPal,Regular,0
CUST002195,14,9.85271190262412,144.80324004855265,12,40,2,145.24597485921444,0,2,0.13094643383257806,0.2009880775509626,0,Credit Card,Regular,0
CUST002196,14,103.3424327150718,1262.5839181946837,16,51,0,66.89038787116763,4,6,0.30830262925720675,0.3567331683397872,0,Debit Card,Occasional,0
CUST002197,47,20.558688776349378,998.4891350444742,12,16,3,46.88368341401913,2,2,0.3058507974908153,0.1794840247910459,1,PayPal,Occasional,0
CUST002198,18,115.47302975137245,1910.7830013380162,9,37,1,39.91238403343546,1,2,0.2553278686847902,0.422435534193311,1,PayPal,Regular,0
CUST002199,11,178.65473511175938,2302.629278710841,17,74,3,52.18878800195368,2,2,0.16145457266988777,0.2506010380827582,0,PayPal,Occasional,1
CUST002200,90,146.89869320810706,11683.577108002804,9,76,1,32.93605874400937,1,0,0.27729003582539113,0.24797598521134792,1,Debit Card,Regular,0
CUST002201,2,163.73326064426186,282.92509294479845,9,36,0,43.318730438511224,7,4,0.3334251413136072,0.3732893796454421,1,PayPal,Premium,0
CUST002202,13,67.07092873427669,955.9030297478448,7,30,1,23.66673014601471,3,3,0.5045275349863465,0.40524393489794497,1,Credit Card,Regular,0
CUST002203,1,204.6192144860833,193.97147037807323,9,22,2,72.22225618276188,1,1,0.036909103658710925,0.30602880217225903,0,PayPal,Regular,0
CUST002204,32,305.58113054883273,11368.252697796112,10,6,1,40.73461201604455,2,1,0.37735173890519,0.25590687090196806,1,PayPal,Regular,0
CUST002205,60,89.36773891945387,6922.188392810192,8,3,0,57.11282259728609,1,3,0.26668260195835464,0.3794525217489467,0,Debit Card,Premium,0
CUST002206,7,61.108461101512376,464.1250320973111,7,19,2,106.31787411334209,6,1,0.20456829557117817,0.3527045889979387,1,Debit Card,Regular,0
CUST002207,46,42.437911266536325,1931.714491593016,10,5,1,77.54169676803716,2,3,0.35588564161617825,0.13599880101214828,1,Credit Card,Occasional,0
CUST002208,8,140.3753045938326,1106.5233675564346,8,25,0,29.43446186624471,8,1,0.5127630639813998,0.3190477486527304,1,Credit Card,Regular,0
CUST002209,57,169.09449531205522,9059.01458263805,12,31,1,73.54613686993952,0,5,0.4997167192785569,0.4280067251261429,0,PayPal,Regular,0
CUST002210,33,61.13046040300551,2047.8775175382038,12,22,1,59.27251585418672,1,2,0.10080329386800616,0.5013443942237731,1,Credit Card,Premium,0
CUST002211,39,234.81968688559317,10678.618405962625,11,1,1,11.511867586696225,1,3,0.22509464933363282,0.3246380702813291,1,PayPal,Regular,0
CUST002212,0,132.25932010213023,0.0,6,1,1,74.40712577998939,1,5,0.35146948328403144,0.21574312179783792,0,Debit Card,Regular,1
CUST002213,79,88.59901435032197,7904.924029625876,16,3,1,54.266666410132665,3,1,0.07493327635149181,0.26759941140028093,0,Credit Card,Regular,0
CUST002214,31,105.81329620272182,3228.7860148133127,11,5,1,38.465739810564344,2,2,0.2695886879477855,0.3681072017050974,1,Credit Card,Regular,0
CUST002215,8,34.44866146105859,309.02576202561045,8,137,1,79.15754437906288,5,1,0.19298258317354838,0.19049583284679497,1,Credit Card,Regular,1
CUST002216,42,139.26050301788783,6273.4873483970005,15,12,3,32.22788677341672,2,1,0.3790940167620573,0.11637791596543688,1,Debit Card,Regular,0
CUST002217,7,36.60331737551469,269.6597312956117,14,10,0,74.94668460952576,3,2,0.27988075968616527,0.21618416621614728,1,Credit Card,Premium,0
CUST002218,49,54.843946061815515,3532.5959936041404,10,1,3,108.9708872562301,2,2,0.09858811074330356,0.26928618050099046,1,Credit Card,Regular,0
CUST002219,2,78.71830569127664,172.2978762241288,16,30,0,25.805007557440305,6,1,0.09384542454716707,0.140488933601868,0,Credit Card,Regular,0
CUST002220,29,274.44852460966416,7665.092942851483,11,31,3,72.63948840689434,6,1,0.17905312343950314,0.2895509134502175,1,Credit Card,Regular,0
CUST002221,18,99.67203106122368,1689.91104805292,8,5,0,6.286950434985901,4,0,0.2275229412274282,0.5267894620695704,1,PayPal,Regular,0
CUST002222,2,39.99082081544777,83.9667422004499,12,75,0,48.619551801506006,7,0,0.2725091411579948,0.4065923387766687,1,Debit Card,Regular,0
CUST002223,6,106.10331789231712,600.382978267847,13,48,1,60.570583440814104,1,1,0.40950583041700694,0.3958197092555622,1,Credit Card,Regular,0
CUST002224,0,126.7071624370326,0.0,9,7,2,8.663793763276056,4,4,0.5808483025783557,0.1387460328449002,0,Credit Card,Premium,0
CUST002225,15,188.2958326379125,3218.450443045497,13,19,0,37.45361341773583,5,2,0.37743602493720035,0.14823072436890014,1,PayPal,Occasional,0
CUST002226,8,81.7754567950779,657.1203752773839,14,18,1,51.27647120339999,2,2,0.3176490732933153,0.2109122589214491,0,Credit Card,Regular,0
CUST002227,21,45.501618721102574,872.0488575549979,10,12,1,37.99362250581237,3,1,0.2432600930239193,0.277956940725171,1,Debit Card,Occasional,0
CUST002228,8,322.8500315484986,2068.1178002415913,2,51,3,26.7024976937182,2,1,0.3330526626934509,0.22634626407848024,1,PayPal,Premium,0
CUST002229,8,106.2729823312441,1044.7943041005115,5,3,2,85.76878617864284,4,0,0.2996531283851181,0.2108790360876249,1,Credit Card,Regular,0
CUST002230,32,40.21468167282868,1228.1315368765547,10,16,1,18.481307637983196,0,2,0.4258852290064457,0.24118786597849473,1,Credit Card,Regular,0
CUST002231,1,81.21968785967039,78.7884715748432,8,16,1,66.88835086054033,5,2,0.15128844562829552,0.4079133999288324,1,Debit Card,Regular,0
CUST002232,55,54.86731465505045,2893.131663682867,8,18,0,41.6033736959473,2,2,0.6516326081431247,0.37881123662754074,0,Debit Card,Regular,0
CUST002233,45,196.02706820378705,8527.050351507607,10,59,1,51.25124787460027,1,2,0.10473045739762957,0.06073954977989868,1,Credit Card,Occasional,0
CUST002234,26,125.8487253094813,3319.574237472642,11,7,0,64.84640982343402,1,0,0.3022682220474897,0.34023855927198454,1,PayPal,Regular,0
CUST002235,21,64.72701967515802,1564.5062000414591,5,3,0,99.4785810919434,2,0,0.20911367319525015,0.3085362399513391,1,Debit Card,Occasional,1
CUST002236,53,169.16378550018177,9050.092956317683,11,28,3,37.709592541326025,1,2,0.3973234746847371,0.24016091335537634,0,Debit Card,Occasional,0
CUST002237,4,76.21574141903807,280.78599424301666,8,5,2,23.8575136768646,6,3,0.1532359152118463,0.3827311481194736,0,Debit Card,Regular,0
CUST002238,1,79.77983162997427,69.4972515727066,10,2,1,53.306924591577086,4,3,0.1828394942155444,0.1812727169095644,0,PayPal,Regular,0
CUST002239,6,44.41141272492582,230.56045200912592,10,16,1,53.6095298706671,2,1,0.1694747241555406,0.3940972695465074,1,Credit Card,Premium,0
CUST002240,37,44.1021270645304,1489.1974260787645,12,7,1,123.78366000736963,3,2,0.17343986958479743,0.25425309810547936,1,PayPal,Occasional,0
CUST002241,0,308.9065112939371,0.0,8,13,1,24.690569213271267,4,1,0.11127009426100246,0.2820094559406631,1,Debit Card,Regular,0
CUST002242,20,163.73075875889273,3515.9125584285116,11,9,0,77.31909512860776,2,4,0.08173613454827552,0.26729895707877716,0,PayPal,Premium,0
CUST002243,129,12.557756371147551,1772.1082157520123,10,2,4,61.906968626339356,3,3,0.12886348561702055,0.1695543221610353,0,Debit Card,Occasional,0
CUST002244,46,35.79752358317944,1940.162222733214,13,24,0,95.13017177846709,2,5,0.6300829046673533,0.21915018012784082,1,PayPal,Occasional,0
CUST002245,17,29.2190961152855,449.7428095688163,10,0,2,24.00673797228134,2,3,0.2095318223212614,0.10286458440414932,0,Debit Card,Regular,0
CUST002246,1,87.26032006847427,83.19627297068472,14,101,0,50.13978262248312,3,1,0.1477487123763399,0.3013841880522582,0,PayPal,Premium,0
CUST002247,42,59.31739926912163,2328.629016015196,12,12,1,104.35356244768265,3,2,0.4276415277391268,0.2502505454183355,1,PayPal,Regular,0
CUST002248,21,222.7418554939923,4452.413462102768,9,35,2,10.229788762006994,3,0,0.31207818346430033,0.4380865688680229,1,Credit Card,Regular,0
CUST002249,2,63.97846839410014,126.06556595702,7,49,0,21.054636861911995,2,1,0.4276858801583077,0.2810531797904571,0,PayPal,Occasional,0
CUST002250,2,288.41036554430707,568.0133397385839,4,9,2,74.75709297386904,1,2,0.44468412953980924,0.3318954036095308,1,Credit Card,Regular,0
CUST002251,57,78.04130732608455,5172.647113454497,11,41,2,19.30120872891965,4,4,0.20960362298820104,0.3056516956266417,0,PayPal,Regular,0
CUST002252,26,329.93627638723393,8501.162730497039,12,53,2,52.50977138398853,0,5,0.5398048154368212,0.10950378947916999,1,Debit Card,Occasional,0
CUST002253,42,70.94288077568193,2607.934323233428,9,8,0,29.054477829225984,5,1,0.5903628918995076,0.2389656851416284,1,Debit Card,Occasional,0
CUST002254,50,72.05572440566954,3554.448474780056,12,146,0,60.71575203993467,5,1,0.2107504627154593,0.20802850682842744,0,Credit Card,Regular,0
CUST002255,20,161.24524073860175,3100.412571700047,8,0,0,138.64858742077064,0,1,0.3271626849277901,0.06765377204346644,1,PayPal,Regular,1
CUST002256,17,145.34999964578964,2492.6763707495397,9,7,1,33.648722909201794,2,5,0.13554485888537354,0.15792371332357893,0,Credit Card,Regular,0
CUST002257,13,24.63036431369617,321.75086934765733,7,45,2,30.834858390036636,2,2,0.24745081032565133,0.2490599663862737,1,Credit Card,Occasional,0
CUST002258,9,88.86536964973806,864.0916693951399,12,6,0,100.22590988150384,2,3,0.21143492150412083,0.20442606617793252,1,Credit Card,Premium,0
CUST002259,13,58.86701122262714,707.9141129853276,20,35,1,25.247627064559097,3,0,0.5054734128327665,0.5784691641647327,1,Credit Card,Occasional,0
CUST002260,35,55.57844419127046,2003.7533850111556,12,58,0,19.838449459810263,2,1,0.3234146962077005,0.28855136508141066,1,Debit Card,Premium,0
CUST002261,22,88.54069812373075,1861.8825207031723,4,95,0,28.237402223115005,4,2,0.17564034372045823,0.16940065616256655,0,Credit Card,Occasional,0
CUST002262,53,66.08251844328562,4157.764503095112,10,19,0,69.85325910750262,4,2,0.23425527133810925,0.3889910003642636,0,Debit Card,Premium,0
CUST002263,14,95.71378872327708,1274.9070808629147,12,106,0,29.35459952273004,1,4,0.37976792892421013,0.26651492002216737,1,Credit Card,Premium,0
CUST002264,22,34.317684728569475,838.11901250663,7,15,0,62.82980327320834,3,0,0.08803642631746576,0.2799601557897698,0,PayPal,Premium,0
CUST002265,23,19.09378320673907,449.73630323651963,5,7,1,75.52029360924828,3,2,0.328061696268085,0.10827921437544244,0,PayPal,Premium,0
CUST002266,21,165.54450984894044,2989.9745645360754,12,21,1,42.48689230642698,2,1,0.019788066554447738,0.18341603545277738,1,Debit Card,Occasional,0
CUST002267,29,183.3580189568137,4903.336920610525,14,31,0,40.82218194287995,5,3,0.21141054412179186,0.4086890325905179,0,Credit Card,Premium,0
CUST002268,6,158.50458642412488,1005.1666534227002,6,18,1,50.329459202767666,3,1,0.6831834976613217,0.31051404878285777,0,Credit Card,Occasional,1
CUST002269,17,85.56924844923935,1423.7478446097587,8,25,0,142.55337577119792,4,1,0.2004647125202234,0.22525440896073387,1,Credit Card,Occasional,1
CUST002270,2,62.055886864610066,120.99401945177226,9,16,1,37.479286548185605,3,1,0.40166388938027947,0.3017232745833195,1,Debit Card,Regular,0
CUST002271,11,49.451795201428325,531.3663347853455,9,22,1,52.10693816807587,3,0,0.28183909805299356,0.24231597517139097,0,Debit Card,Occasional,0
CUST002272,16,41.83364243008733,514.4949918909568,14,91,0,122.93515995785506,6,1,0.3220655054364014,0.13707416954897259,0,PayPal,Occasional,1
CUST002273,25,78.10838753152697,1661.5338462459931,13,20,0,128.79847556020775,0,2,0.3601186804829446,0.13505738276734375,0,PayPal,Premium,0
CUST002274,72,180.29363963004838,14221.494364055328,9,8,2,35.29435093300919,4,2,0.4892266815649535,0.1834596799046805,1,Credit Card,Occasional,0
CUST002275,22,45.93747171325353,894.708051186835,9,42,2,25.04310849358314,4,1,0.4197860834594579,0.1741980646595096,1,PayPal,Premium,0
CUST002276,32,180.5052466465917,5748.229298436883,6,12,1,86.72768302276515,0,4,0.22900042747595156,0.4810787754699587,1,PayPal,Regular,0
CUST002277,16,20.184363971759527,338.69232930822653,9,50,1,49.27674602629654,1,1,0.07124751342360716,0.33171125431940474,0,PayPal,Regular,0
CUST002278,24,99.45137659244513,2417.900921930457,13,1,1,120.85939272381097,1,0,0.1964302145115279,0.3016171699454068,1,PayPal,Premium,0
CUST002279,1,115.11240842495853,128.7038643421335,10,12,2,17.177119660862445,3,1,0.4226375317866639,0.10511373371499294,1,Credit Card,Regular,0
CUST002280,7,54.02560585624725,303.19923234633586,7,2,2,25.034097941983397,2,1,0.33211220562514054,0.14802266150669438,0,PayPal,Regular,0
CUST002281,10,32.25557739535275,340.24489085046224,7,2,0,52.718552667587055,3,5,0.4172020668162822,0.21554247495745837,1,PayPal,Regular,0
CUST002282,15,150.75089793374573,2363.1548991314608,3,32,0,56.35545156584552,0,1,0.28746755014318753,0.11080949424266988,1,Credit Card,Regular,0
CUST002283,1,86.0670633717834,93.3216956117692,7,14,0,31.821377492974342,4,3,0.11609517561145045,0.46902325139170664,1,PayPal,Occasional,0
CUST002284,3,395.69018669366443,1181.1236965771386,5,61,0,58.60327230267252,8,1,0.11487556026259661,0.1634550048772888,1,Credit Card,Regular,1
CUST002285,7,182.16936647495774,1125.6684339179099,11,21,2,90.345503616931,7,1,0.3859325666677401,0.3317058375184978,0,Debit Card,Regular,0
CUST002286,85,183.1573781467293,17818.094128109027,10,10,0,54.5095180479041,3,2,0.15105770849661626,0.4181868034531507,1,PayPal,Occasional,0
CUST002287,9,4.621001080614227,44.886371998143865,8,38,0,89.30536119997628,4,0,0.44721858384959984,0.36609793777783556,1,Credit Card,Regular,1
CUST002288,15,46.73990490057488,731.6359308045712,8,29,1,41.93907310926232,2,3,0.3471494017178636,0.5084250538637575,1,PayPal,Occasional,0
CUST002289,5,28.725242213558644,160.6670916250216,10,48,3,96.65134525268266,3,1,0.2502805544223611,0.23258380289272237,0,Credit Card,Occasional,0
CUST002290,22,9.71731765841983,235.76753442895685,10,30,1,68.43926413743756,2,0,0.22512081632257822,0.2500882676307319,0,Credit Card,Premium,0
CUST002291,7,80.88393824272538,613.2482222030859,12,5,1,27.801119433263292,2,2,0.10900805426743387,0.21818263632375703,0,PayPal,Regular,0
CUST002292,5,148.1447494201339,728.762851040218,10,33,1,67.64195775620243,8,0,0.14163459043248672,0.25242017263599115,0,PayPal,Premium,0
CUST002293,17,35.332625521855185,629.860008662959,12,14,1,52.3403552669855,3,4,0.3393151274235949,0.27232815525201715,0,Credit Card,Premium,0
CUST002294,0,10.488262646610707,0.0,12,18,0,58.38204394249858,0,3,0.22592164089610722,0.11293798800617946,0,Debit Card,Regular,0
CUST002295,0,38.1181933213423,0.0,10,76,3,52.036190185351174,5,0,0.2640317716552561,0.2912350500943343,0,Credit Card,Occasional,0
CUST002296,5,73.44109070909953,403.51178196546033,15,13,0,35.8161539372178,2,2,0.4168593711102636,0.6376166088804599,0,PayPal,Occasional,0
CUST002297,0,69.221350704304,0.0,9,28,0,141.44697316707686,2,1,0.32306775289065814,0.12004229681346472,0,PayPal,Occasional,0
CUST002298,2,84.01591131537403,149.8129360651137,17,13,0,62.6755495354935,3,0,0.11626503559576859,0.15795417812651708,1,Credit Card,Occasional,0
CUST002299,9,113.38778404200033,807.6598458000223,10,2,2,54.37796148078676,9,4,0.4209504844523585,0.4922070089369845,1,Debit Card,Premium,0
CUST002300,38,82.4346155853297,2754.914066126387,9,18,3,22.441579324431615,2,4,0.18399832414262063,0.0671377516376742,1,Credit Card,Regular,0
CUST002301,20,153.92546564290478,3241.676685448867,15,27,2,72.60913556810448,3,0,0.061733676290048285,0.2562248412760812,1,PayPal,Premium,0
CUST002302,17,35.95208932108818,622.6671106931551,10,15,0,13.823838372487307,5,3,0.16663549942268327,0.24417849075785314,1,PayPal,Regular,0
CUST002303,8,66.92384708924625,572.1539076906083,8,14,0,77.85479597373521,1,3,0.4798242659421057,0.31580731847935645,0,Debit Card,Regular,0
CUST002304,64,127.08767223044734,8042.716395880243,8,51,1,24.92314231788157,3,2,0.14953442634691566,0.2479185897160469,1,Credit Card,Occasional,0
CUST002305,12,102.83390855624906,1434.2342273692543,8,0,1,25.65145279268016,3,4,0.36172334068986256,0.4566127557740515,1,PayPal,Premium,0
CUST002306,2,266.4238967392705,527.9887212096819,9,10,2,19.691576658969726,3,4,0.32513397028839097,0.29664136258751356,0,Credit Card,Occasional,0
CUST002307,23,37.37040515527584,929.3229426078809,9,50,2,163.92842813556837,2,3,0.3068769051303225,0.11545431090883951,1,PayPal,Occasional,0
CUST002308,2,128.72697777013303,250.83223913176158,13,75,1,108.26667115053283,2,1,0.4421170411518409,0.1564995701907526,1,PayPal,Regular,0
CUST002309,10,48.92113935137143,420.7604172132196,10,15,0,36.37682189120419,6,2,0.062193624008780105,0.30299017521714144,0,Credit Card,Regular,0
CUST002310,16,44.358996544829374,719.8613949274923,15,65,0,56.997926862992884,4,3,0.2370983472585976,0.06686639732109328,1,Debit Card,Regular,1
CUST002311,49,174.7695614932399,7194.964505834085,10,6,0,70.86005162192865,1,2,0.4054881807546907,0.44445006676604937,0,Debit Card,Occasional,0
CUST002312,16,81.71796237484071,1254.1802350265818,8,7,1,26.692525819463178,4,0,0.4257855715220725,0.2521224192457908,0,Credit Card,Regular,0
CUST002313,29,101.54445332584852,2741.938401921101,9,56,1,6.416822404492723,6,4,0.47263761502486196,0.19805789276500846,1,Debit Card,Regular,0
CUST002314,118,52.21696497294563,5610.553101145097,5,70,0,36.41942006229977,4,1,0.10608775781690742,0.21914740437430383,1,PayPal,Occasional,0
CUST002315,3,54.82958814777354,161.32211679427212,10,7,6,22.250402222617005,2,1,0.6655189099507505,0.3525306487700654,1,Credit Card,Regular,0
CUST002316,7,18.68950429361046,135.9128077290841,10,1,1,35.12786835966236,2,1,0.44964066516256007,0.25671598881009194,1,PayPal,Regular,0
CUST002317,12,95.64904902963252,1095.7681251599029,6,2,2,56.592196868751905,4,1,0.1634144224728478,0.35964357048828227,1,Credit Card,Occasional,0
CUST002318,13,32.7544045490545,397.03023116627935,11,9,0,13.782916882774327,2,1,0.14008834989759522,0.2882461013200349,0,Credit Card,Occasional,0
CUST002319,12,74.51668205714671,913.0045435811144,11,42,3,45.834150059934984,5,1,0.10780905069057646,0.46545404634084153,1,Credit Card,Occasional,0
CUST002320,57,153.81003836415593,8200.89327671407,7,21,1,48.1077389816553,4,1,0.33996816015090603,0.17377898754820936,1,PayPal,Occasional,0
CUST002321,30,13.376631170093278,350.00342047399937,13,18,1,66.48175949859692,4,1,0.1460010555980065,0.12002601151296519,1,PayPal,Occasional,0
CUST002322,22,464.25239820049677,10255.36439253544,9,26,1,55.322959408193036,3,1,0.24788648150560894,0.18567246995275274,1,Debit Card,Regular,0
CUST002323,8,43.55656196024597,412.16912831857763,5,66,0,59.48072101836517,1,2,0.3179844616267155,0.30196303283030396,1,Credit Card,Occasional,0
CUST002324,41,76.21394135493755,2838.2913055629924,12,2,0,50.66332829809176,2,0,0.21378247727426147,0.3903217019949775,1,Credit Card,Regular,0
CUST002325,74,101.45223169163854,8707.90237135191,11,35,1,71.54409555553185,4,0,0.27875417390157803,0.4675850834129942,0,PayPal,Occasional,0
CUST002326,41,42.27264780796657,1518.6947061778055,15,78,0,65.32162386249288,3,6,0.2244397920828062,0.24486258284694212,0,PayPal,Regular,0
CUST002327,0,56.49008176707074,0.0,14,7,2,19.690109912347094,4,2,0.39145756682908667,0.1997253660381274,0,Credit Card,Occasional,0
CUST002328,24,178.67846724443515,4147.3768593676905,9,54,0,87.60372573740665,1,3,0.23290143664702453,0.4581581186543036,1,Credit Card,Occasional,0
CUST002329,1,142.37350446523425,130.28846376694608,12,35,3,45.03958661989217,5,1,0.35100618907575604,0.10349900105225017,1,Credit Card,Occasional,1
CUST002330,7,68.06699706341412,437.9142012455389,8,0,2,92.54227685185647,0,2,0.3516563491320916,0.602946459036407,1,Debit Card,Premium,0
CUST002331,1,83.21534318808493,79.81310511627201,9,7,1,58.20775191563421,5,3,0.17841665673002902,0.24139682819915856,1,PayPal,Regular,1
CUST002332,22,92.6996565072437,1860.7874339925868,11,27,3,93.56757560996328,2,4,0.30643657262734786,0.3197492922865212,0,PayPal,Premium,0
CUST002333,27,124.74073521730027,3085.5354208608896,6,20,1,82.20773216001304,2,0,0.5002915946527935,0.13444305025441683,0,PayPal,Premium,0
CUST002334,2,131.1668211391127,300.84905669066524,9,22,0,28.354415857908126,2,2,0.461165542669218,0.4052330184772574,1,Credit Card,Occasional,0
CUST002335,11,128.7221637759598,1491.4649396166722,8,7,1,31.751109971431134,2,2,0.1922270366717941,0.12216989566779515,1,Debit Card,Regular,0
CUST002336,14,59.56923306845498,879.6198569894143,5,33,0,101.64009031782649,2,4,0.543270190960288,0.16208522099701164,1,Debit Card,Regular,0
CUST002337,11,90.48041433730096,1060.437399860325,13,9,1,75.67263989654197,1,3,0.2748252749177222,0.317320183171424,0,PayPal,Premium,0
CUST002338,3,165.80209605402698,555.8041302638842,13,14,4,104.99201588519519,3,0,0.5287926478431902,0.13523816298795077,0,PayPal,Regular,0
CUST002339,13,322.311081072605,3765.811287236715,9,13,0,25.73812248267192,5,0,0.3518161400656041,0.3859189085347716,1,Credit Card,Regular,0
CUST002340,33,88.58115087379964,3020.6954621450923,12,33,2,38.51552145518588,3,1,0.20650644555584488,0.5036129743484671,0,Debit Card,Regular,0
CUST002341,1,53.09262213694631,51.05056092313238,12,2,1,45.27389649448054,4,0,0.25394365690349974,0.17790681854306103,1,PayPal,Regular,0
CUST002342,2,41.56551637348778,70.2634911904009,5,6,0,67.11769481562581,0,3,0.08039419513819565,0.1815195245211865,1,Credit Card,Occasional,1
CUST002343,10,129.43232331085687,1549.244864453123,12,6,0,33.50559892830003,2,1,0.22541756813069397,0.32089639691790095,1,Credit Card,Regular,0
CUST002344,68,17.763034722370218,1057.264958567431,10,3,0,86.80446821281959,5,4,0.3162648430327599,0.3422236875118128,0,Credit Card,Premium,0
CUST002345,26,130.35861197239706,3126.9092032549875,11,6,3,60.66332981261759,1,3,0.01583619971285744,0.32155624413125095,1,PayPal,Regular,0
CUST002346,27,131.9830164486951,3260.4902976388794,12,28,3,60.672442570877635,1,4,0.1608592548318627,0.26302503430082025,1,Debit Card,Occasional,0
CUST002347,10,54.721638482653034,568.5102445728348,13,39,1,61.70137952211675,3,1,0.16711149826202415,0.255917891625842,0,PayPal,Occasional,0
CUST002348,21,99.79583335204802,1964.5978746978933,11,32,4,44.98768107144908,0,5,0.4221493579965481,0.19652913828397578,1,Credit Card,Premium,0
CUST002349,0,69.88194688572385,0.0,13,19,1,63.707243869558,4,2,0.45868419290429663,0.2348917543654962,0,Credit Card,Regular,0
CUST002350,24,23.5146980188506,534.1366536809414,12,1,1,73.45696968458712,5,1,0.29857191855253157,0.1921635311616726,0,Debit Card,Premium,0
CUST002351,58,123.66402259573455,7784.667697848559,13,95,0,39.87739040274791,1,3,0.04291923369035892,0.44104755859670447,1,Debit Card,Regular,0
CUST002352,22,115.84087029199084,2557.22851472499,9,5,0,33.52744305960667,3,3,0.13046728609629638,0.6608864205753402,1,Credit Card,Occasional,0
CUST002353,49,58.41012933774413,3010.5431726177653,13,33,1,48.54032167175865,3,2,0.27931126753077945,0.05663228698294039,0,PayPal,Regular,0
CUST002354,30,319.0238957242263,9172.723733863031,12,73,3,48.849879780188594,3,4,0.13562121156290308,0.16661183670225901,0,PayPal,Occasional,1
CUST002355,3,83.74593913843718,253.45827645914304,9,35,1,81.06127983158376,5,3,0.025044344170519706,0.18646617487607034,1,Debit Card,Premium,0
CUST002356,55,11.906383938654074,663.824654242771,4,7,0,41.08524436496648,1,1,0.5552283060142542,0.21153282710513024,1,Credit Card,Occasional,0
CUST002357,1,171.78319716705508,163.1004543509651,8,11,2,85.15136934138651,5,3,0.5396741650549389,0.1512335057106511,1,Debit Card,Premium,0
CUST002358,18,145.27672573252664,2811.4268286021206,6,0,2,95.31337699353763,6,1,0.10716413828718785,0.3010018712389283,0,PayPal,Regular,0
CUST002359,3,157.35792383351807,525.1992595073102,12,28,1,50.513910397924334,3,1,0.27475099429564714,0.4233841275727286,0,PayPal,Regular,0
CUST002360,0,34.47803288254816,0.0,12,28,0,59.78420277982533,4,1,0.21685835721446742,0.36490000985968063,1,Credit Card,Occasional,1
CUST002361,13,97.83982051753186,1316.6800612946768,6,38,2,84.26761900307191,4,2,0.08709289398950307,0.32339208354157223,1,Credit Card,Regular,0
CUST002362,8,82.66688046686612,602.4982359827666,5,0,1,103.41113972201812,4,1,0.4066318129270193,0.47960450187321685,1,Credit Card,Occasional,0
CUST002363,15,72.60615468859002,805.70937779632,8,51,0,56.07894754131522,4,0,0.13501655165217952,0.15654649799973583,1,Credit Card,Regular,0
CUST002364,20,203.0434400356216,4769.011041103756,8,40,0,34.70575668075965,3,2,0.2157026222494508,0.4803371808781184,1,PayPal,Premium,0
CUST002365,1,84.63071154349517,86.16035745844295,9,4,0,83.4051081090618,2,1,0.14290859362038918,0.42402055407067707,1,PayPal,Occasional,0
CUST002366,3,60.097300767183484,169.73441560988755,11,12,1,51.038570628866005,2,2,0.2803869769767437,0.2548946423558955,1,PayPal,Premium,0
CUST002367,19,59.604787928404534,1242.5865654456627,8,30,0,31.76840954201093,4,1,0.07293707979399448,0.15879514656337784,0,Debit Card,Regular,0
CUST002368,10,32.061445657755435,299.5825387922314,9,20,0,103.68955083482867,3,3,0.23938335168708594,0.12617882768787875,1,Credit Card,Regular,0
CUST002369,31,90.97516460084107,2654.2323106550093,11,3,1,61.66034268614639,3,1,0.24145639109190897,0.16718599007695614,1,PayPal,Occasional,0
CUST002370,25,213.5925838215484,4803.180900911866,8,2,1,109.62771796015346,2,0,0.2976682189534054,0.33893064720701643,1,PayPal,Regular,0
CUST002371,44,64.16515914922239,2905.434226635781,7,45,0,79.56802438576952,7,4,0.1665537593371644,0.3298941461817492,1,PayPal,Regular,0
CUST002372,28,101.9172941507249,2762.7162701742745,4,5,1,51.98545489583098,3,3,0.5239450034763437,0.1741586361732156,1,Debit Card,Regular,0
CUST002373,13,71.70799484659439,914.8676031363777,11,5,0,90.04639934791078,7,2,0.11125909589821167,0.3132387779207349,0,PayPal,Regular,0
CUST002374,26,77.88356246533718,2050.8580651254915,3,53,0,83.67045795099983,2,3,0.4461906389612578,0.3124680775488258,1,Debit Card,Regular,0
CUST002375,7,149.82948044131342,1059.949758915229,13,28,1,29.24803696128282,1,3,0.22203873121033818,0.1201824370837654,1,Credit Card,Regular,0
CUST002376,8,31.666610492457053,182.09803757164335,7,27,1,78.60572622225504,4,2,0.6169796722517819,0.2335257104779995,0,PayPal,Premium,0
CUST002377,37,19.738749321639173,840.3839954892478,10,19,1,134.6929286685057,1,3,0.21209258074705611,0.13238975502245529,1,Debit Card,Premium,0
CUST002378,14,171.96097269157394,2640.499089264972,4,25,3,52.65361560251933,3,2,0.3918445965625538,0.2678012428778384,0,PayPal,Occasional,0
CUST002379,38,53.48705468912339,1955.1782780696908,13,27,1,83.40292369354535,5,2,0.2980256616325569,0.25157422628584253,1,Credit Card,Occasional,0
CUST002380,41,60.683627854037994,2270.258377006919,12,103,1,151.22927647662675,2,1,0.4542347858921027,0.25125708580444683,1,Credit Card,Occasional,0
CUST002381,46,364.3179474741672,13358.14842302558,15,7,1,45.95744831407586,6,2,0.256667247174955,0.40083753991535587,0,PayPal,Premium,0
CUST002382,59,144.642371873644,8348.258896737283,7,7,1,64.5536567008456,1,1,0.3385100542390164,0.2816012989622696,0,Debit Card,Regular,0
CUST002383,13,39.06768648453631,527.5675589696189,9,1,2,62.29918145414439,3,3,0.2152738727213156,0.3198902576226407,0,PayPal,Premium,0
CUST002384,9,180.23201395320854,1784.7490285820738,6,32,1,57.674519607486985,3,2,0.5152300576802348,0.2914302391405585,1,Credit Card,Regular,0
CUST002385,20,147.00249205385458,3576.242543082973,8,23,2,149.9544354922457,2,0,0.156391503663278,0.34070526883930885,1,Credit Card,Occasional,0
CUST002386,11,1.1532116867151598,11.153574115960877,13,3,1,21.37449897373517,0,4,0.3858030640570001,0.09966902670252727,1,PayPal,Regular,0
CUST002387,22,93.51110376567792,2142.7673890499436,10,13,0,53.40585382443527,4,2,0.4732226721694439,0.13097788488672035,1,Credit Card,Occasional,0
CUST002388,29,33.178993023174755,1038.7171779352884,8,5,0,50.25016956238795,4,1,0.22463563659199515,0.1448369876161723,1,Credit Card,Regular,0
CUST002389,27,77.75803609635928,2016.80308316423,12,12,0,51.01348562052201,3,1,0.2970208305812043,0.2684014179483038,1,Credit Card,Regular,0
CUST002390,11,322.98285438358727,3914.6836067415443,8,90,1,29.699659568858227,7,1,0.26234752194607885,0.3272297086236311,1,PayPal,Regular,0
CUST002391,4,154.25443719731916,567.7483449561491,6,34,1,97.2676582766515,1,0,0.2635463652531381,0.27721193522918935,0,Credit Card,Regular,0
CUST002392,13,168.80803957461563,2252.9166960047596,13,0,1,78.57267056410352,5,1,0.1642961993046938,0.3851091197538242,0,Debit Card,Occasional,0
CUST002393,3,71.82268186350848,207.9027158804785,7,8,0,36.148248683805654,1,5,0.12479767278224027,0.17102621197507478,0,Debit Card,Occasional,0
CUST002394,52,169.3437285366692,7791.711038891684,12,0,3,41.359474089905255,3,1,0.554246685123647,0.22202160082269268,1,Debit Card,Premium,0
CUST002395,10,44.89503913837445,425.8039726992666,8,37,0,27.233132469984938,3,1,0.012137041856000029,0.16482845108828095,1,PayPal,Regular,0
CUST002396,4,92.62164204478827,362.19879605320807,9,19,0,44.24387116604283,6,1,0.5159069405996161,0.743577366754054,0,Debit Card,Regular,0
CUST002397,0,149.35417182129194,0.0,12,153,1,64.18498880993758,3,2,0.37797346532874426,0.2606740229372801,0,Debit Card,Occasional,1
CUST002398,24,146.1948984852558,3277.698729794517,7,39,0,23.127421616065988,6,1,0.7783874547590117,0.3059520285548599,1,Debit Card,Regular,0
CUST002399,24,21.064453334194216,487.6978255461808,6,21,2,47.20778867130782,5,2,0.3469954360230496,0.46695837189360356,1,Credit Card,Regular,0
CUST002400,9,277.6511525620658,2753.170787948487,13,48,0,141.59878474702722,1,2,0.1406452163551702,0.19104997467963428,1,PayPal,Regular,0
CUST002401,1,37.59200808578828,35.73586516733534,18,36,1,17.57269085054455,1,2,0.3226199452776615,0.41010000531353863,0,Debit Card,Regular,0
CUST002402,12,407.0410071897893,4735.032525332669,10,8,0,38.35428961331494,2,3,0.14644378159857183,0.3759677143836085,1,PayPal,Regular,0
CUST002403,8,152.46368476373843,1274.1970746270008,10,22,3,66.27477994727127,1,3,0.22558592108692013,0.4424303108428602,1,PayPal,Premium,0
CUST002404,27,143.49299773453774,3971.4265888806667,9,24,1,45.78984708260631,6,6,0.3271768323046763,0.32986299855924905,1,Credit Card,Premium,1
CUST002405,22,40.60643173115435,929.6605142221996,12,18,1,22.361688829485885,5,2,0.18644603935725085,0.42611323777211063,0,PayPal,Regular,0
CUST002406,10,55.39327580492258,573.2852152805342,11,5,0,64.22850537280895,6,2,0.3786210633557813,0.24182907943150342,1,Debit Card,Regular,0
CUST002407,5,262.94670898079227,1024.3037108213975,6,7,0,50.94417670142367,1,2,0.2177188406295754,0.40380951236952684,0,PayPal,Regular,0
CUST002408,106,240.53567118448368,29306.496484491097,15,9,0,38.08616612435026,2,0,0.3572847270247792,0.6125258941924346,1,Credit Card,Occasional,0
CUST002409,14,73.42175000579658,1046.3807699075298,7,0,2,44.7030105200855,0,1,0.14144868643228375,0.3187005566858597,1,Credit Card,Regular,0
CUST002410,27,68.58805506283268,1872.7654174571865,10,74,2,45.13938282242407,2,4,0.2854911483626736,0.2195124133301196,0,Debit Card,Regular,0
CUST002411,3,70.1999995986679,228.73960105533598,8,34,0,31.97661003869733,3,0,0.11380595070171305,0.1948392383006312,0,PayPal,Occasional,0
CUST002412,15,181.07292864727214,2095.679642065204,4,35,1,100.26941666193883,5,0,0.5460898431298534,0.1986330025847941,1,Credit Card,Occasional,0
CUST002413,0,169.21151694951234,0.0,10,25,2,107.32556242868229,3,1,0.18205037887956851,0.4261821618630288,1,Debit Card,Regular,1
CUST002414,16,110.98599639650118,1525.7727518798783,14,35,1,9.64529397203482,5,3,0.2664347043172694,0.07824299073952917,0,Debit Card,Regular,1
CUST002415,79,93.31073409082225,6934.835203416215,12,120,0,53.610376810354396,2,1,0.396904498704423,0.20076299472376025,1,Debit Card,Regular,0
CUST002416,11,72.7603936296281,847.5817091968465,9,14,0,118.06708217252262,4,1,0.2289696284594757,0.2917019145451846,0,Debit Card,Regular,0
CUST002417,0,386.0866944382216,0.0,10,37,2,42.4256206748128,2,3,0.5175384763910996,0.38639706322678957,1,Debit Card,Regular,1
CUST002418,0,23.582860795791703,0.0,10,13,0,90.67896709642804,4,0,0.2507649772037057,0.34433961073927954,0,Debit Card,Premium,0
CUST002419,11,61.32041923588473,543.8988898314433,13,57,0,80.82424575902131,1,3,0.5217582119919901,0.15255229997975578,0,PayPal,Regular,0
CUST002420,4,105.44570038105903,408.2372149371472,11,58,4,31.36763992290134,1,2,0.3477869831061541,0.25061739654270826,1,Debit Card,Regular,0
CUST002421,0,18.992955746111114,0.0,17,69,0,51.570528705479376,2,1,0.16608574583649882,0.24146176381172693,1,Credit Card,Regular,1
CUST002422,33,52.315420887508544,1805.6320156651898,11,0,0,54.97670896605236,3,0,0.2138569912171704,0.5870735919471475,1,Credit Card,Regular,0
CUST002423,14,320.2447800145058,4744.645233922221,9,10,1,39.016915645872885,3,0,0.38829308845422167,0.25134388559326953,0,Debit Card,Regular,0
CUST002424,8,161.49873161645255,1197.8344905000984,14,4,1,71.17562350596623,3,2,0.17188321818421098,0.4697694709479616,1,PayPal,Regular,0
CUST002425,55,51.95788658398022,2940.6975095670114,12,18,0,81.51828017043405,6,0,0.5245575379080611,0.36173703538554,0,PayPal,Regular,0
CUST002426,2,50.630803702922044,103.07370946089216,10,20,2,59.166810718682626,2,0,0.570087282121397,0.19117313047399748,1,PayPal,Occasional,0
CUST002427,74,23.76632134438413,1987.237434297008,7,8,0,85.8610821095483,4,3,0.449375584749841,0.16094501788510782,1,Debit Card,Regular,0
CUST002428,9,58.24404101731415,341.76729069593443,9,38,2,60.191258562924084,3,3,0.27941859492346305,0.331287071073972,0,Debit Card,Premium,0
CUST002429,52,125.69222118836265,6669.3512232846315,9,9,0,54.53851169884588,1,1,0.19822865446343085,0.05397040630763849,1,Debit Card,Premium,0
CUST002430,22,110.57518073857948,2745.2256148261586,12,57,1,15.428609968298481,2,1,0.07602061503543026,0.3289973204099225,0,Credit Card,Regular,0
CUST002431,42,60.816716197857225,2534.232556036404,13,5,2,23.783096993323547,2,3,0.5721857583120712,0.5049790563115972,1,Credit Card,Regular,0
CUST002432,99,37.09679828312994,3519.56865847677,9,13,0,129.63661783302365,0,3,0.14222103518416865,0.31900942388040776,0,PayPal,Regular,0
CUST002433,8,71.99459200945317,509.5263671693588,13,29,2,75.37421935363201,0,3,0.48462479275644454,0.5747119535494791,0,Debit Card,Regular,1
CUST002434,77,70.74008460037562,6000.729209961865,12,27,0,116.18493808012312,6,5,0.2538013950790497,0.2698648527842054,1,Debit Card,Premium,0
CUST002435,11,147.28361023177533,1625.4050637743321,6,2,0,49.53013639418177,2,3,0.14093697800007296,0.2085427836695003,0,Credit Card,Regular,0
CUST002436,11,99.13045989051254,1080.4954578903153,17,56,0,176.2658642737729,3,1,0.283561435303122,0.26587842454771987,1,Credit Card,Occasional,0
CUST002437,9,89.45655625453752,761.1521371860708,10,27,0,52.76617121641556,1,5,0.5012621963521281,0.47561573775747856,0,Debit Card,Regular,0
CUST002438,18,192.05880843864358,3849.8492033018706,12,61,2,49.792075143590765,7,2,0.2230591840586382,0.08501438102061075,0,Debit Card,Occasional,0
CUST002439,4,239.06017380589032,867.8048086078952,13,60,2,17.17712590938425,3,3,0.17795438669928768,0.14681864297096267,1,Debit Card,Regular,0
CUST002440,19,109.59741926933275,2128.5320090850655,6,23,1,86.75105845986383,2,2,0.08091679518747594,0.2898950708460686,1,Debit Card,Regular,0
CUST002441,18,111.59097374822728,1740.1087019080935,5,72,1,115.09549601063699,2,3,0.6480864771109859,0.27643310452094555,1,Credit Card,Premium,0
CUST002442,34,75.99642668499374,2046.5030758660425,14,56,1,146.58107481255198,3,5,0.23071776212690437,0.36004480478228895,1,PayPal,Regular,0
CUST002443,43,40.12514317731963,1556.6890660230997,6,95,0,56.289485084920315,4,3,0.3173757350073721,0.1196472679858977,1,Debit Card,Occasional,0
CUST002444,13,155.5620324374931,1972.3524034287857,19,57,0,35.3618930464162,2,1,0.06534028776546509,0.5767088540243688,1,Credit Card,Premium,0
CUST002445,8,135.0601304171563,1111.3303471492009,7,51,0,51.57949427754961,4,4,0.20384701757469983,0.21722317790623688,0,Credit Card,Premium,0
CUST002446,7,80.92423535224363,584.9284036227259,9,19,2,74.42318094829294,3,2,0.3313552663308144,0.09677816626820178,0,Credit Card,Occasional,0
CUST002447,5,99.35915633398977,601.0603756614073,7,7,0,46.10963940616459,4,2,0.10594072231584854,0.21769355024087175,1,Debit Card,Regular,1
CUST002448,1,183.4212674467119,205.02784792632994,10,72,1,50.29312285491436,5,3,0.17865096270062789,0.3635368102090398,0,PayPal,Premium,1
CUST002449,10,204.65718537453532,1915.5772366892568,14,38,1,54.78573732600614,2,3,0.37540157594121093,0.298548519961647,0,PayPal,Occasional,0
CUST002450,7,4.920355158174955,36.64738127816095,7,9,2,56.871511293120925,3,1,0.3845500436383227,0.4403348267518701,1,PayPal,Regular,0
CUST002451,81,49.055021281449115,3076.2835984180165,13,12,1,24.630500801941828,2,4,0.40293406720028513,0.28254862226934,0,PayPal,Occasional,1
CUST002452,19,80.71992360422173,1429.5606910705073,10,34,0,63.98331681735563,3,0,0.36212291902629057,0.2322768717077557,0,Debit Card,Regular,0
CUST002453,10,32.002578532105055,226.95829879179064,10,19,0,33.16493994238738,2,0,0.28270805276880634,0.25331864575945245,0,Debit Card,Occasional,0
CUST002454,20,101.32451665695714,2247.069904588665,8,2,0,59.94241049851869,3,2,0.22690406677253053,0.1307761134329576,1,Debit Card,Occasional,0
CUST002455,3,51.30476086394017,160.2433654334005,16,4,1,19.122423308047757,4,2,0.40183598760396394,0.3509468292186502,1,Credit Card,Regular,0
CUST002456,14,103.8732831827982,1411.5073563422488,6,41,2,103.21350499960806,8,2,0.08182489573272908,0.42018376501612786,1,PayPal,Occasional,0
CUST002457,23,52.6375698939517,1384.6134546217718,13,11,2,55.542221314892956,1,1,0.23826483053505232,0.38931088762275506,0,Debit Card,Regular,0
CUST002458,16,54.55458288979411,889.9964099132956,12,21,1,48.97622828705529,3,0,0.32687320188541386,0.09059699825228512,1,Debit Card,Occasional,0
CUST002459,12,103.28612600149611,1359.2556771386346,14,43,0,96.51239668206446,3,4,0.4901559637476316,0.5200234855083473,0,PayPal,Regular,0
CUST002460,122,160.29882848939334,17417.40481681811,12,41,0,74.44513413138063,3,2,0.390240784571397,0.2748438641553638,0,Debit Card,Occasional,0
CUST002461,50,129.53540202728547,5741.505048563931,12,5,1,45.88044178359948,2,1,0.38396314393173575,0.3308938301701086,0,Credit Card,Regular,0
CUST002462,23,81.25277518346881,1730.6203970914348,11,3,0,109.80151543490088,6,1,0.18204860252260915,0.11187837113165897,0,Debit Card,Regular,0
CUST002463,20,13.162197583555097,216.32426483397754,6,26,3,55.62448275493278,1,5,0.5031053451835421,0.5476081812101029,1,PayPal,Regular,0
CUST002464,23,53.445750154769236,1295.2801970764488,14,40,1,53.32567437212479,3,2,0.3188307872830996,0.21441898996260697,0,PayPal,Regular,0
CUST002465,5,48.61418595704639,284.3220815816847,4,4,3,60.821919708631086,5,3,0.32531561862986924,0.2798193801512769,0,Credit Card,Regular,1
CUST002466,12,140.9012091177436,1458.5579666472688,12,13,0,152.95889401723613,5,5,0.39572423342526586,0.3052123156804472,1,Debit Card,Regular,1
CUST002467,0,93.92836326492431,0.0,8,61,1,17.65973101029225,3,4,0.26922571281130947,0.18929496220400016,1,Debit Card,Regular,1
CUST002468,15,96.56171740428839,1536.9599480527547,9,86,0,160.15131064799078,3,2,0.18324330802397704,0.41317948396669724,0,Credit Card,Occasional,1
CUST002469,18,41.80260250874237,691.8971829533847,8,18,1,94.6281656985503,3,1,0.45782592577467757,0.2654657146136779,1,Credit Card,Premium,0
CUST002470,6,210.23607213794122,1368.7484780281911,11,2,1,46.88367244516884,4,2,0.2715957458228204,0.2864434428101773,0,Debit Card,Occasional,0
CUST002471,79,96.07248531861315,7710.366064232646,11,8,0,42.31793251118649,2,2,0.24280379055188847,0.5266247370678733,1,Credit Card,Premium,0
CUST002472,57,39.58040654552228,2267.1965030482183,16,7,1,65.65018567145289,1,1,0.577136820845995,0.2261452499046669,1,PayPal,Regular,0
CUST002473,30,42.17384982693751,1440.903778679194,12,8,2,73.01858223839545,6,6,0.07156807864833858,0.38569224489494075,0,Debit Card,Premium,0
CUST002474,18,106.68173382207283,1582.564429024867,10,20,0,105.54939684763598,3,3,0.21023901640421283,0.4509056262334236,1,Credit Card,Regular,0
CUST002475,48,38.23887439811743,2165.1281190384993,6,26,1,53.49142419238962,5,0,0.3763233723829255,0.15714698140908967,1,PayPal,Regular,0
CUST002476,3,49.157477090345516,151.85581915864998,11,3,1,53.52711954189397,4,3,0.04372019276534625,0.26228142510039726,0,PayPal,Regular,0
CUST002477,37,30.543517685816102,1271.066837977164,10,66,0,11.372726751196165,3,0,0.36251270808064784,0.16956858245705905,1,PayPal,Regular,0
CUST002478,3,140.09055075088204,496.8808789268692,11,29,2,40.64993586894025,3,1,0.26728827596522664,0.4119278638533445,1,Debit Card,Regular,0
CUST002479,37,39.06217685250767,1279.6473185202235,9,27,1,130.60516560638075,2,5,0.5237955987883811,0.29915710221156616,0,Credit Card,Regular,0
CUST002480,7,233.80712280806623,1542.8321360050925,5,130,0,76.15427811926057,2,2,0.19439116504194082,0.2662797174727527,0,Debit Card,Premium,0
CUST002481,50,116.5623854462073,5473.379998308072,9,29,1,75.36181222043244,2,3,0.1426377925481711,0.23835784719100964,1,Credit Card,Regular,0
CUST002482,69,30.42834559133779,1875.5225405451004,6,79,1,43.28775338012673,2,2,0.5936788996665396,0.12938667502010448,1,Debit Card,Regular,0
CUST002483,3,128.69297692486657,377.7965203509149,11,10,0,39.984094796675436,2,3,0.12156450269239444,0.34066686428569365,0,PayPal,Regular,0
CUST002484,14,210.48527892027997,2931.5936344401603,10,8,1,76.51860270800566,3,1,0.24413230743225584,0.12905852596318423,1,Credit Card,Regular,1
CUST002485,95,78.54360024060009,7767.965311471774,13,21,1,67.0329187434764,5,1,0.5127370051454321,0.3061934169015972,1,Credit Card,Occasional,0
CUST002486,15,227.19690824123333,3736.1871297177186,10,21,0,76.71164191496688,3,2,0.11066630849664792,0.21685683356186075,0,Debit Card,Premium,0
CUST002487,47,118.16428254568194,5996.293310724448,9,7,1,59.882658392881616,2,5,0.4446760468704081,0.24127666941927342,0,Debit Card,Regular,0
CUST002488,21,51.35071253751583,1194.681759332886,12,36,1,67.09971842183727,5,4,0.0989709194888988,0.42669384682570344,0,Credit Card,Regular,0
CUST002489,11,323.56297982507255,3634.1475961552055,6,0,1,23.87787734740627,4,3,0.4011389872723751,0.11846796720663147,0,PayPal,Regular,0
CUST002490,8,23.099758901319888,224.387608534013,15,35,0,140.265337037456,5,4,0.4616557750942131,0.07510945027236013,1,Debit Card,Occasional,0
CUST002491,5,64.24191871588467,308.9477889630306,19,18,1,44.38155119537402,7,4,0.3098387787014253,0.6150542054977074,1,Debit Card,Regular,0
CUST002492,34,81.25422595799543,2941.2830457773075,15,35,1,61.26606633775225,3,0,0.5853968250295425,0.20270018129154607,1,Credit Card,Premium,0
CUST002493,11,288.1628668907882,3293.66118279638,7,19,1,12.135989292482986,2,2,0.22197951803120836,0.14131672068170245,1,PayPal,Regular,0
CUST002494,17,142.38685867793745,2467.9583995548533,6,113,0,39.46357512914897,2,1,0.12143202519798829,0.2868079696574481,1,Credit Card,Occasional,0
CUST002495,16,125.90429403373291,1889.2318145302854,21,12,1,58.65574506824052,4,2,0.2776760836881499,0.10858717757779487,1,Credit Card,Occasional,0
CUST002496,20,44.81313718097735,1061.7925656504237,10,121,0,74.178799270454,3,1,0.23156175240911103,0.15831213766291485,1,Debit Card,Occasional,0
CUST002497,48,76.24031953793119,3685.971104452417,12,2,0,15.046409356546322,2,1,0.27891613399824494,0.14464664289941234,1,PayPal,Regular,0
CUST002498,94,52.38382805076135,5358.192734867348,7,34,1,58.58950244576177,3,0,0.3026459285186237,0.06441327478634688,1,Credit Card,Regular,0
CUST002499,12,122.89586962708292,1681.2581152344974,10,18,1,105.8245920587812,9,3,0.056371909019916726,0.26315119028613304,1,Credit Card,Regular,0
CUST002500,42,188.27133089512847,7784.031826265944,10,51,3,69.96067558948555,1,0,0.29288406023747104,0.10431228267503113,0,PayPal,Regular,0
CUST002501,34,372.24057164980275,13924.696483729578,11,46,1,111.48175733725503,5,3,0.06635976093977862,0.3151406480598496,0,Debit Card,Regular,0
CUST002502,20,57.44753912022463,1010.7016957196004,6,48,0,74.18029326843454,7,3,0.07376579699656452,0.2214239438065396,0,Credit Card,Regular,0
CUST002503,74,22.428529224572035,1583.1489620458942,7,2,1,42.351468713543596,4,0,0.4560359741865247,0.41254502638083657,1,Debit Card,Occasional,0
CUST002504,5,65.12074469111488,366.17312332927185,11,51,0,51.12273341790326,1,3,0.3200106606701589,0.1414395489802485,1,Debit Card,Premium,0
CUST002505,2,170.95883620751349,277.5395276951981,7,7,0,62.27024765332413,2,1,0.14157303745162475,0.2819945671564128,1,Debit Card,Occasional,0
CUST002506,46,40.09359861953774,2049.2498483600393,19,0,0,78.47990652072963,3,0,0.05641480689122718,0.07502294279474044,1,PayPal,Occasional,0
CUST002507,13,83.53101913244507,1247.1797890344699,15,7,0,81.41285578056214,9,3,0.2681825949218427,0.40201684130939264,0,PayPal,Regular,0
CUST002508,45,127.0536045425453,6021.680506768808,6,19,1,45.623763196334785,2,5,0.4260439573568819,0.138451001240139,0,Debit Card,Regular,0
CUST002509,53,58.4272616531795,3277.9486333263435,17,40,2,45.04679437534148,1,2,0.2920938705409107,0.29077603234251725,0,PayPal,Occasional,0
CUST002510,1,99.20433830399611,99.04537012928566,14,7,2,40.80543983015357,1,3,0.3293163754266024,0.2529235006904902,0,Credit Card,Occasional,0
CUST002511,51,36.6612908610352,2000.2875765543383,15,3,1,21.131513406557183,1,2,0.22233591663012164,0.1982814680468381,1,Debit Card,Regular,0
CUST002512,14,197.23714212966576,2205.0348260003066,11,31,2,92.1461191248718,1,1,0.2302847580497067,0.30862508253488413,1,Debit Card,Occasional,0
CUST002513,17,69.14531885020577,1350.8318084754221,7,123,1,46.03094298898473,7,4,0.003081658707656442,0.16288305948625736,0,Debit Card,Occasional,0
CUST002514,23,97.06419646782888,1842.5097487144467,5,27,2,28.316251682307087,2,4,0.26606042773921806,0.18339668836745943,0,Credit Card,Premium,0
CUST002515,62,13.827167922259797,637.4446486914403,12,35,1,73.72541614302015,2,1,0.5338407433325906,0.22284825913062858,1,PayPal,Regular,0
CUST002516,0,32.088339937957755,0.0,10,24,1,77.89913831056433,3,5,0.17645226710306006,0.2906455584535335,1,Credit Card,Premium,0
CUST002517,15,167.04704576996227,2755.3182982606354,5,45,1,24.77290915689709,2,0,0.21799247108252784,0.27865190836304154,1,Debit Card,Regular,1
CUST002518,27,57.74442401816285,1379.5041566813195,12,111,0,104.43666360525907,5,2,0.15592363837451795,0.5656098352857784,1,Credit Card,Premium,0
CUST002519,30,38.38317898236459,1315.8506658067104,10,23,0,96.66982545058448,2,1,0.24941142321740117,0.3464637439917051,0,Debit Card,Regular,0
CUST002520,28,20.58944646683969,502.3229959652186,11,16,2,61.0144210987917,3,1,0.1502407308552362,0.30356485504237946,1,PayPal,Regular,0
CUST002521,3,194.71402134084514,537.7393485501136,6,59,2,59.572918284722306,2,3,0.4300007077151074,0.19685492792383963,0,PayPal,Occasional,0
CUST002522,8,138.0726256521316,1105.297352943304,6,104,1,91.59833040642692,2,3,0.39271603148424655,0.2982056624493112,0,Debit Card,Occasional,0
CUST002523,10,131.72022098375544,1459.000167174383,13,4,0,43.79522923513857,4,3,0.37256120338459847,0.2134271737456662,1,Debit Card,Regular,0
CUST002524,39,247.96446989258763,9160.902336671325,11,25,0,105.02542865341815,2,2,0.2855763060863802,0.3773360810361144,1,PayPal,Regular,0
CUST002525,7,64.29451225262149,461.0804014676264,9,47,1,15.486244357468903,2,1,0.10469729617078684,0.19001287518925014,0,PayPal,Regular,1
CUST002526,5,22.708626019740723,115.32844678108916,12,22,1,64.58202222602458,8,1,0.29933622430931434,0.27996366807520745,1,Debit Card,Regular,0
CUST002527,75,87.31891544723874,4753.047735500689,9,15,0,54.267425582141264,4,3,0.41824942602362547,0.33187600311140975,1,PayPal,Premium,0
CUST002528,0,279.77034128917876,0.0,10,31,2,23.79187942791762,4,0,0.039707257198133616,0.6281016119129954,1,Credit Card,Occasional,0
CUST002529,147,88.69062174632927,12585.830158810333,13,9,2,93.15579684782314,4,0,0.06714127533261059,0.03456367939023015,1,Debit Card,Premium,0
CUST002530,27,184.93845297165487,3802.9811471911007,9,12,0,40.15149475769721,2,2,0.5549221296253126,0.43874729881313174,1,Credit Card,Regular,0
CUST002531,42,23.616783364061714,979.8249327356409,8,145,0,86.4066646529942,6,0,0.4251046641816529,0.14501874271757464,0,Credit Card,Regular,1
CUST002532,8,44.01367541280973,357.90108724463363,9,30,3,76.26427063304904,1,4,0.2540788459615833,0.30241902253318526,1,Credit Card,Regular,0
CUST002533,0,160.22127715484277,0.0,9,61,1,33.66632949887498,5,1,0.4545061206037694,0.5855768018744076,0,Debit Card,Regular,0
CUST002534,32,95.5893169856693,3426.0823640759045,12,49,0,15.914840008447118,2,0,0.5456592046296174,0.19266528243053846,1,Credit Card,Regular,0
CUST002535,43,77.41766094883647,3468.856941714793,13,31,0,69.56701810713103,0,4,0.0667696678178323,0.2400118681285615,0,PayPal,Regular,0
CUST002536,32,183.20400857913356,6067.025163894081,7,55,3,77.84690456357325,1,2,0.3954333260169269,0.36236033569303927,1,Debit Card,Premium,0
CUST002537,3,158.73646823356282,467.94599019602583,7,10,1,65.34147787916318,4,0,0.6000282052475259,0.36045248309878025,1,PayPal,Regular,0
CUST002538,33,97.52891405589294,3063.554249168436,6,30,0,33.84126793823181,2,0,0.2940510346484975,0.360124487031365,0,Debit Card,Occasional,0
CUST002539,35,5.022577161496542,195.90193248460687,11,26,1,151.61344885963973,2,0,0.011453439028660318,0.13595357974276237,1,PayPal,Occasional,0
CUST002540,25,84.51708587677597,2187.0812240828845,14,29,1,54.667346571287545,4,4,0.43710760296072826,0.25189807557653093,0,Debit Card,Regular,0
CUST002541,34,115.5521012143037,4089.9837692076226,15,5,1,17.617683220682608,1,2,0.5137253145580413,0.2724488284099804,1,PayPal,Premium,0
CUST002542,44,14.270440232969362,613.2156421656229,15,9,0,94.15222805747419,2,3,0.04520840391207568,0.3062016030429033,0,Credit Card,Occasional,0
CUST002543,22,112.72950761097684,2154.313462133529,10,10,1,36.25730937618669,4,1,0.5674055965772252,0.37093858213201975,1,PayPal,Regular,0
CUST002544,2,188.90070471585756,348.1040169225485,13,27,2,79.86490925127809,2,5,0.20510531145781347,0.49845129468414645,0,Debit Card,Occasional,0
CUST002545,16,84.3947609992191,1454.3408954388908,13,107,1,32.47077108729171,3,2,0.16472140317200634,0.2969990826842811,0,PayPal,Regular,0
CUST002546,1,34.481740467950566,39.37089581764454,9,92,0,55.745242035271794,3,2,0.13308839962871605,0.43378633148147117,1,PayPal,Regular,0
CUST002547,12,6.066897119522068,86.70516030803891,10,7,2,26.726904763885763,4,2,0.0398398097480145,0.28494028175456787,0,Debit Card,Regular,1
CUST002548,12,114.36589840648925,1277.7567329391043,9,10,0,52.96258927351821,3,2,0.1751837549338679,0.6073659201355526,0,Debit Card,Regular,0
CUST002549,1,16.422298329495188,12.132256611057963,10,1,1,34.7104731085813,3,3,0.30818594697223584,0.32073610207790826,0,PayPal,Regular,0
CUST002550,10,130.95060739532732,1406.8082225300031,10,15,0,47.97485900736203,2,1,0.30754047587028077,0.03752577804019971,1,PayPal,Occasional,0
CUST002551,2,270.85923918036053,525.67628839663,8,53,0,40.50018204551628,3,0,0.3758513804379299,0.24889616386618055,1,Credit Card,Premium,0
CUST002552,39,45.84047910971974,1617.369409220078,6,74,2,95.9836790657802,4,2,0.20690267013157929,0.14586604203206086,0,Debit Card,Regular,1
CUST002553,70,70.53566520872644,5038.470268973798,11,8,1,114.9954154604394,3,3,0.707226802173229,0.36469295141220354,1,Credit Card,Regular,0
CUST002554,1,281.1584166812816,259.4754421839315,10,9,1,39.40794538364252,3,2,0.3576170328138939,0.08250758363642953,1,Credit Card,Occasional,1
CUST002555,74,92.41400464647405,6097.773896173393,9,7,0,101.42374161141133,2,3,0.08325538006072494,0.40514940116034454,0,Debit Card,Regular,0
CUST002556,17,58.2256620426793,1054.8675246793305,9,12,1,147.4418605671084,4,0,0.17769010165614246,0.5093605131389849,0,Debit Card,Premium,0
CUST002557,8,170.94974767919794,1441.69932124636,5,49,0,25.218776691137712,4,0,0.14619355091287223,0.4521667773303439,1,PayPal,Premium,0
CUST002558,1,60.913101639585065,57.41556115490261,15,31,2,50.78063559003384,5,4,0.38407561317984007,0.10323218604361477,1,Debit Card,Occasional,0
CUST002559,16,43.18361889597605,737.6678916233524,13,46,1,43.40649708214251,3,4,0.17769682973759807,0.29129170135445837,0,Debit Card,Occasional,0
CUST002560,37,129.51854510005973,4832.887468216703,9,26,2,144.01968048491574,4,2,0.4823540424246885,0.29320613448137745,0,PayPal,Regular,0
CUST002561,29,180.46488286846812,4396.405754988322,6,8,1,63.872374206961176,2,2,0.4537463742092319,0.17834825080745814,1,Credit Card,Premium,0
CUST002562,1,42.907978809080674,39.692186283239124,4,7,1,147.3001483362759,0,2,0.16242537811386298,0.2801717454045455,1,Debit Card,Regular,0
CUST002563,1,98.26383986133823,97.57021413496584,14,0,0,84.49851549687932,2,3,0.24540248862049263,0.3228836533160003,1,Credit Card,Regular,0
CUST002564,12,73.02261545086002,768.0997880509777,10,45,0,90.33162100832516,3,2,0.23997224017962848,0.35284870552660125,0,Debit Card,Premium,0
CUST002565,8,82.56130452853961,656.2474345739903,13,56,0,54.877747793689984,2,1,0.20392120962056753,0.11011015228313344,1,Debit Card,Regular,0
CUST002566,6,34.80244155497855,208.7273832147648,12,43,0,74.160223920384,3,2,0.40252360933765047,0.29703771938181067,1,Credit Card,Regular,0
CUST002567,7,136.61119971418236,863.5985393808797,7,2,0,70.54322211929075,8,2,0.16620482432102104,0.3864878065160157,0,PayPal,Regular,0
CUST002568,39,233.1620042632609,10251.68179172936,13,43,0,75.20779582323861,4,0,0.2773690238325323,0.5290925430288813,0,Credit Card,Regular,0
CUST002569,63,42.03278597003068,2560.697939318998,7,1,0,14.413288809503761,1,5,0.4911627421541547,0.45438181522604804,1,Debit Card,Premium,0
CUST002570,12,136.5312620597914,1815.2678397758639,12,3,1,129.34031808805844,3,3,0.3546667116687516,0.4558248761214682,0,PayPal,Regular,1
CUST002571,56,168.23858750160056,9581.153420390672,14,17,0,76.60298715751203,5,1,0.02767404627924748,0.3310801852150391,1,Credit Card,Regular,0
CUST002572,9,97.72384677369838,911.003108110349,9,19,3,50.7156843154157,4,3,0.2472735503362605,0.30655121200835517,1,Credit Card,Regular,0
CUST002573,15,132.4539297848811,2134.5371946609926,14,50,0,92.04135633513783,8,3,0.08114801285017453,0.1807535936867275,0,Credit Card,Premium,0
CUST002574,6,46.50061288869861,208.58451798473985,9,34,1,52.22095659091713,1,5,0.3111295321706804,0.22656199395872906,1,PayPal,Regular,0
CUST002575,24,224.41953669037832,4806.805322043399,8,4,0,102.5022918475986,2,2,0.46104099941944565,0.4164158201625552,1,Credit Card,Occasional,0
CUST002576,92,181.40764489601145,13233.254485923242,9,7,0,39.58116027688017,3,3,0.2937299109115078,0.19829332801205535,0,Debit Card,Regular,0
CUST002577,22,195.66504606860468,4351.282668206734,8,10,1,132.1465126171117,4,1,0.12031972946275701,0.36158536122917984,1,Credit Card,Occasional,0
CUST002578,10,29.42196254668203,314.5305198585866,9,3,3,63.65058990778779,2,0,0.12123038587628358,0.4758873747052515,1,PayPal,Premium,0
CUST002579,25,120.72072591321061,3155.1937539153223,12,10,1,131.35802424395075,3,2,0.5246529603952069,0.1255521249868537,0,PayPal,Regular,0
CUST002580,3,49.5564274934871,146.22685891213314,15,39,0,160.08707106804525,3,3,0.3058216235706235,0.2144275891212008,0,Credit Card,Regular,0
CUST002581,52,237.35894768306602,12390.149899814609,12,8,1,43.34082700197513,2,2,0.45062535728260056,0.2809041608517408,1,PayPal,Premium,0
CUST002582,16,42.839246387449606,728.5204310344602,13,54,2,7.626282719333581,3,0,0.4113487721178584,0.43188902671205825,0,Credit Card,Regular,0
CUST002583,14,100.69548720022911,1109.4211546942847,12,19,1,6.003654656989539,1,0,0.2034921075350382,0.3262180148649424,1,Debit Card,Occasional,0
CUST002584,21,9.880423043853295,178.48646286897204,4,11,1,25.574758085932963,0,1,0.406581486675797,0.34933558447697066,1,Debit Card,Premium,0
CUST002585,23,100.30868581481376,2865.862056489457,11,15,2,22.826873674108164,2,0,0.2499684485149175,0.1649176244019699,0,PayPal,Premium,0
CUST002586,1,29.75982386226485,28.824697788269955,3,37,1,42.90354580585593,2,3,0.3056325320607667,0.3185209225096807,1,Credit Card,Occasional,1
CUST002587,27,125.2013020804724,3499.223444152019,10,21,1,100.80608423907981,5,3,0.17245043411447072,0.5686887088853271,1,Debit Card,Premium,0
CUST002588,6,74.7546474862643,422.46237280933843,6,0,0,47.4547628312976,2,0,0.2841566636629089,0.3703079776953716,1,Credit Card,Regular,0
CUST002589,30,62.40464412948128,1900.8995898577296,11,76,1,70.29234329984122,6,1,0.35818714046548983,0.18873090683294844,0,Debit Card,Regular,0
CUST002590,41,241.380561311239,7667.991004522842,10,2,2,86.57567181267837,1,3,0.0789411641881005,0.2673077458090425,1,Debit Card,Occasional,0
CUST002591,39,338.39323844317636,12837.279496737208,16,83,1,81.69114684532482,3,2,0.10652369533868694,0.36008247661314696,1,Debit Card,Regular,0
CUST002592,19,21.7116071488576,368.4750032572131,5,0,1,24.59216387503213,4,5,0.11618016397445312,0.23610215971334964,0,Credit Card,Regular,1
CUST002593,17,64.07354519301356,975.0353690602824,11,44,1,29.77317613000899,3,2,0.26973527131941416,0.2507119853270032,1,Credit Card,Occasional,0
CUST002594,3,152.04955532178792,422.58706219072565,8,22,1,33.89291857567958,2,5,0.21006924578922714,0.25806763151310824,0,Debit Card,Premium,0
CUST002595,35,110.73463145935452,3735.597456566949,5,21,1,32.12731113756811,0,1,0.1876209633032869,0.2742469065729478,1,Credit Card,Regular,0
CUST002596,7,146.23956119617148,1052.3792042249697,14,2,0,60.81701378605097,3,1,0.23248852200438674,0.2755981163560538,1,Debit Card,Occasional,1
CUST002597,16,79.05505389361515,1174.762739890227,15,8,1,33.713344384470226,2,2,0.15284446687929404,0.1421231265007432,1,Debit Card,Premium,0
CUST002598,8,186.5651243976436,1428.4767073049254,14,45,3,47.80221002656035,3,7,0.13165194308125344,0.46668864043320846,0,PayPal,Regular,0
CUST002599,3,97.45701777330248,272.3954747524999,9,66,0,65.0996595318004,2,2,0.08415183296457646,0.46980614034457147,0,Debit Card,Premium,0
CUST002600,23,115.53918136246497,2678.793539973001,7,22,2,9.540452513103498,1,1,0.2736142031886209,0.23772823429464746,1,Credit Card,Regular,0
CUST002601,1,29.794797317310607,25.013321731656884,10,13,2,37.37296760283063,3,1,0.36053233757228936,0.2665904677507655,1,PayPal,Occasional,0
CUST002602,33,90.12914720060827,2633.118724726345,9,1,4,33.10209326326277,2,0,0.7657663248589283,0.2277141329006563,0,Debit Card,Regular,0
CUST002603,9,153.20185145671456,1463.2338982628125,9,34,1,54.83015635152141,2,4,0.13522632988358796,0.45331048704238325,1,Debit Card,Regular,0
CUST002604,0,106.28634600045876,0.0,8,9,1,61.272963279809225,5,2,0.4142644383461617,0.39350967638947787,1,PayPal,Occasional,0
CUST002605,17,93.19219194883526,1492.5416731594453,19,1,2,104.66299828455564,4,3,0.3482445238852452,0.17313196314141358,1,Credit Card,Regular,0
CUST002606,1,120.82323606336264,108.23050146280326,12,32,1,93.79125760913495,3,1,0.26941224177356937,0.42833009137291156,0,PayPal,Occasional,0
CUST002607,7,97.04559298046254,721.737314749024,8,19,1,39.36555888910972,4,3,0.27318058037292137,0.32806891657520865,1,PayPal,Occasional,0
CUST002608,29,81.12207345689053,2354.383664590735,7,0,0,45.249272006906,2,2,0.1773845011523519,0.4827689521460166,1,PayPal,Regular,0
CUST002609,1,156.53498805320666,154.59946908005446,11,3,1,47.63235353999967,3,4,0.25321814071425586,0.37682219842219083,1,Debit Card,Regular,0
CUST002610,43,76.8102786424241,3554.706658302533,13,36,1,85.51953824992202,2,2,0.10465268805934504,0.23879178920909525,1,PayPal,Regular,0
CUST002611,0,28.00013101906898,0.0,11,1,1,111.44994689458787,0,5,0.21386451575626486,0.346235334681468,1,Credit Card,Premium,0
CUST002612,6,234.12852539061544,1358.970361640118,15,60,0,74.4719707394274,0,0,0.08751254960897031,0.2921182138440173,1,PayPal,Regular,0
CUST002613,32,50.86104790325211,1788.3469621895636,10,11,2,62.13718635684215,4,1,0.5250876374895385,0.19502258928887314,1,Debit Card,Regular,0
CUST002614,9,20.577096436403973,175.8381120095525,8,2,2,19.399020969044123,1,2,0.26273316388181694,0.2600426907562638,1,Credit Card,Regular,0
CUST002615,2,131.68901383085193,229.59048422253102,10,42,2,52.32153579125408,2,0,0.12056727432253198,0.5678165965039762,1,Credit Card,Regular,1
CUST002616,10,254.2514488867495,2510.397720594369,7,22,0,91.46724648045314,1,2,0.49912513178375834,0.209509134720717,1,Debit Card,Premium,0
CUST002617,7,133.92693680073515,1163.413050210994,10,10,2,53.284254908426234,3,0,0.16898626590131222,0.28820461687713633,0,PayPal,Regular,0
CUST002618,44,212.08641084206627,8408.594445115887,8,15,0,52.21388886347286,3,1,0.41498332793990217,0.3273311568928659,0,PayPal,Regular,0
CUST002619,9,38.682760019932836,333.1237879579055,6,0,0,20.16323917456202,2,2,0.29433138705806705,0.2542521933187682,1,PayPal,Regular,0
CUST002620,37,28.394911980515342,1007.8578249395172,17,32,1,115.57037192939589,6,1,0.22884727639532013,0.28510300018046836,0,PayPal,Premium,0
CUST002621,53,63.88318158567628,3236.1036494498867,12,13,3,21.670392209616832,5,2,0.644344874433803,0.24824380125190565,1,Debit Card,Premium,0
CUST002622,13,177.23691375970074,2448.7508872676676,11,37,2,117.83985505560946,2,4,0.3802806208163338,0.3208308478804278,1,Credit Card,Occasional,0
CUST002623,57,125.51890348192636,6530.457967263241,7,29,1,61.9650940317357,5,4,0.24524206297543164,0.12408118730756541,1,PayPal,Premium,0
CUST002624,11,132.22600947960123,1414.4709735267693,10,31,1,136.5572807456999,2,3,0.35372991045719065,0.2077876109423782,1,PayPal,Occasional,0
CUST002625,79,93.15038642634318,7270.528611791163,13,47,0,86.38971936481022,5,2,0.19537696018841572,0.10197490577768653,0,PayPal,Premium,0
CUST002626,2,64.9086312783944,142.02505497941664,9,29,3,92.69256366415968,7,1,0.2473722100252206,0.28272780002627385,1,Debit Card,Regular,1
CUST002627,27,96.35173411886744,2332.9334589285136,8,16,0,49.18756874215986,5,2,0.19876877104422208,0.4952282770724538,1,Debit Card,Regular,0
CUST002628,16,74.71897609578006,1293.104346424238,9,14,4,54.302946208666434,4,4,0.4616835544629853,0.14450055293568909,1,Credit Card,Occasional,0
CUST002629,11,61.26777771082929,674.444556935833,10,3,1,49.441645809839024,3,2,0.2758301072937853,0.31552466740885654,1,Debit Card,Premium,0
CUST002630,24,112.9478928008385,2874.5041669373795,10,45,4,32.925292855703646,3,1,0.4600549853040866,0.36803443468274544,0,Debit Card,Regular,1
CUST002631,29,69.16803278480171,2008.144834227744,17,42,0,62.279875494099464,2,1,0.12997473331914253,0.2807263030218363,0,PayPal,Regular,0
CUST002632,0,103.70051775316014,0.0,7,8,2,28.659744182031297,1,3,0.28843327237988914,0.264083314808572,1,Debit Card,Occasional,0
CUST002633,4,11.347706974516028,47.61998827104998,6,59,2,38.345278546425526,3,3,0.3681428995267429,0.44956421957335446,1,PayPal,Regular,0
CUST002634,29,97.43198774823189,2736.0044656582427,13,26,0,37.66385781590042,3,1,0.5472208983195713,0.42836941338447276,0,Debit Card,Regular,0
CUST002635,26,68.82286202644117,1980.8443719120276,10,19,0,39.82411241538998,3,4,0.09288712889334759,0.4281130784601197,0,PayPal,Occasional,0
CUST002636,81,219.7921512369336,16156.167534943854,15,0,2,34.10682452216524,1,4,0.6377195015619026,0.44011791452316684,0,Debit Card,Occasional,0
CUST002637,34,19.59725688961814,626.4614282018999,10,14,1,18.244920926193572,2,2,0.09094439799417989,0.23269006137196624,0,PayPal,Regular,0
CUST002638,72,92.08682087010628,5693.130962865451,10,30,0,27.92654204589049,1,2,0.3056972289725376,0.1927844863062211,1,PayPal,Regular,0
CUST002639,29,154.49253939276838,4794.328143378664,7,2,1,71.06693172656315,1,1,0.14924221233611543,0.4763737601176623,1,Debit Card,Occasional,0
CUST002640,8,77.08560422245849,605.0363387179701,13,18,2,43.86902047843586,2,2,0.10605791074288953,0.2979211189470264,1,Debit Card,Regular,0
CUST002641,2,66.95619050686305,158.43275257729331,9,150,3,47.14904449384578,4,2,0.6642209629031893,0.6055276926938795,1,Credit Card,Premium,1
CUST002642,36,154.1245694665027,5089.554804579934,11,37,0,111.98205721391197,3,1,0.4004292442442883,0.1750626824660608,1,PayPal,Regular,0
CUST002643,24,123.32546873606583,3181.2401378069567,10,23,0,145.03066787219262,4,0,0.3397595385324553,0.2043607991039818,1,PayPal,Regular,0
CUST002644,1,130.02306535751234,137.11278415251195,10,22,0,123.60679970247084,7,1,0.4822353825206797,0.2775772472228994,1,PayPal,Regular,0
CUST002645,10,61.36849680049472,603.8671705556077,10,1,1,117.90353060317281,4,0,0.2734325158294383,0.08287670533693049,1,Credit Card,Regular,0
CUST002646,75,55.17728802103773,3723.488615129154,8,94,1,83.79638814258058,3,2,0.42123849113592116,0.12107503825567296,0,Credit Card,Occasional,0
CUST002647,16,103.7941341366165,1599.0311110508665,14,79,1,101.0987169648731,2,4,0.24684166535872903,0.2614276141236669,0,Credit Card,Occasional,1
CUST002648,13,163.07999757288587,2127.7882790926737,11,34,1,105.46031944116167,5,0,0.35489602519635394,0.0988600701036953,1,Debit Card,Regular,1
CUST002649,14,24.569226119900506,313.7896424346961,7,3,0,108.23779964201631,3,1,0.48630216441539564,0.2796031123908213,0,PayPal,Premium,0
CUST002650,5,79.24896292160199,361.24921668375646,9,6,0,27.28056641337977,1,2,0.3381454889183954,0.13476328270199728,1,Debit Card,Occasional,0
CUST002651,11,57.26987158168573,680.8609994833494,12,6,1,49.76580309938488,2,5,0.17123834526586543,0.36575235748899126,1,Credit Card,Premium,0
CUST002652,11,86.76551311680416,925.7639778180944,15,21,1,60.72407604776642,2,3,0.3607718353874819,0.35697790017618125,1,Debit Card,Regular,0
CUST002653,1,144.48686780091205,172.75361026909192,14,6,3,21.814312801789114,1,3,0.03971507980518438,0.05433891016631918,1,PayPal,Premium,0
CUST002654,35,42.113392129382916,1551.4145238046142,16,35,1,17.493711398597632,5,0,0.12494794693455798,0.36130716889980147,1,Credit Card,Premium,0
CUST002655,12,133.33718433439955,1648.3395750892178,5,23,0,65.37729248139132,1,2,0.3739379839049656,0.21574457834876085,0,Credit Card,Occasional,0
CUST002656,41,63.07773912815766,2807.7263015600183,10,0,4,30.79977549040619,2,2,0.11138028572705821,0.722126922680791,1,Credit Card,Occasional,1
CUST002657,45,180.9440180285525,9735.826859908804,13,40,0,71.45728105290513,1,2,0.3515182704347975,0.27869976432494764,1,Debit Card,Regular,0
CUST002658,5,44.33741026568494,203.97280759824963,8,6,1,73.65223817614054,2,0,0.2966972802094116,0.27026125390303385,1,Credit Card,Regular,0
CUST002659,25,161.5219959984009,4000.5182194477884,11,52,3,50.34028059355174,2,1,0.5933239574620568,0.16276158580285952,1,PayPal,Regular,0
CUST002660,15,27.274802172794306,494.44054290220777,8,13,1,51.05815389668411,0,2,0.1319446511140144,0.23036857591197554,0,Debit Card,Regular,0
CUST002661,50,98.73566097722153,4880.901109959243,9,12,0,38.645309955364866,4,1,0.18251358942822543,0.09380933483493496,1,Credit Card,Occasional,0
CUST002662,5,135.32185865796103,697.9820080216912,9,0,2,23.774573613099257,3,4,0.37528772464738913,0.4039946755161243,1,Credit Card,Regular,0
CUST002663,27,45.38541483964587,1358.8173593263882,15,132,3,67.03909614018035,8,3,0.3831264709651385,0.15006643775144396,1,PayPal,Regular,0
CUST002664,22,58.856241849467814,1393.1630112867701,9,28,1,50.45301673416587,6,0,0.3744549259947328,0.24007475485188795,1,PayPal,Occasional,0
CUST002665,8,87.48195190235944,641.444359083556,17,16,1,27.42924257643739,4,5,0.21158080889717953,0.3294641460631346,0,PayPal,Premium,0
CUST002666,3,66.76596251863188,210.43295076513456,9,3,1,46.68545423370973,2,1,0.2240448704488395,0.1865675310482339,1,Debit Card,Premium,0
CUST002667,25,54.35893898828492,1481.5508808324391,10,36,0,94.69938347006075,5,1,0.45499279171842927,0.48102001079411266,1,Debit Card,Occasional,0
CUST002668,32,155.7440845036994,5335.217505257419,8,9,3,17.2932793967642,4,2,0.1397837158546968,0.16504102214288635,0,PayPal,Occasional,0
CUST002669,9,193.56457816849291,1911.886221981184,6,133,0,55.65874010936544,3,2,0.21056587331881715,0.18061826184072677,1,PayPal,Occasional,0
CUST002670,24,185.9143028610427,4046.180040630533,16,90,1,26.00691958048148,4,2,0.1602609179694508,0.2940098275642587,0,PayPal,Occasional,1
CUST002671,12,119.6774340840579,1666.015269784695,14,39,1,46.64999006880982,3,3,0.00613669269107601,0.1959175960687803,1,PayPal,Regular,0
CUST002672,29,131.41885498746456,4126.463931901816,15,106,1,12.228801126125227,1,2,0.18635126034600638,0.31070475011617016,1,PayPal,Regular,0
CUST002673,5,38.9665179818287,219.4105421973048,4,3,0,18.785051086379724,4,2,0.3174588723374262,0.4125158010538289,1,Debit Card,Occasional,0
CUST002674,53,81.43158302838309,3827.4544583287875,8,9,3,17.474766525274358,3,3,0.10999550088287743,0.33505382144578705,1,Debit Card,Regular,0
CUST002675,8,92.99598200763216,783.8960715344303,8,8,4,135.55365060478374,4,2,0.1200985178863031,0.31913411271197656,1,PayPal,Occasional,0
CUST002676,11,106.56088594059068,1102.0483435150472,7,2,0,64.81914053125423,3,2,0.3341517342051965,0.19680874389870104,1,Credit Card,Regular,0
CUST002677,1,105.2040689872512,112.61761338375472,7,107,2,30.694053782680264,3,2,0.19028614038962618,0.350261047137879,1,PayPal,Occasional,0
CUST002678,2,87.64911253933376,183.8083925045134,14,1,0,31.659297089155398,1,0,0.2533605255830419,0.20049092113881561,0,Debit Card,Regular,0
CUST002679,17,118.69061909846982,2217.9300347728936,14,58,3,81.44059119625123,0,2,0.17539748427088306,0.19335123284657382,0,Credit Card,Regular,0
CUST002680,7,101.81862960426558,713.8085938711193,7,43,0,72.67744362614368,4,1,0.295174641363358,0.3180449640566454,1,PayPal,Occasional,1
CUST002681,43,101.6481999722073,4068.544086575039,11,14,0,52.21150559748771,3,0,0.154604350640218,0.3048418650189289,1,Credit Card,Premium,0
CUST002682,0,48.06852905938121,0.0,12,0,2,116.95213959824133,1,0,0.576425252446417,0.20510676700244102,0,Credit Card,Occasional,0
CUST002683,11,31.205232065524456,334.17157271026815,12,0,0,31.770294595190897,3,2,0.20206395741571279,0.5731731635505325,0,Credit Card,Occasional,0
CUST002684,9,106.94640926409878,1046.271853208016,10,6,1,17.969820777946452,3,1,0.012591666635943705,0.24647835745006305,0,Credit Card,Occasional,0
CUST002685,0,60.98458396505795,0.0,12,20,1,112.76434652482706,5,2,0.34336194601571957,0.48468754465075,1,Credit Card,Regular,0
CUST002686,3,50.01372412785161,143.52525422862925,12,18,2,39.01756849431868,2,3,0.2589533504941165,0.15830838737814124,0,PayPal,Regular,0
CUST002687,12,137.76308885902094,1659.4379488817435,6,26,1,18.480089387989295,4,3,0.3699427035596393,0.45539730690061153,0,Debit Card,Regular,0
CUST002688,16,82.10508619758812,1421.0823846264916,6,44,2,53.76031302331626,1,2,0.10444589724843109,0.08709295663254367,0,Credit Card,Occasional,0
CUST002689,12,212.73011281036815,2269.4517991374705,9,14,0,60.196655088064205,3,2,0.09390952491813069,0.2308586283512662,1,Credit Card,Regular,0
CUST002690,18,127.69521720926905,2718.347765524546,7,5,0,52.45497860072934,4,0,0.24703911296199701,0.4972885265975062,0,Debit Card,Occasional,0
CUST002691,21,45.534849820498124,992.6314448944406,8,48,1,108.76877843824104,3,3,0.08322651107746248,0.31195633662945305,0,Debit Card,Occasional,0
CUST002692,0,138.94818004563524,0.0,13,12,2,140.93018341042642,2,2,0.34008928418258966,0.15496719039839751,0,PayPal,Regular,0
CUST002693,14,114.70117966034053,1511.4255140522855,8,10,1,39.390117512921606,1,3,0.07631406028326161,0.13845347890933846,0,PayPal,Regular,0
CUST002694,79,44.048681436527666,3488.208410809173,8,43,1,87.68015760546213,6,0,0.3445759448012804,0.4197195069996742,0,PayPal,Premium,0
CUST002695,17,55.07270735319329,770.5934460599248,8,81,0,42.83760879231943,2,3,0.2890629216797127,0.49318371679068734,0,Debit Card,Occasional,1
CUST002696,27,134.41350947124795,3723.306014056052,11,73,1,111.95551972775726,4,2,0.15924818714689015,0.5726403284286173,1,Credit Card,Occasional,0
CUST002697,8,15.438151865568162,128.83250209648415,8,4,0,21.612820556298303,3,1,0.3770682891667199,0.36402995560122403,1,Debit Card,Regular,0
CUST002698,35,9.398803198616369,355.2191220080139,9,20,1,58.087859566707145,4,2,0.13553939274436846,0.2634705094350258,0,Debit Card,Occasional,0
CUST002699,35,97.48365321069838,3796.0113768201327,10,2,2,76.4815239416759,2,1,0.34986147342243373,0.1862974133535723,0,PayPal,Occasional,0
CUST002700,17,92.18885614819888,1608.8138446863832,8,97,2,77.60866840471381,3,0,0.7349144011257743,0.17666140668721514,1,PayPal,Regular,1
CUST002701,89,103.9325259420881,9521.078685374867,9,7,1,41.22672512060534,2,3,0.4317794933701526,0.4781876474767731,1,Credit Card,Premium,0
CUST002702,3,92.38447284130643,316.86228701887325,14,6,0,49.6529520775778,8,0,0.37335969967579585,0.19549854320023022,1,PayPal,Occasional,0
CUST002703,0,117.6152580222217,0.0,9,65,0,73.03145253043212,4,5,0.2419595581087607,0.2975432705781119,1,PayPal,Regular,0
CUST002704,35,195.34771995795896,6037.857860908205,10,103,0,59.030996702531624,3,2,0.22281937578760436,0.376141253678354,0,Debit Card,Premium,0
CUST002705,39,86.24237169523256,3881.967484354164,8,35,1,56.964538150316216,3,1,0.6106021520617839,0.3171218232202692,1,PayPal,Occasional,0
CUST002706,3,22.598360001970477,66.6266292331274,8,3,0,40.335835188291455,5,5,0.43446937785625733,0.23875585080629705,1,PayPal,Occasional,0
CUST002707,7,13.376137781267113,80.13194486174656,13,19,0,28.779669433125775,0,3,0.3509835109676709,0.33296284369142365,0,Debit Card,Regular,1
CUST002708,0,65.39264640696383,0.0,15,50,2,98.49635241609892,2,2,0.0747032850169629,0.15447582819621988,1,Credit Card,Regular,0
CUST002709,8,66.7628576253656,571.1347302494014,8,25,0,27.151752588262358,4,2,0.2795323782934009,0.2159750644178319,0,Credit Card,Occasional,0
CUST002710,35,26.651503347706196,1072.9624328024777,8,4,2,109.22371108111892,3,7,0.5033822133621702,0.43339235489399774,1,PayPal,Regular,0
CUST002711,17,7.255078373331523,141.467580664632,14,5,4,121.3665479054525,2,2,0.19660428696996102,0.5416935024152375,0,PayPal,Premium,0
CUST002712,10,61.592571822766494,693.9793055576424,11,59,0,85.50745395560305,0,0,0.24008790190773055,0.18379582028533423,1,Credit Card,Regular,0
CUST002713,11,253.39341113161856,2569.211281362971,6,22,0,42.18717989286196,2,2,0.05074473965155076,0.23997340922702723,1,Credit Card,Regular,0
CUST002714,0,114.20321569548737,0.0,11,36,1,16.7275527571273,2,1,0.056440554647412496,0.5788740867717058,1,Debit Card,Regular,0
CUST002715,8,107.16846053734035,952.4955725367187,13,14,2,76.98123798764648,3,4,0.3264256514898149,0.3853095091023842,0,Credit Card,Regular,0
CUST002716,24,75.3169930826621,2095.496340071149,6,22,0,22.476611715070923,4,3,0.0832684550666931,0.1671026775001221,1,Credit Card,Occasional,0
CUST002717,87,65.30509229896373,6317.59615005157,5,113,0,34.812354942287506,4,4,0.12449091742168142,0.13587782333865028,1,Credit Card,Regular,0
CUST002718,45,122.51226516802076,5824.758876270834,9,12,4,3.3341297361216387,3,5,0.05519916096121613,0.5657441087574109,0,PayPal,Regular,0
CUST002719,0,29.824944381057676,0.0,13,33,1,39.71931663728599,2,1,0.17996900916416475,0.1638872092214145,1,Credit Card,Regular,0
CUST002720,54,297.4042541304098,15367.96618058769,12,5,1,29.05991599317709,5,1,0.2534483694090038,0.4398590944390076,0,PayPal,Regular,0
CUST002721,36,32.01355950997383,1107.5722429935115,8,3,3,32.78019981004236,4,4,0.32057098132858375,0.19201132704606608,0,Credit Card,Occasional,0
CUST002722,36,130.39325836683585,4005.1764425356987,12,45,1,58.53122990557573,2,2,0.33899852503868333,0.34820371169983877,0,Credit Card,Regular,0
CUST002723,14,34.853055004068416,497.2696378282927,11,55,0,169.83927237305187,1,4,0.6978185142321404,0.13653246953221945,1,Credit Card,Regular,0
CUST002724,12,94.11265050014921,1190.6080622370862,9,33,1,72.89405960845683,2,3,0.23108388791033585,0.38448860932983203,0,Credit Card,Occasional,0
CUST002725,8,140.26905283057738,1075.8882143413846,8,5,3,99.07754252480385,3,1,0.43047305243084777,0.12015012627480999,1,Credit Card,Occasional,0
CUST002726,1,18.268220944740772,18.508590586552835,11,8,0,37.822457008517645,3,2,0.10863483203172483,0.7459055281734546,0,Debit Card,Regular,0
CUST002727,6,38.4724522769467,196.22078181785218,13,72,0,148.95803513692644,3,3,0.3721592509022031,0.21521217194587713,1,Credit Card,Occasional,0
CUST002728,6,40.80515109996707,226.02771119670786,12,10,2,139.83513828636939,7,0,0.4428265819341838,0.2957326988309312,1,PayPal,Occasional,0
CUST002729,15,69.75018229059799,1164.7442716489543,7,51,0,42.3929127280961,2,3,0.48047757705047267,0.41847277213237005,1,PayPal,Regular,0
CUST002730,33,102.89661360940836,4033.9540496517943,11,10,1,145.41737874320643,1,2,0.38830301306727805,0.428781468666402,0,Debit Card,Premium,0
CUST002731,15,256.79482355032377,3622.933184517907,5,84,0,32.18084501063606,3,2,0.26705424778560605,0.34719877938466825,1,PayPal,Occasional,0
CUST002732,1,54.668893275969744,56.42951668868599,8,73,2,47.95299419788614,1,1,0.18810289040361117,0.32830977087005775,1,Debit Card,Occasional,1
CUST002733,75,246.05853701918164,16731.125807837117,10,1,3,50.85207397036108,3,1,0.5674862563823823,0.4211975040152137,1,Credit Card,Occasional,0
CUST002734,68,111.34445292542866,5817.402015340927,11,44,0,40.85310250912879,1,1,0.10670187220655203,0.34249524785267804,0,Credit Card,Regular,0
CUST002735,36,30.99325884744648,1143.4504889867596,5,5,0,14.31770500382668,2,0,0.11045060500549556,0.3100210595542081,0,Credit Card,Regular,0
CUST002736,113,75.58920981705637,8112.491089544121,7,7,0,15.460027638337943,2,1,0.09487386455055616,0.2638665695636515,1,Debit Card,Regular,0
CUST002737,18,23.00162267147539,414.88355282897504,10,18,4,45.281860385770685,4,0,0.12697815585771124,0.21951798220800747,1,Debit Card,Occasional,0
CUST002738,78,65.42261185919683,5463.810223310014,7,25,1,103.49546739060722,2,1,0.22643946537450108,0.47093595979422204,0,Debit Card,Premium,0
CUST002739,1,61.852325527862526,58.21860716881079,12,11,1,51.783865027480445,2,2,0.5267842806943841,0.3580067185602313,1,Debit Card,Regular,0
CUST002740,10,95.27194765256534,895.1449772384261,9,25,0,34.222698142213964,4,2,0.35033709544784947,0.31345172464368853,1,Credit Card,Occasional,0
CUST002741,6,130.70102411959385,809.5885168596357,10,5,0,87.6025818933757,4,2,0.13591699404079124,0.3321278323837769,1,Debit Card,Premium,0
CUST002742,5,80.22499250529431,442.30546117952946,7,0,0,76.11074031199487,4,0,0.30816528511931873,0.283746891074346,0,Debit Card,Occasional,0
CUST002743,3,34.42491451147823,104.43490197554907,5,25,1,64.77247401002874,4,2,0.28421258776330677,0.23378614835197606,1,Credit Card,Regular,0
CUST002744,23,212.1301959002175,4975.799763941,11,21,1,33.25334571240007,4,1,0.2048660203133218,0.22041387257850498,0,PayPal,Occasional,1
CUST002745,36,267.7224159352248,9470.816933434726,8,35,0,55.704074894893026,1,1,0.2585160778595742,0.2607234015154019,1,PayPal,Occasional,0
CUST002746,20,74.29877128735298,1599.6920089420812,8,31,2,6.316197272180614,3,1,0.22369864922235286,0.4128209950859391,1,Credit Card,Premium,0
CUST002747,3,107.82930133729478,330.81544485571436,10,68,1,106.08739059199488,3,0,0.4824789336315229,0.14144906321550013,1,Debit Card,Occasional,0
CUST002748,39,71.13301751606615,2857.488292392727,14,18,2,77.28783122302602,0,1,0.4673665071102634,0.40755209844675094,1,Debit Card,Regular,0
CUST002749,24,95.84227446612542,2007.1052324272423,10,0,1,38.19667703702646,3,5,0.3316993245923439,0.3947589820531298,0,PayPal,Regular,0
CUST002750,11,99.63358578313192,1218.857536447725,10,29,0,58.37714654647073,4,5,0.0158205000320074,0.0953192708865893,1,Debit Card,Occasional,0
CUST002751,26,27.06598462145934,767.1738429005576,11,33,0,45.55638006372305,3,0,0.4194977575724483,0.5825616077917719,0,Credit Card,Regular,0
CUST002752,7,66.41019320825193,517.6759191092775,11,22,0,57.49423380186563,4,0,0.24019182423853774,0.1699180972240028,0,Debit Card,Regular,0
CUST002753,10,171.22685015221765,1627.800367563028,11,35,3,170.99678917235718,4,4,0.07382709749936783,0.2990846511936953,1,PayPal,Regular,0
CUST002754,59,161.22852701394973,9686.93119643921,9,11,1,107.81998430673035,4,2,0.34976038274437693,0.1319419000254262,1,PayPal,Regular,0
CUST002755,8,65.43641818578872,405.99354675957454,14,4,2,91.25175514449447,1,2,0.19391735434992494,0.27562472560907364,0,Credit Card,Occasional,0
CUST002756,15,101.03186946060303,1484.195464083882,7,32,4,91.57082991039529,5,7,0.2790248606766828,0.558761159906513,0,PayPal,Regular,0
CUST002757,53,69.43838170425249,3535.529222550437,12,8,2,113.02890102847189,2,1,0.2890305992735492,0.28775093172490573,1,Credit Card,Occasional,0
CUST002758,29,134.23427881538964,4409.180894519531,8,18,1,114.94424218123339,7,0,0.10191493371946699,0.19857614725282155,1,PayPal,Occasional,0
CUST002759,1,18.096304834528816,18.110053870952846,8,20,4,82.63772738949481,1,2,0.5342429160933264,0.32813943950099855,1,Credit Card,Regular,0
CUST002760,3,122.74844332342063,344.82928165987096,11,19,0,150.68366283533044,2,1,0.3125376888618854,0.431795461118561,1,Credit Card,Premium,0
CUST002761,0,221.62478297333897,0.0,4,27,1,54.30642707826941,2,1,0.4051304317186525,0.14433408226822225,0,PayPal,Regular,0
CUST002762,23,47.62150020010944,1097.6596181365753,12,0,1,26.213982648490337,1,2,0.10583590965408278,0.609991702738239,1,PayPal,Occasional,0
CUST002763,14,201.8831978802819,2241.3215896302218,7,137,1,69.32026982359483,3,4,0.09171055183747481,0.7092384231656162,1,PayPal,Regular,0
CUST002764,3,104.76536968389098,283.45930318504503,8,37,0,49.581745432855655,5,2,0.18688814847189633,0.30190976324139285,1,Credit Card,Occasional,0
CUST002765,76,80.06963328670554,7384.355693217882,8,16,0,28.168843945060974,1,5,0.2932770460814613,0.30757588090690996,1,Debit Card,Premium,0
CUST002766,18,65.0324075158732,1133.8165828984452,7,6,0,58.91711630591402,4,2,0.45245818583256014,0.03430431168405889,1,Credit Card,Occasional,0
CUST002767,6,206.6294806232698,1158.310454634777,9,2,0,20.094453140049716,4,3,0.16445479696487533,0.24647458317322304,1,Credit Card,Regular,0
CUST002768,16,69.61692987881491,1220.9815316555766,7,33,1,42.87725932549452,3,5,0.29985326808134616,0.0631445450478313,1,Credit Card,Occasional,0
CUST002769,27,243.85296832129373,6208.918406591936,12,11,0,93.2346236799441,3,2,0.12365583296628274,0.22408512443200726,1,Debit Card,Occasional,0
CUST002770,1,225.5588884239751,223.39904384829663,11,7,1,54.370357165420636,1,2,0.1260937476676026,0.35151853646800496,1,Debit Card,Occasional,0
CUST002771,7,57.78543017822281,426.0910244964497,8,14,0,77.98102680821529,2,2,0.16735636527250067,0.3816212495964191,1,PayPal,Regular,0
CUST002772,39,73.74404102743837,2753.6185999346517,10,26,1,75.88264720116854,4,0,0.43659302694463753,0.21692902134093642,1,PayPal,Occasional,0
CUST002773,14,12.533932950978564,193.8166664098834,14,33,0,51.680160454642404,1,2,0.1202841450579292,0.2810108896304985,0,Credit Card,Regular,0
CUST002774,18,82.09255176100882,1583.8703566150023,7,31,0,84.59024061109149,5,2,0.2999282420403447,0.49288159071509136,1,Debit Card,Occasional,0
CUST002775,13,90.06717527741958,1119.3169468144658,7,59,2,55.83468870160633,5,1,0.30165509152759296,0.1969652424194547,1,Credit Card,Regular,0
CUST002776,1,183.66459879438656,174.12823459079678,9,7,3,23.91806150472012,2,2,0.4233959815619515,0.43208237520409526,1,Debit Card,Regular,0
CUST002777,4,233.66900260690468,1025.6194810040822,14,30,1,50.32970573032109,1,3,0.49116018869907124,0.40332627793906556,1,Credit Card,Occasional,0
CUST002778,14,143.1470449478703,1940.1743530278454,9,3,0,147.50375192800308,5,3,0.3723430361030415,0.4824282702914136,1,Credit Card,Regular,0
CUST002779,5,173.59952200699874,756.2047197651445,17,23,2,31.445888200774004,1,4,0.3503551133270475,0.39243870541752507,0,Credit Card,Occasional,0
CUST002780,1,73.69807520003341,82.25309651220344,18,26,1,142.12498254082283,0,3,0.3524120903716384,0.14765715893512305,0,Debit Card,Regular,0
CUST002781,44,28.77948476532104,1193.0841451919293,6,7,0,7.7462563346989155,1,2,0.4560900833875121,0.19797337572510637,1,PayPal,Premium,0
CUST002782,95,104.62344482549821,9565.636097879009,4,14,1,19.564379777452263,7,0,0.10559471145341104,0.2071717275603504,1,Debit Card,Premium,0
CUST002783,37,181.5815782560139,7858.727761181178,9,52,1,29.369386584416706,2,7,0.2717266105056135,0.6293717920739049,0,Debit Card,Regular,1
CUST002784,46,3.5460374682033815,135.82840103325373,9,4,1,21.587637122809518,2,4,0.11008780413344318,0.2707466311847531,1,Credit Card,Regular,0
CUST002785,6,93.31269185671914,598.0532937028507,7,17,1,95.03840461940116,5,3,0.26844756519241053,0.21437570730747676,1,Credit Card,Regular,0
CUST002786,77,14.705334800008377,1051.9899606231095,9,80,2,17.34054937020438,2,2,0.14440367512276397,0.3424133376507111,0,Debit Card,Regular,0
CUST002787,5,44.33435365636337,226.4436963460992,6,21,1,31.64830039205369,6,3,0.3721148608992586,0.2830518630778551,1,PayPal,Occasional,0
CUST002788,72,96.11207305334807,6566.3251511147555,10,38,2,84.04178643068441,4,2,0.26774358220543737,0.22828436811145075,1,Credit Card,Regular,0
CUST002789,126,236.19641306907306,25284.161194362816,10,52,3,64.40716322055194,4,3,0.24034415777408394,0.3638503683811942,0,PayPal,Occasional,0
CUST002790,29,86.42389204456083,2592.6855854152013,12,6,4,52.25830421253313,3,4,0.044772071705878616,0.2591539977108549,1,PayPal,Regular,1
CUST002791,95,136.69764258273707,13037.605303232394,12,7,1,47.92330531954629,4,1,0.28272752365037623,0.16887124586414667,1,Credit Card,Occasional,0
CUST002792,20,103.8795468459069,2161.5412126982815,11,42,1,81.83207278531538,5,2,0.1316873607276445,0.20105233732941036,1,Credit Card,Regular,0
CUST002793,7,46.71950980567777,294.45568184858706,5,41,3,23.283375503500853,1,2,0.23030477983677225,0.46671840619570376,0,Debit Card,Premium,0
CUST002794,13,119.06583043677084,1464.1362034989475,6,1,1,29.978029580665797,3,0,0.2702020408324195,0.14007946551302827,1,Credit Card,Regular,0
CUST002795,21,28.02146739009432,625.6765734108136,16,11,0,71.79490355341646,2,3,0.5390601842221302,0.20898379909146983,0,Debit Card,Occasional,0
CUST002796,1,85.48320595226483,81.56193448150671,19,15,0,31.532476310152404,0,3,0.269860622200358,0.25096413687627656,0,Debit Card,Regular,0
CUST002797,23,204.0208499326367,4594.72255487504,10,52,1,56.97584392420169,0,2,0.7087622505570942,0.22679843107141026,0,Credit Card,Occasional,0
CUST002798,95,98.11771847672587,8237.869025015974,11,16,0,43.69467502578953,2,2,0.14230705060187088,0.05345357373090926,1,Credit Card,Premium,0
CUST002799,5,103.91250650094736,511.8153762265699,6,78,4,34.957191172200915,2,1,0.16213770269301142,0.30990101593256053,1,PayPal,Regular,0
CUST002800,37,65.34587244018957,1971.0995156501724,12,170,2,51.040834922791404,4,2,0.22228955608491102,0.29416123660792576,1,PayPal,Regular,0
CUST002801,57,19.547073899514995,1066.470155983993,14,45,0,10.045239593245723,3,1,0.49776809071586764,0.1513941051005838,1,PayPal,Regular,0
CUST002802,69,71.46587373551509,4546.803515303494,22,32,1,70.3964928436464,2,3,0.3345400628741241,0.2825378824630401,1,Debit Card,Premium,0
CUST002803,77,155.66002480063221,12224.730710621849,8,14,1,68.89428255068039,2,1,0.3916370582040898,0.22219553362657893,0,Credit Card,Occasional,0
CUST002804,17,113.67496824342757,1847.7606255062542,7,2,2,115.73321266775989,5,1,0.35016712173894,0.4984660476393943,1,Debit Card,Regular,0
CUST002805,90,29.64830061015627,2924.212455202679,8,25,1,28.482784674580554,3,1,0.5824161835184163,0.45756368633203376,1,PayPal,Occasional,0
CUST002806,33,13.831602612418434,566.923611453831,8,13,1,104.24785229448429,1,2,0.3823173710679051,0.29592656867115663,1,Debit Card,Premium,0
CUST002807,4,46.24575665010811,177.99967037932066,11,12,1,29.409509120377272,3,6,0.3482283780261054,0.22201257603990845,0,PayPal,Regular,0
CUST002808,15,72.03843828703307,1108.7751768949229,9,34,3,86.0848564510409,2,3,0.3519120277264303,0.17214820142421208,0,PayPal,Regular,0
CUST002809,30,76.1313324125813,2532.628585779425,13,18,0,21.35462960955649,3,4,0.27935998934260164,0.19025657268865895,1,Debit Card,Regular,0
CUST002810,6,76.91483294303504,460.2288514276362,12,41,2,31.518828369317873,3,1,0.32635892687853896,0.22630573960462846,0,Credit Card,Regular,0
CUST002811,24,85.78095386705422,2124.134440751116,8,15,2,33.334948046368915,2,2,0.39576582011907563,0.1356937643173592,1,Credit Card,Premium,0
CUST002812,26,116.398328152467,3026.909340326849,7,4,0,57.624275100126425,2,1,0.09927575403482425,0.11166530361118499,1,Credit Card,Regular,0
CUST002813,4,61.81354795219415,219.37933647905473,17,18,0,66.28344505375141,2,2,0.4978671146349505,0.4148021682204756,1,Debit Card,Regular,0
CUST002814,19,37.82289720212258,766.6824020578687,8,90,0,16.667245032136762,4,1,0.23962148625960616,0.37761554476942755,1,Credit Card,Occasional,1
CUST002815,35,126.10040756414018,4407.408394103733,11,48,1,61.71247964612193,2,1,0.5360067972518244,0.32725730556895244,0,PayPal,Regular,0
CUST002816,16,158.23726568062608,2184.5959364466034,6,6,0,57.20343479552028,3,3,0.14924012605708162,0.4694019585543535,0,Debit Card,Premium,0
CUST002817,0,54.04194782431516,0.0,9,14,0,65.66427536154427,1,1,0.21474652431392335,0.24339466551688338,0,Debit Card,Regular,1
CUST002818,0,298.74191837901344,0.0,5,78,1,66.4439754207138,3,1,0.5608767033761558,0.2530939172054713,0,Credit Card,Occasional,0
CUST002819,10,227.85960609792178,2329.6604799795687,5,3,0,121.16075192516877,5,0,0.09048260242443232,0.33300006603074894,0,Debit Card,Regular,0
CUST002820,62,31.735741010995515,1824.1060933399044,11,8,0,35.441492267569316,2,2,0.5360644776903184,0.26990265605868036,0,Debit Card,Regular,0
CUST002821,6,15.051105636757041,90.11787847836786,13,9,0,106.51695293190218,1,0,0.32903074802943594,0.3676733507769946,1,Debit Card,Occasional,0
CUST002822,24,74.51944344885297,1849.5438701754167,9,25,0,71.37457414668117,3,4,0.3652862809339094,0.6089203041014812,1,Debit Card,Regular,0
CUST002823,6,104.41114804459401,569.232289389367,6,15,1,43.387669680557124,3,2,0.045369278520352246,0.12216860936513613,0,Debit Card,Occasional,0
CUST002824,9,295.8808442019735,3034.8118686834337,12,2,0,37.974168421578334,5,4,0.1181015927602564,0.35428433561700706,1,PayPal,Regular,1
CUST002825,45,289.4031056005257,12598.769668207955,6,29,2,80.62873301997541,4,2,0.39137979649773147,0.3422392321109993,1,Credit Card,Occasional,0
CUST002826,31,136.92841527775187,4316.78694801372,11,3,0,29.556786395822407,2,3,0.06977392542271568,0.13773544983350708,0,Credit Card,Occasional,0
CUST002827,2,62.8533818440398,144.39440374050528,6,27,2,73.57271933054983,3,3,0.1677454785576743,0.1453792928989486,1,Debit Card,Regular,0
CUST002828,13,189.09911203772216,2152.557045889454,13,21,0,38.42006468950538,3,2,0.240970523755727,0.22376722715092612,0,Debit Card,Occasional,0
CUST002829,0,93.78002324391748,0.0,11,20,1,82.43345066308294,3,2,0.596283986067215,0.38454462585913596,1,Credit Card,Occasional,0
CUST002830,15,25.507188174632727,393.87416659144003,16,2,1,34.310172651627575,2,3,0.22493763847718595,0.443352215432876,1,Debit Card,Occasional,0
CUST002831,26,26.497119423539488,607.187187611916,13,30,0,47.96198342472677,4,1,0.15649708550210345,0.33418726195061516,1,PayPal,Premium,0
CUST002832,3,63.19802777261651,178.49918180637732,10,16,0,39.82671762554234,3,2,0.25381073130006093,0.24420195407988063,0,Credit Card,Premium,0
CUST002833,8,168.2386265163925,1177.1262018270065,10,15,2,116.4051260726454,4,2,0.4341129761008414,0.11562995669790062,0,PayPal,Occasional,0
CUST002834,12,34.34998783353422,348.6162893915385,9,27,1,140.43113368825755,5,0,0.16198148857925262,0.18504483800084506,1,Debit Card,Regular,1
CUST002835,60,63.08543857874498,3741.951393331622,14,27,0,40.48823164685444,3,5,0.47241400288354235,0.43587452308833996,1,Credit Card,Premium,0
CUST002836,119,226.5461232033613,27173.78894543913,8,0,2,65.05673776387668,3,3,0.03051727738838172,0.3922871370266241,1,PayPal,Premium,0
CUST002837,1,113.53306225732757,119.75530322857836,9,4,1,54.7059401654061,1,1,0.06606403642775792,0.2594130953700318,0,Debit Card,Premium,0
CUST002838,34,123.27754770970498,4105.218863678551,11,8,1,37.90378133734786,3,1,0.0467060172184208,0.10699636802072529,1,PayPal,Regular,0
CUST002839,11,172.41821580294112,2321.4995932529127,9,33,0,28.64641219964874,4,0,0.4055518153855007,0.2979130156133725,1,Credit Card,Premium,0
CUST002840,11,64.14632901720321,716.5278060258487,18,25,1,25.737020345313596,8,2,0.21895745282464663,0.4318379605609881,1,Credit Card,Regular,0
CUST002841,33,236.83186538342912,7681.102173000238,12,42,0,32.56253343787204,4,1,0.20714541854474067,0.5980314617451665,1,Debit Card,Regular,0
CUST002842,60,139.82475765372698,7649.7639223092565,13,40,1,41.65574652971071,3,2,0.6674969522643657,0.39269040833439506,1,Debit Card,Premium,0
CUST002843,72,78.07908563851433,4140.637725406179,10,57,2,45.46563384649828,5,0,0.22739821172530023,0.11068977357532582,1,PayPal,Premium,0
CUST002844,20,207.60546608351063,5167.392695003167,5,14,1,13.045983765350746,5,1,0.4313283842200068,0.03256188802477104,1,Debit Card,Occasional,0
CUST002845,10,135.53067983780232,1310.1521890285221,4,12,1,92.5579694539235,1,3,0.06359137546353444,0.2456469685583961,0,Credit Card,Regular,0
CUST002846,37,84.2473452703155,3243.080566809275,10,53,1,109.56047859620618,1,2,0.2569095238915759,0.24382038406586484,0,Debit Card,Regular,0
CUST002847,6,125.88767489230983,878.282372401373,12,8,0,120.94590180405405,4,3,0.41685155173475136,0.3646084081492224,1,Debit Card,Premium,0
CUST002848,19,41.04323858377667,679.2530728522142,15,18,1,19.708982568126498,5,0,0.1305113718583913,0.17857381673782252,1,Debit Card,Regular,0
CUST002849,10,189.55684909803986,1897.0492411936582,11,6,2,47.69397366598071,1,2,0.26208561239527445,0.26388772755724565,0,PayPal,Regular,0
CUST002850,25,292.5914570281487,8381.299748099958,8,73,0,96.99338416215943,6,0,0.6431722718197767,0.12112591507963057,0,Debit Card,Regular,0
CUST002851,6,18.611466608576094,108.86721471182022,10,15,0,10.626234559899764,5,0,0.11113639851182204,0.1971081866455191,0,Credit Card,Regular,0
CUST002852,5,53.52224399310822,270.58837976905846,12,7,2,23.980247309216463,2,4,0.18984540042028838,0.09034207905384675,1,Debit Card,Regular,0
CUST002853,60,49.78822399524027,2886.997950850458,8,35,0,83.9961056918741,4,0,0.20712292542540392,0.22896832310268983,0,Debit Card,Regular,0
CUST002854,2,146.03054943712266,296.0184868429878,7,8,1,43.46832801334245,2,3,0.3428317841951004,0.3266992746903829,0,PayPal,Regular,0
CUST002855,16,100.45395702551183,1459.8919940517862,6,86,1,48.292830616068265,3,2,0.4850080375976992,0.0956780783825305,0,PayPal,Occasional,1
CUST002856,5,60.54850462521798,294.18025716579626,13,13,0,33.41672367913465,3,3,0.2705184896708294,0.40370648157413747,1,Debit Card,Regular,0
CUST002857,0,68.33077886434769,0.0,17,32,1,63.81505345969836,1,1,0.3244872887338234,0.3841754270325956,1,PayPal,Regular,0
CUST002858,0,56.032407258842,0.0,10,12,0,59.07695924055116,5,5,0.12372305357033339,0.1679803510517921,1,PayPal,Regular,1
CUST002859,4,133.48761336925517,581.6999749250783,9,49,0,26.208382583042113,3,1,0.11136083333005638,0.3571025493276928,0,PayPal,Regular,0
CUST002860,48,99.23795278678197,4418.705710416915,9,68,1,103.18803793807511,2,3,0.3738134798272782,0.22973865850876984,1,PayPal,Regular,0
CUST002861,7,65.70166094628959,470.42857092896537,10,46,0,7.935006164093192,5,2,0.26073471891219147,0.364809415983235,1,PayPal,Regular,1
CUST002862,72,56.884448034885374,3888.629021952191,9,56,0,68.48050513786035,0,4,0.05426859109118802,0.4490896409475512,1,Credit Card,Regular,0
CUST002863,20,210.04788490029802,3259.8882719560793,9,3,0,59.081953549714264,1,2,0.09810026807078756,0.38412546939302344,1,Debit Card,Regular,0
CUST002864,13,186.2958552087521,2532.318543420007,13,77,0,122.69522934154554,3,4,0.12317846679423941,0.4963701303095592,1,Debit Card,Regular,0
CUST002865,20,134.58515639998552,2963.460669726962,11,29,1,40.24437841722553,3,2,0.3291001401837492,0.46275725005488094,0,Debit Card,Regular,0
CUST002866,17,173.03001670865436,3249.961225454943,17,61,1,35.84287908297304,3,1,0.2920000661534094,0.284572546932518,1,Debit Card,Regular,1
CUST002867,34,25.767293642900785,947.9564267346682,11,34,2,96.33645221510679,4,2,0.6526622214500925,0.07273099520928614,1,Debit Card,Regular,0
CUST002868,7,34.05363287601906,237.0220544410687,9,6,0,32.90472073506851,2,2,0.11172412370610567,0.5400368370634737,0,PayPal,Premium,0
CUST002869,10,30.629788409979724,370.78597189121814,15,28,0,23.56733133396763,4,1,0.27129453796017683,0.5922770687922012,1,PayPal,Regular,0
CUST002870,53,86.24352384737387,4603.1538683630315,6,2,0,88.87124761304698,6,0,0.3430677505613975,0.184649506363084,1,Debit Card,Occasional,0
CUST002871,70,176.94628582124042,12974.145669386015,12,35,1,86.2518133353633,4,4,0.37692811151357936,0.5997755173367073,1,Credit Card,Regular,0
CUST002872,53,61.26211231628746,3700.3118294285778,10,15,0,75.43202175888469,2,2,0.4365527152538739,0.2241139421648392,1,PayPal,Premium,0
CUST002873,13,193.72489606060765,2455.5836342570396,9,4,1,30.431725147503982,1,2,0.11907875650816321,0.382378108583317,0,PayPal,Occasional,0
CUST002874,36,53.424229125123965,1887.4538679630411,10,116,4,101.41491252239989,1,6,0.29631962757141717,0.2767435065756463,1,Credit Card,Occasional,0
CUST002875,15,77.34119887385398,1121.9201225390448,7,69,0,57.64168938908903,3,4,0.343505380412485,0.19104795746398118,1,Debit Card,Regular,0
CUST002876,16,60.68824211428585,928.9048269883372,4,67,0,57.39669695739,4,3,0.10187104718428597,0.43204936982328873,1,PayPal,Regular,1
CUST002877,5,72.76493038172325,395.6019226665818,11,46,0,143.5818380989894,4,1,0.07581579283800012,0.1558061877424128,1,Debit Card,Premium,0
CUST002878,21,79.13822962562584,1582.598071134571,9,35,0,22.162581817111338,2,5,0.3467771412189974,0.3738925446687523,1,PayPal,Regular,1
CUST002879,4,14.531394429112401,52.91612374329982,8,31,1,83.44652645272473,3,4,0.13952996679595467,0.3604783486020581,1,Credit Card,Premium,0
CUST002880,9,111.26065950791013,966.7065866512245,8,3,0,128.6275523325134,3,2,0.5812789343256596,0.11443447879453812,1,PayPal,Regular,0
CUST002881,46,77.7068875187975,3706.2750839637897,13,69,1,23.972251662594218,2,3,0.25335579674015873,0.3391050680259589,0,Credit Card,Premium,0
CUST002882,5,236.48427233447728,1027.5708317156596,11,63,0,65.814029183492,2,2,0.1612921329995609,0.2734712434234838,0,Credit Card,Occasional,0
CUST002883,1,129.9349757793647,114.92953213453728,8,41,0,32.863203159891505,3,4,0.39629406776268616,0.11425456877762144,1,Debit Card,Regular,0
CUST002884,1,107.76259460031807,90.85115063309814,10,78,2,73.46033658337845,8,0,0.10221334499179387,0.3368384353548821,1,Credit Card,Occasional,0
CUST002885,67,227.17743456966383,14745.560579045108,14,24,0,68.95432704650554,7,0,0.29256157769360824,0.4468728472175017,1,Debit Card,Regular,0
CUST002886,16,211.99855272227893,2642.829267848709,10,17,1,81.7848193425456,3,1,0.33675823279568834,0.2957614977210547,0,Debit Card,Premium,0
CUST002887,12,243.52676966602309,3543.2140506914293,5,103,2,32.72520029327896,3,1,0.03953115973899371,0.3703229788686752,0,PayPal,Regular,0
CUST002888,39,56.226121257362735,2539.3596368546846,12,18,1,64.68071104370374,4,2,0.26989746802635367,0.19455222890052523,0,PayPal,Regular,0
CUST002889,43,29.8997835810563,1156.3412644234334,12,30,1,84.32590598484592,3,1,0.03830709758300792,0.1527172376400743,0,Debit Card,Premium,0
CUST002890,9,14.621248342660742,134.26910721866946,9,14,0,37.26776116515572,3,1,0.47506969753932965,0.33207716056357367,0,Debit Card,Premium,0
CUST002891,28,171.4118905407426,4790.861124460005,9,30,2,68.41893823265723,2,2,0.1669528770264703,0.32459760573629637,0,Debit Card,Occasional,0
CUST002892,35,12.000512250268327,431.4980084655648,11,38,1,43.95096452081687,2,3,0.11650638324068753,0.22628929893341904,1,Debit Card,Premium,0
CUST002893,25,100.33537699986972,3120.2803814520094,5,29,0,98.8500687419058,5,1,0.20764184994382162,0.3561554946482536,1,Credit Card,Regular,0
CUST002894,3,20.37387240517578,61.664543513994964,10,21,0,20.27527938941946,3,4,0.2618092944577467,0.6265451679628938,1,Credit Card,Regular,0
CUST002895,50,188.73505360098335,9532.186590724883,6,10,1,64.23853813993517,0,1,0.21862182912889597,0.2058937507877476,1,Debit Card,Premium,0
CUST002896,18,122.68130854273952,1805.0364296093242,12,30,0,117.26983403646415,3,0,0.31367962495429624,0.19586184216609553,1,PayPal,Regular,0
CUST002897,7,187.99645098038548,1291.116340130557,12,71,1,45.07985376340584,3,3,0.30369012086719305,0.17992683476074117,1,PayPal,Regular,1
CUST002898,13,101.93503709082816,1412.797414756618,8,0,2,17.560060907190646,1,4,0.06020635054953552,0.07516669315761772,1,Debit Card,Premium,0
CUST002899,0,37.6867836327327,0.0,13,4,4,62.88891231379628,4,1,0.3609548902503604,0.30404095984731694,0,PayPal,Regular,0
CUST002900,3,59.392952743940995,179.93230696660885,11,3,1,115.15143087352521,3,1,0.141627235225221,0.2805201765629451,1,Credit Card,Occasional,0
CUST002901,34,159.8242289215778,4969.960801570265,7,76,0,52.24956288904376,5,1,0.16094831701501688,0.3355754409380364,1,PayPal,Occasional,0
CUST002902,0,18.455044366224868,0.0,11,32,1,54.579343506833894,3,3,0.40634884175127634,0.2497683056171923,1,PayPal,Occasional,1
CUST002903,12,55.460848710576926,780.1590792673123,13,90,0,18.155267202129423,4,1,0.210237226380156,0.40490344513501814,1,Debit Card,Premium,0
CUST002904,17,49.05702574432863,708.0243571775687,13,26,0,96.6225855566622,4,2,0.47148429776693107,0.337036968236733,0,Debit Card,Occasional,0
CUST002905,1,79.97418017016345,79.55738951026059,12,18,0,47.1712196017452,3,2,0.6334749739130544,0.22731834984975618,1,Debit Card,Occasional,0
CUST002906,86,133.03275840719488,11834.843086070538,17,47,0,96.27095080662387,1,1,0.3012842561124646,0.40870552702278845,0,Credit Card,Regular,0
CUST002907,6,184.73614103826327,1127.0835527617976,12,5,2,85.79094939473421,5,0,0.18660343968493034,0.2539218940414019,0,Debit Card,Regular,0
CUST002908,8,24.080437278459627,169.72865000077925,6,14,1,31.70757878948168,2,2,0.30028270426669396,0.3929776010329923,1,Credit Card,Regular,0
CUST002909,8,40.0862510623667,359.71660986234525,13,18,0,68.96306967717729,1,1,0.39951817471094025,0.20731365093028253,0,PayPal,Occasional,0
CUST002910,6,27.00763444939824,137.28188407183188,12,10,2,86.6186565331243,1,2,0.4313397768849576,0.18155165144577506,0,Credit Card,Occasional,1
CUST002911,0,82.46473807130154,0.0,11,13,0,108.28046594386464,1,3,0.24952198410959847,0.15280217824701947,1,PayPal,Regular,0
CUST002912,31,30.363813483789126,810.271774430303,14,2,0,42.48044620487134,8,2,0.5212723299540055,0.7063059818438566,1,Debit Card,Occasional,0
CUST002913,81,110.61675426761894,10517.230826534014,11,6,1,55.6283106976511,4,0,0.545987294426855,0.33237437140556614,1,PayPal,Occasional,0
CUST002914,6,202.01688888653356,1222.1588207012724,14,12,2,11.721004896078803,2,3,0.19574712668219757,0.4281119146037424,1,Credit Card,Regular,1
CUST002915,26,15.219870014427036,482.44791927806205,11,47,3,123.00085208622474,5,2,0.162540074065395,0.5429711449956198,0,PayPal,Occasional,0
CUST002916,32,41.36140379753543,1567.8486868490595,10,6,0,78.69654185764519,4,4,0.2772772632522515,0.6072653607482903,0,Debit Card,Regular,0
CUST002917,45,245.24715326235986,13030.96530755425,13,12,1,70.84633314048382,4,4,0.3855643030546504,0.3060509238496678,0,Debit Card,Occasional,0
CUST002918,13,98.28929571914678,1464.779450905271,12,2,1,11.181255897906215,2,4,0.09325841627048191,0.37851076695317,1,Credit Card,Regular,1
CUST002919,8,56.25941318632982,453.8188002151701,8,24,0,74.18723730083762,2,4,0.2743918047926555,0.2276621861573958,1,Credit Card,Occasional,0
CUST002920,9,420.1964062995927,3717.3194471853785,6,28,0,62.64228096578259,0,0,0.2960032109337277,0.2269536194206129,0,Debit Card,Premium,0
CUST002921,29,68.12753421696283,2116.2550140942185,13,60,1,51.62850143330534,0,2,0.13987750079938696,0.4066006089708699,1,PayPal,Premium,0
CUST002922,40,129.32855954648502,5901.622641625041,9,51,0,66.6091310288172,4,1,0.6129351425619733,0.1538750746226028,1,PayPal,Premium,0
CUST002923,4,43.003423738358066,175.05587022541974,13,10,0,57.163428231178074,9,3,0.6237772507875713,0.3679450323109002,1,PayPal,Occasional,1
CUST002924,11,36.44716055378986,457.0113833088178,13,4,0,75.96442446989302,4,2,0.14184025045739085,0.15160158905343768,0,Debit Card,Regular,0
CUST002925,55,134.80341157395947,8930.591556537875,13,5,1,64.91084637876439,6,1,0.2432965421010241,0.41528618036335824,1,PayPal,Regular,0
CUST002926,39,260.12528087237155,10298.233043765924,10,104,0,49.22997821996674,2,4,0.1267921213281638,0.42335766794837104,1,Credit Card,Premium,1
CUST002927,100,58.34124556175229,6416.185773769284,16,33,2,73.40752521219729,2,2,0.3483720784020927,0.4355634573357938,1,Debit Card,Regular,0
CUST002928,33,33.979993164706066,998.192897647888,16,1,1,35.819664039207765,2,1,0.21064645460666154,0.38353215120023326,1,Debit Card,Premium,0
CUST002929,11,169.39886477904403,1832.8461558488311,12,4,2,65.13666040825478,3,0,0.486728753948374,0.3598169377407752,0,Debit Card,Regular,0
CUST002930,21,58.820562773247254,1112.969173352789,11,19,1,68.85195631383915,5,1,0.2782513698985196,0.25928767057741675,0,Credit Card,Occasional,0
CUST002931,25,111.72617040349463,2463.713944721132,7,6,0,69.42826504833764,3,3,0.24759832166349224,0.30152724951439075,1,PayPal,Occasional,0
CUST002932,1,56.89043528773172,63.85418881547324,12,48,1,68.37026601097831,2,1,0.1323277635332924,0.10109236939564005,0,Credit Card,Premium,0
CUST002933,18,65.04323526446004,994.7072051369793,11,25,2,90.23349640963019,3,1,0.10867686500944963,0.44978673177317524,0,PayPal,Occasional,0
CUST002934,29,39.890943703522126,928.8046121708539,6,28,0,74.32376628808365,0,1,0.4851150003149666,0.21012832886186109,0,Credit Card,Regular,0
CUST002935,4,137.35961140539473,636.1806768296018,8,18,0,86.90162163653741,2,3,0.29967989432064907,0.32272479905523105,1,Credit Card,Regular,0
CUST002936,36,114.1542410071485,3931.876903569628,10,8,0,40.49395933677733,3,1,0.41657899015804223,0.5507125200322427,0,PayPal,Regular,0
CUST002937,21,111.27088861278536,2514.944497095991,3,26,0,46.76063886053541,5,1,0.056935601554347466,0.3477733954076351,1,PayPal,Regular,1
CUST002938,72,47.02966664409789,3293.21143382339,7,37,0,112.02132135291674,1,2,0.42694676030146733,0.22457653721650153,0,PayPal,Regular,0
CUST002939,1,106.9961588994403,107.88875523272715,6,13,0,26.627938090325877,1,2,0.1829692491621468,0.415069995244395,1,PayPal,Regular,0
CUST002940,7,283.66315681944513,1774.4656255066332,7,21,0,84.0531475617339,5,1,0.055925476800807276,0.2202101371043264,1,Credit Card,Regular,0
CUST002941,22,34.19886741808888,795.2455798801891,9,54,0,104.18616279149188,2,1,0.040427429405944834,0.06566361056743761,1,Debit Card,Occasional,0
CUST002942,8,43.28077898435416,329.5650781836262,5,4,2,52.51119480983179,1,4,0.357470729580881,0.1749941913927959,0,Debit Card,Premium,0
CUST002943,30,45.39063098231324,1343.1753616487542,13,23,0,29.33911019817499,1,1,0.29966925547062356,0.34424331032705857,1,Credit Card,Regular,0
CUST002944,34,92.00949303649209,3429.6222371996264,6,12,1,56.39616292216276,1,2,0.1855488853705725,0.3462998858896996,0,Debit Card,Regular,0
CUST002945,2,31.825576906100416,60.476929109381295,10,36,1,17.00542334944089,4,2,0.11513216093805,0.30756783989254594,0,PayPal,Premium,0
CUST002946,17,122.80293305943502,2057.5033441077476,11,0,0,43.39783261702418,3,1,0.18310892903116682,0.5614652016400012,0,PayPal,Regular,0
CUST002947,17,13.371209831955678,252.96171476750737,12,33,3,48.65333084827097,6,7,0.2677196302006518,0.08906720137101076,1,Credit Card,Regular,1
CUST002948,11,149.22682288034906,1666.6919276778303,8,3,2,71.30032678363611,7,3,0.05937091408768486,0.047467923424070704,1,Debit Card,Regular,0
CUST002949,64,109.79139863703881,6812.812720665542,9,2,3,39.84340629832907,3,2,0.22312094877602542,0.48631239909195517,1,Credit Card,Occasional,0
CUST002950,42,279.3692965853565,12805.290427543983,11,38,1,47.32754226706782,3,3,0.5264391049733422,0.3515848292048658,0,PayPal,Occasional,0
CUST002951,28,35.71124030804542,817.3823847207079,11,30,2,106.60024442672402,2,2,0.21508663374530457,0.47484064296222084,0,PayPal,Regular,0
CUST002952,30,174.09618727149146,5625.248245691601,9,67,1,31.75676449194767,2,1,0.34392000740869333,0.1495196991468633,0,Credit Card,Regular,1
CUST002953,14,77.89101407728383,1113.7571025641228,14,21,1,108.3220417750064,2,3,0.3726751024988163,0.6026014820951248,0,Debit Card,Regular,1
CUST002954,60,66.26887368948363,4219.178472047816,15,22,2,66.87118806056004,3,5,0.41795637396594065,0.3745501752629852,0,Credit Card,Occasional,0
CUST002955,28,34.11307968288534,854.708473165548,10,36,2,89.7347737884791,4,2,0.6078806858269571,0.08728753226607919,1,Credit Card,Occasional,0
CUST002956,31,57.585302963598984,1777.084611138798,15,11,1,29.012354480509643,4,0,0.046334675511743785,0.16459719314280097,1,Credit Card,Premium,0
CUST002957,47,59.771707065235134,2596.7281994817527,7,1,1,52.72414766610293,2,2,0.2079418573617256,0.21630884514959792,0,Debit Card,Regular,0
CUST002958,7,20.518277651605622,136.01408965851329,11,7,1,52.784669987567476,0,0,0.3507322974486298,0.31711380882146745,1,PayPal,Occasional,0
CUST002959,39,108.9458298239083,4145.451585461077,7,8,1,50.28481466966121,3,2,0.5016706133790861,0.6295689945715922,1,Debit Card,Regular,0
CUST002960,5,98.73660346976365,549.9803713832672,11,12,0,59.86088279287309,4,0,0.36538679830548587,0.28172272758775707,1,PayPal,Regular,0
CUST002961,10,128.95609988475408,1188.4755786855828,17,86,1,38.68290177822267,4,0,0.4535881026626158,0.18610252206236438,1,Credit Card,Regular,1
CUST002962,9,51.47898835786226,532.2713188825577,14,49,0,37.59944783898267,1,1,0.06988249350384271,0.21598425010924735,0,PayPal,Occasional,0
CUST002963,92,153.2160549710266,13830.553814009258,9,82,1,39.97808166825257,5,3,0.23572894984979695,0.43702188315747403,1,Credit Card,Occasional,1
CUST002964,46,209.28530302580643,9935.219086203628,8,197,1,90.94579520836525,6,2,0.411374029416771,0.277831389347984,0,PayPal,Regular,0
CUST002965,28,70.37010134453375,2102.8664317785815,10,17,0,24.635311014322255,3,5,0.15863067132923267,0.14643470269223435,1,Credit Card,Occasional,0
CUST002966,31,36.39233604499392,1054.8815131564618,13,7,2,38.93161543778825,1,1,0.20460810920521152,0.2206305856075775,0,Debit Card,Occasional,0
CUST002967,19,88.44244348560689,1821.18710929509,7,24,0,81.03104767694226,6,1,0.08966774998921255,0.4042385764151416,1,Debit Card,Regular,0
CUST002968,70,85.35459415583406,5558.143704751409,10,63,0,115.16363236228516,3,3,0.5062107731489844,0.17029668558352973,0,Credit Card,Regular,1
CUST002969,16,73.32137214580979,1214.2890723346384,10,18,0,113.69833813780724,1,2,0.11623165336450632,0.23716080545550347,1,Credit Card,Occasional,1
CUST002970,11,129.17010290509742,1226.3795911506336,9,21,0,86.63386287225173,3,2,0.613535072867108,0.3052681663203868,0,PayPal,Premium,0
CUST002971,4,63.694691769722,239.87016370220672,9,4,2,103.20413733176875,3,1,0.07863205652021449,0.19878911761128185,1,PayPal,Occasional,0
CUST002972,37,33.76091494988392,1213.9836810465606,5,16,0,46.272945654612315,3,2,0.24930208420632163,0.24273024597589468,1,Debit Card,Regular,0
CUST002973,31,94.67108960624127,2985.9246668248143,8,14,2,39.70736145595537,2,2,0.23067342379817612,0.20353037382558176,0,Debit Card,Premium,0
CUST002974,11,133.6388820452402,1285.5329715296132,9,13,1,9.117590475625834,5,2,0.1503414243114293,0.2883109612069665,1,PayPal,Occasional,0
CUST002975,0,141.5002149417459,0.0,16,65,0,40.685506491430274,5,1,0.10157580448642438,0.466470189562658,1,Debit Card,Occasional,0
CUST002976,43,60.34576655330819,2398.9842667251446,11,1,0,43.83302641932318,4,1,0.3530244035864713,0.49980217209936345,0,PayPal,Premium,0
CUST002977,0,104.91639357285555,0.0,10,107,1,13.454551518799482,2,2,0.21480733461963003,0.4907337164360186,1,Credit Card,Regular,0
CUST002978,29,211.95756675195972,5811.62952135376,7,0,2,28.733145129579043,2,3,0.42052449679977383,0.056742048164040916,0,Debit Card,Premium,0
CUST002979,84,177.57768278386547,14505.760415898847,14,87,0,140.83839746306262,3,1,0.10045338355356381,0.22466823089840546,1,Credit Card,Premium,0
CUST002980,13,19.148092484262104,235.9325119345209,8,23,2,51.75226426370928,4,1,0.3584922877562561,0.23383671787284166,1,Credit Card,Occasional,0
CUST002981,6,64.17014397843033,370.4468517351905,14,36,1,29.233892496782413,3,3,0.2255779172038826,0.34161091530968196,0,Debit Card,Regular,0
CUST002982,29,202.69046968820317,7423.483623382949,4,6,0,47.922955008626204,2,1,0.266810642375422,0.2679679147257882,1,Debit Card,Regular,0
CUST002983,40,19.026535681029628,659.2643470766191,9,31,1,62.11671935138824,3,0,0.10526903495358655,0.3670729069185125,1,PayPal,Premium,0
CUST002984,18,80.15298049236257,1534.0510414555781,8,64,0,53.12929048177306,3,1,0.24590733119130978,0.3663798271519538,1,Credit Card,Regular,0
CUST002985,81,50.759984374542036,3071.0676529727316,5,4,0,34.79052568879315,3,0,0.06956960913833163,0.1832743586460056,1,PayPal,Regular,0
CUST002986,1,106.58028635033577,120.37960531874997,10,4,0,82.37496255605348,2,0,0.17516448333725784,0.345652782488605,0,Credit Card,Occasional,0
CUST002987,16,8.479343397071728,124.8173789191609,9,10,1,170.55447397511216,2,1,0.054916482648274374,0.2834888035038988,1,Debit Card,Occasional,0
CUST002988,30,189.6968961779307,6203.207270810742,7,5,0,97.90032708666084,2,1,0.23931062584561855,0.29231485633772447,1,Credit Card,Premium,0
CUST002989,47,83.18894700615131,4018.4981899633035,8,3,1,47.51446898788396,2,1,0.3086482505084878,0.384841063956964,1,Debit Card,Occasional,0
CUST002990,4,31.67638639658546,114.5482549651448,10,34,1,50.2422396072123,3,3,0.14603668762819916,0.31239794989676917,0,Debit Card,Premium,0
CUST002991,38,44.826720537341515,1804.0974987624634,9,7,1,73.72887599753287,6,0,0.3216366080628463,0.25580590577200907,1,PayPal,Occasional,0
CUST002992,19,109.30834470467825,1923.4658473974016,7,32,0,59.787211243006425,3,4,0.3264820222459926,0.37756637803754195,0,Credit Card,Regular,0
CUST002993,12,41.80005433966482,535.4033580088962,10,59,1,95.55959197377298,3,1,0.39059789554402197,0.34754309592174,0,Debit Card,Occasional,0
CUST002994,3,254.54751331317337,892.1917010277258,10,31,0,104.96506887958732,5,1,0.401359252382731,0.6510585107575897,1,Credit Card,Occasional,0
CUST002995,48,75.84556430829291,3116.6831209951965,11,3,0,18.013202761389238,5,3,0.5300534759438678,0.3802540528937672,1,Debit Card,Occasional,0
CUST002996,4,224.2779927044206,809.3227923786628,10,25,2,70.76261062564325,3,0,0.10287415459563776,0.2737014736633532,1,PayPal,Regular,1
CUST002997,8,94.79370932752775,771.536747090491,15,15,1,9.10466486231305,5,0,0.3633151367315508,0.1892195977456745,0,Debit Card,Regular,0
CUST002998,8,137.34094192716753,1008.0926956916367,10,12,0,126.673341610771,6,3,0.4049819902268586,0.16743605345400486,1,Credit Card,Regular,0
CUST002999,49,131.57704380682006,6634.351472736837,11,11,1,44.62411980181968,1,0,0.4084616224573062,0.25360667323096886,0,Debit Card,Regular,0
CUST003000,26,56.27267588163682,1431.793089028509,10,79,0,18.6715197092203,1,4,0.2070787213388903,0.30829312228126354,1,Debit Card,Regular,0
CUST003001,38,138.55255743636567,5640.354061788494,11,40,2,63.262025927937685,2,2,0.31467062618862696,0.1146625795004524,1,PayPal,Regular,0
CUST003002,6,60.4340774246617,336.0488812162371,6,4,2,112.27978557390365,3,3,0.2217346620045564,0.37722561639505775,0,Debit Card,Premium,0
CUST003003,23,17.131439551242327,435.9859088808591,8,19,1,110.61226005403384,2,4,0.5440298345506385,0.11532677422359855,1,PayPal,Premium,0
CUST003004,20,70.65468813333852,1341.531556717874,6,11,0,70.19695159003909,6,0,0.0847103138764514,0.15450598231301335,1,Credit Card,Regular,0
CUST003005,42,27.457790547391113,1245.677139265867,10,114,0,39.54268283683595,5,2,0.648073350770865,0.3653217969470544,0,PayPal,Occasional,1
CUST003006,56,58.719653207774634,3935.3189350515063,16,114,3,46.537244871061716,3,0,0.36440836813265465,0.3571797952911624,0,Debit Card,Occasional,0
CUST003007,0,81.09815645776958,0.0,9,11,0,26.52377100626633,1,1,0.2893177938945905,0.2432523961047584,0,Debit Card,Occasional,0
CUST003008,26,37.41489514706839,1036.1214256591904,9,13,3,57.724053298589425,1,2,0.40754000146075453,0.3222809047032925,1,PayPal,Regular,0
CUST003009,1,124.8494527622442,131.84200983133692,8,27,2,60.064899316849754,3,2,0.1464865950401591,0.3911287011091188,1,Credit Card,Occasional,0
CUST003010,19,59.84786638520385,1174.9771052046628,7,19,2,22.183789711709643,4,2,0.10487545263217443,0.28431358003123125,0,Credit Card,Regular,0
CUST003011,8,26.651954163626908,198.07729010293275,3,7,2,92.58812105263368,1,3,0.32490438372268954,0.5205145495270963,0,Debit Card,Regular,0
CUST003012,8,37.968416531613684,251.2732534106824,8,32,0,5.7527404897289625,2,2,0.18941582926896602,0.3600119662969987,0,PayPal,Regular,0
CUST003013,10,90.48454712385755,758.514558898626,9,12,1,74.12840325283732,8,2,0.07127251722272061,0.3639294936644029,0,Debit Card,Premium,0
CUST003014,23,68.22115883824256,1399.449127881053,12,31,2,87.53391752242024,0,1,0.2917700137614678,0.14224859359074932,1,Debit Card,Occasional,0
CUST003015,9,103.65123581963319,1018.7090595964921,11,14,1,96.54005577670202,5,0,0.21413561190274966,0.5515822846475573,0,Debit Card,Occasional,0
CUST003016,31,90.96854807706978,2644.1194581141353,7,36,1,55.823927869389834,2,2,0.485209175353951,0.43410779362163354,1,PayPal,Regular,0
CUST003017,12,34.80547789929704,425.58499943727986,6,33,0,59.497253898507495,2,0,0.22166691180683537,0.2569628635674506,0,Debit Card,Occasional,0
CUST003018,1,49.723150315355156,43.99275595626799,11,21,5,90.38755853530283,4,3,0.20192340855688945,0.06307012583878938,0,Credit Card,Occasional,1
CUST003019,36,152.35083918438156,5668.668077601989,5,36,0,62.74032839916754,3,5,0.11675637701122824,0.13351442936289365,0,Credit Card,Occasional,0
CUST003020,8,40.41572822143569,298.1861981298786,9,18,1,34.65856199484786,3,1,0.04413293623961248,0.4565513128738574,0,Credit Card,Premium,0
CUST003021,13,227.82684580845478,2862.3796672856506,10,3,0,62.61262374843036,1,3,0.17018442347988583,0.24209016314572543,1,PayPal,Regular,0
CUST003022,27,21.17536505394522,535.4749246369838,9,6,0,133.22058324423313,6,1,0.2474202325961654,0.5056106595766877,0,Credit Card,Regular,0
CUST003023,9,148.9107628945774,1293.1522947536855,10,8,0,40.65912244025476,6,4,0.2600549338943841,0.1756074116715654,1,PayPal,Premium,0
CUST003024,1,76.79825123285414,69.85356514421649,8,1,1,35.76317909744901,4,1,0.5263552096080687,0.5360124166146857,0,Credit Card,Regular,0
CUST003025,11,35.014240890249845,341.49248711591036,10,37,1,47.523278554290975,6,3,0.1914746338827253,0.28388710643932535,1,Credit Card,Premium,0
CUST003026,69,88.57644229239257,5551.408936758289,14,13,2,65.98443111144681,2,5,0.07234111525086409,0.4498008401493452,1,Credit Card,Occasional,0
CUST003027,24,41.61673897117814,1005.5743511508334,7,2,0,31.30908163617039,2,2,0.2299826432428306,0.093599500407326,0,Debit Card,Regular,0
CUST003028,26,52.50613750613567,1203.6649158066323,9,51,0,17.543291117408224,1,1,0.4506624922400666,0.23168928592654295,0,PayPal,Regular,0
CUST003029,24,61.04679518653877,1536.9624518210064,8,34,2,62.234028855687676,3,2,0.21015691281564755,0.32678944568202145,0,Debit Card,Occasional,0
CUST003030,5,140.81957115738172,673.3602992092535,8,18,2,57.8700756317727,0,3,0.48712292963280124,0.39135759712166934,1,Debit Card,Premium,0
CUST003031,13,49.11488301824514,696.9856791528647,12,8,1,17.793131197752807,0,3,0.43186501188267595,0.21104709601253285,1,PayPal,Premium,0
CUST003032,33,99.07340834887853,3401.793221130778,12,4,0,23.30788062887202,5,4,0.07072886264811727,0.32584782729021733,0,Debit Card,Premium,0
CUST003033,2,144.62940243811047,277.6529642602682,13,18,1,55.00632232050951,4,0,0.31718003878473444,0.3196145993921159,0,Debit Card,Premium,0
CUST003034,7,86.75990219527785,660.3587543110688,12,64,1,41.00201454348117,3,3,0.14430640308685552,0.22685845438844196,1,Credit Card,Regular,0
CUST003035,7,110.44451458292568,762.9394602533163,12,6,1,31.2808907793028,1,1,0.23644160123521898,0.4641676324654734,1,PayPal,Premium,0
CUST003036,13,80.73959740841225,1025.6975721657175,11,25,0,41.62126121192095,3,0,0.3376851519424872,0.031050099045524755,1,Credit Card,Occasional,0
CUST003037,94,123.00870068105294,12338.390429080677,9,97,0,32.79006750609864,5,0,0.11588036788543003,0.36697486333178087,1,PayPal,Regular,0
CUST003038,1,25.89909347855823,25.665725734142658,11,30,2,48.326407097025914,0,3,0.07109828425427459,0.45179252974303047,0,Debit Card,Occasional,0
CUST003039,17,214.3557245707177,3880.413011670877,9,17,2,82.1505870759151,6,3,0.43365579153341616,0.19957723346556752,0,PayPal,Regular,0
CUST003040,4,46.4843522150236,184.66753406598926,9,37,2,89.99049213622567,2,4,0.5543906254788824,0.3212600133595193,1,PayPal,Occasional,0
CUST003041,84,77.39520026083301,6393.96357849503,10,52,0,33.725848439638014,3,1,0.3219488601614059,0.5790077056734056,1,Debit Card,Occasional,0
CUST003042,2,11.730263268193047,27.068022425442944,10,26,1,58.864322570210426,8,6,0.10148097180794428,0.22063191601297655,0,Debit Card,Occasional,0
CUST003043,12,54.66999668361184,741.7715227374729,10,61,0,58.54020754118045,4,0,0.11381864103426093,0.3937785455095336,1,Credit Card,Occasional,0
CUST003044,32,102.12939831374237,3179.6535890351465,16,21,2,19.931570215292933,5,0,0.6111464605614675,0.15075245772719173,0,Credit Card,Regular,0
CUST003045,29,233.97058462860022,6648.544590775319,18,53,1,11.786711088358325,4,2,0.42927139167232703,0.2174077847817099,0,Debit Card,Regular,0
CUST003046,13,126.98641816857446,1826.082329392866,10,91,3,105.18308948468089,4,2,0.2783091564362288,0.17157853990821392,1,Credit Card,Premium,0
CUST003047,10,58.27725794941407,482.17045145771783,10,20,1,73.30609583794292,2,2,0.045591096191655064,0.135145688578974,1,PayPal,Premium,0
CUST003048,12,19.35954353702276,227.62801255382254,14,27,0,103.43996544081352,4,1,0.19134831739468144,0.22999953276542745,1,Credit Card,Regular,0
CUST003049,7,198.01467858594884,1290.2752120231876,10,28,1,88.70803363488804,2,0,0.22316233892419804,0.6577484792004117,1,Debit Card,Regular,0
CUST003050,5,56.02020651162199,197.1424388865583,8,45,0,73.37708097815853,2,2,0.22924853261427214,0.628047563734697,1,Debit Card,Occasional,0
CUST003051,15,101.92013112079718,1699.3283221435865,6,51,0,89.40241544980401,3,3,0.18176255213536377,0.31171723333640267,0,Credit Card,Occasional,0
CUST003052,7,58.409008947690054,480.3944872731217,12,0,2,48.27632240870629,2,2,0.3750663518169212,0.312787103139309,1,Debit Card,Premium,0
CUST003053,8,111.31999630507204,916.321386396375,11,39,1,76.97613204369988,2,2,0.1586653941605274,0.2532484689520314,0,PayPal,Regular,1
CUST003054,25,192.05479115582952,5171.057245987319,9,45,1,87.66281893014799,1,1,0.3250837312094962,0.06123891689973791,1,Credit Card,Occasional,0
CUST003055,83,139.63626481536448,11135.307173177822,12,36,1,74.84699329819202,3,1,0.5699222713065512,0.2652508093603269,1,PayPal,Regular,0
CUST003056,22,67.21657745412092,1398.3121363217292,7,37,1,31.06714700012227,5,1,0.16195646638105177,0.5103821856270564,0,Debit Card,Occasional,0
CUST003057,1,201.19199519242596,190.837957562492,7,1,3,25.541697571021146,4,1,0.25237373329332735,0.3732627827814753,1,Credit Card,Regular,0
CUST003058,1,268.59818218074116,275.16284743823365,8,17,1,71.42433259394738,3,1,0.3043542695919983,0.3347799689003283,1,Credit Card,Regular,0
CUST003059,72,165.0367441595023,12642.88884541431,7,51,0,32.238509496466406,5,2,0.28763617396652214,0.2615258309037446,1,Credit Card,Occasional,0
CUST003060,8,59.896285440964135,451.22464145392587,8,81,1,33.13858753397227,1,3,0.19768664451001355,0.43187857979354144,1,Debit Card,Occasional,0
CUST003061,2,149.13048179063117,288.7651859917152,10,7,0,41.228907746612435,2,6,0.43223459736802283,0.41886575042216584,1,PayPal,Regular,0
CUST003062,21,163.87379686871787,2677.8697248819553,12,25,0,45.19297689005711,6,3,0.25925646100828215,0.3684176763359955,1,PayPal,Premium,0
CUST003063,23,68.23461518569141,1633.1308549295507,12,48,1,42.35406914482902,2,2,0.07879176628787195,0.4547328371517233,1,Credit Card,Regular,0
CUST003064,25,268.5737886046974,7651.895926379057,11,41,1,40.330489709736305,0,2,0.36172187220801744,0.34933247292808967,1,Credit Card,Regular,0
CUST003065,7,186.22485754768155,1174.7317430281826,12,28,1,48.49065917173809,7,3,0.4193559263248346,0.2526261987756443,1,PayPal,Regular,0
CUST003066,0,71.0388069454213,0.0,8,0,2,22.696245131745933,2,1,0.40109157933934914,0.2027273408645562,1,PayPal,Regular,0
CUST003067,80,59.844898315479355,6395.255656327253,9,38,3,17.43020134628862,3,4,0.4257992972387203,0.4712012959941891,1,Credit Card,Occasional,0
CUST003068,6,161.3037834699534,1002.2891599948624,9,44,0,120.0065596818128,3,1,0.32175176395786376,0.4450549055609921,1,Debit Card,Regular,1
CUST003069,27,316.8288051451893,9281.750263348791,7,38,1,28.82126376661919,5,0,0.1007779430746702,0.3798653644498529,1,Credit Card,Premium,0
CUST003070,29,27.736387640746653,760.6922983520303,12,43,0,5.050219604637811,4,1,0.13857796955464902,0.2429327888533884,0,Credit Card,Occasional,0
CUST003071,22,115.22506574767222,2573.266664127987,12,16,2,36.39060184240437,1,1,0.24032797028187955,0.3995601376398914,1,PayPal,Occasional,0
CUST003072,9,147.24597331247185,1484.4129650272,11,152,3,13.128160756395504,3,1,0.11283367207697238,0.09295000436813201,1,Debit Card,Regular,1
CUST003073,7,190.87485385870704,1415.074478442861,10,44,3,18.917714482609775,1,1,0.3215238800067808,0.3822592236152336,0,Credit Card,Regular,1
CUST003074,21,148.2752855415866,3318.587484763795,9,25,1,50.84289548066643,2,5,0.05443815444451093,0.21731455291354962,1,Debit Card,Premium,1
CUST003075,48,56.64046732477696,2842.463988812666,11,81,1,20.508852133891278,3,1,0.04347140618306266,0.5028482561716635,1,Credit Card,Occasional,0
CUST003076,70,24.734254731542592,1683.412077392578,10,71,0,104.33138319158962,1,0,0.45837447466240594,0.6426915683386865,1,PayPal,Regular,0
CUST003077,2,65.34293520423343,137.27123196773957,8,50,1,78.015921872662,3,3,0.2318142812673996,0.2897683797616699,1,Debit Card,Regular,0
CUST003078,4,144.79703754193505,507.77043397598896,10,24,1,8.749924659564089,3,1,0.26262521700414987,0.2921855625409036,1,PayPal,Occasional,1
CUST003079,69,51.742085166671316,3525.0839721651046,12,22,3,89.74144170104324,3,1,0.43000134500225917,0.15389953926417024,0,Credit Card,Regular,0
CUST003080,32,211.33872685543014,6914.044570144605,9,11,1,52.976115208130246,3,2,0.2866438008622894,0.2674933226676871,0,PayPal,Occasional,0
CUST003081,51,75.47712813679036,4499.670287264929,12,8,1,23.495309971594494,5,2,0.76023300337497,0.5010785391548261,1,Credit Card,Premium,0
CUST003082,5,49.03474952292392,250.22631322723078,11,21,1,40.194605936061045,5,2,0.6482225848439429,0.2858590333954318,0,Credit Card,Regular,0
CUST003083,21,124.60711135396994,3106.3696243365944,8,25,1,59.96109122927553,2,2,0.11801951511473269,0.35377745552008294,0,Debit Card,Premium,0
CUST003084,28,69.54961861512045,1987.6533478970225,14,8,0,95.87454655535186,2,2,0.414812575303292,0.25634730485889967,1,PayPal,Regular,0
CUST003085,27,58.52275637628501,1404.2424042628968,14,76,3,24.364816311292287,5,2,0.10190742035212949,0.6576513789613347,1,PayPal,Occasional,1
CUST003086,12,291.83441241654117,3137.5353346994043,10,24,2,51.6624098856079,4,3,0.15674971456902687,0.28944529826176674,0,Credit Card,Occasional,0
CUST003087,0,51.473597046313145,0.0,8,22,3,87.33880234278332,6,2,0.3252505486348894,0.234698750991427,1,Credit Card,Occasional,0
CUST003088,20,63.483732948678636,1338.676519900786,13,17,2,61.29807214596252,3,2,0.2369689063106796,0.3381728966595451,1,Debit Card,Regular,1
CUST003089,7,125.9113457582495,799.446576334082,10,1,4,120.01145527437963,1,1,0.21638993506872303,0.20722239330353837,1,Credit Card,Regular,0
CUST003090,14,209.18819328018284,3130.8998605147763,5,64,2,38.451019229737604,2,1,0.08825709748459361,0.15027279199341084,1,PayPal,Occasional,1
CUST003091,75,117.50340607623686,9800.1410181236,11,11,2,39.367539179633226,1,0,0.3015613526363448,0.19609670067296134,1,PayPal,Occasional,0
CUST003092,12,90.18632806659559,1155.1031268179543,7,30,2,10.289990826905782,3,1,0.039612045825947226,0.33045504867494496,0,Credit Card,Premium,0
CUST003093,43,314.405165343502,15450.15646367631,5,28,2,48.9830468274065,4,0,0.2809504252028031,0.23340062322012872,1,Debit Card,Premium,0
CUST003094,5,61.09593138572856,326.30489888277987,11,26,0,69.57989492772185,6,0,0.4588237443259825,0.5520255726957511,0,PayPal,Regular,0
CUST003095,26,61.34351752592444,1675.1681806552535,12,22,1,93.09142869545256,1,2,0.1595860473986167,0.09488948980731694,1,Debit Card,Occasional,0
CUST003096,90,52.108819571646805,5075.523094048416,6,6,1,52.7615006455605,6,1,0.42633690161962035,0.4694365721298977,1,Credit Card,Occasional,0
CUST003097,2,112.30779769065518,193.07069684058993,13,9,2,96.77736260359038,6,1,0.2537561529484733,0.5120992758655832,1,PayPal,Regular,0
CUST003098,0,39.801982044581955,0.0,7,22,1,72.7095976410374,2,2,0.24491596867520368,0.27320006962087307,1,PayPal,Premium,0
CUST003099,13,31.184967669281445,402.36725349240453,12,46,1,137.74865248267204,5,4,0.364827341253995,0.17169008275874362,1,PayPal,Premium,0
CUST003100,2,63.32823238777983,148.72343117411114,6,16,0,62.463335548262904,4,3,0.30646701326637105,0.30103400692869914,1,PayPal,Occasional,0
CUST003101,33,18.388395896326553,605.0760594018077,6,6,0,77.14529125080412,5,1,0.2770764759434088,0.46102633815554306,0,PayPal,Occasional,0
CUST003102,59,101.95375380003667,6284.905095504795,11,2,0,70.41118871623644,2,2,0.24553829018394238,0.21159279939652775,0,Credit Card,Premium,0
CUST003103,13,112.51697581672089,1517.1934170327213,5,32,1,93.18799172016726,4,1,0.3262927802298404,0.10702905328390615,1,Credit Card,Occasional,0
CUST003104,7,126.7440257162048,766.0388897304998,5,16,0,64.26119933115409,6,1,0.4136648126672931,0.33755093574975004,1,PayPal,Occasional,0
CUST003105,13,153.6915596023236,2109.2738403401345,10,4,1,3.919693562344691,4,4,0.2548345537523371,0.2329368932513239,0,Debit Card,Occasional,0
CUST003106,30,64.78435581469768,2134.6405944210996,11,33,0,43.03100938693024,3,0,0.21564872406816255,0.2813852063651569,0,Credit Card,Regular,0
CUST003107,0,193.12891059972534,0.0,6,6,1,22.772260596716695,0,4,0.17741304014919962,0.3224841192108083,0,Debit Card,Occasional,0
CUST003108,21,180.32216890124724,3527.4841617204997,12,21,0,37.124941629068225,0,3,0.18862733676184754,0.3942750552329594,1,Credit Card,Occasional,0
CUST003109,22,34.9901414271624,678.8004197673313,12,10,1,41.34713966112088,2,0,0.17740371712147773,0.1176036689558239,0,PayPal,Regular,1
CUST003110,24,80.93206015473918,1933.9440567789559,8,80,2,99.3677610646925,1,2,0.10915318754564474,0.13537482898306183,0,Debit Card,Premium,0
CUST003111,6,6.746855828915202,37.35567314926408,10,7,1,83.50558248857055,3,2,0.4152464016214719,0.21524819596401754,0,Debit Card,Regular,0
CUST003112,30,194.9850735797275,5386.258438437037,10,16,3,165.1977079812221,7,0,0.23705702728503858,0.2032488746669045,0,Debit Card,Regular,0
CUST003113,2,151.81137994027236,320.59755488301073,8,96,3,51.7797920320088,0,2,0.4336970502400459,0.3553525910881564,0,PayPal,Regular,0
CUST003114,5,225.57411043151293,1028.2407960781477,8,11,0,27.06374469399759,6,1,0.2668866995178159,0.08356367003903169,1,PayPal,Regular,0
CUST003115,50,21.000478555396995,1042.6661379230059,6,31,1,29.931304101795998,5,1,0.12115963427686299,0.31705561775661895,1,Credit Card,Regular,0
CUST003116,32,119.88098252271284,3345.443294114773,5,11,1,89.91007206028308,1,2,0.4110999686198743,0.10458130685653491,0,PayPal,Regular,0
CUST003117,0,55.08267816942157,0.0,9,3,0,35.56059084585549,3,1,0.5584394851025242,0.13889766358060632,1,Credit Card,Regular,0
CUST003118,6,11.471087005325181,70.25557757281003,7,29,1,17.026169479150298,3,5,0.3542978750819348,0.3443660329932322,0,Debit Card,Premium,1
CUST003119,5,167.56202043400265,863.4710102085138,7,74,0,71.04745615553932,3,3,0.111328546598844,0.45106503899559913,0,Credit Card,Occasional,0
CUST003120,7,28.270205033781735,224.76336287443888,10,18,1,86.7170671182361,1,4,0.40936182682550176,0.5042796639221352,1,Credit Card,Regular,0
CUST003121,6,108.98717199257626,640.7905474395877,11,29,0,15.662515696441385,6,2,0.41444876073886633,0.44419865743642994,1,Debit Card,Premium,0
CUST003122,1,54.56285659105794,54.764732862000706,5,28,1,38.001354414631756,2,1,0.12920528444533702,0.23163740474660752,1,PayPal,Premium,0
CUST003123,14,95.65417103492184,1443.7266600489288,9,16,1,35.61106259810526,6,0,0.206871458145325,0.18304038953285925,1,Debit Card,Occasional,0
CUST003124,31,155.1788639155582,5129.444863094112,9,28,1,54.14457994157896,2,2,0.22441664671455658,0.17192402517297564,0,Credit Card,Premium,0
CUST003125,22,95.85187980225435,2382.7886399652502,7,9,1,35.405188258264644,3,5,0.5299806622570975,0.23256174494459994,1,PayPal,Regular,0
CUST003126,26,39.11037888568899,1090.4474274260326,9,14,0,49.42995659571856,1,2,0.20549122832113828,0.38313838091911173,0,Credit Card,Occasional,0
CUST003127,2,296.5728108281915,555.3274884635833,7,17,0,60.82593545129665,2,4,0.14903712581708,0.17065140348165692,0,PayPal,Occasional,0
CUST003128,72,65.53123396403087,4866.7158569481235,14,59,1,15.72863367830615,5,3,0.06887575409970878,0.4964848798723399,0,PayPal,Occasional,0
CUST003129,43,46.16781774829381,2226.154820919245,15,12,1,45.452227559401095,3,3,0.1568949957879542,0.6892479647303112,1,Credit Card,Regular,0
CUST003130,39,79.0079502745692,3468.141391064705,4,30,2,40.094280813382355,3,4,0.3003134086307689,0.5180465023498761,1,PayPal,Regular,0
CUST003131,41,21.517930997232057,1021.3094469553254,10,7,1,45.5394743466873,4,2,0.10496252757317559,0.450018196248729,1,Credit Card,Occasional,0
CUST003132,64,49.78438059384002,2694.6317076854925,11,8,1,45.500098135113554,2,1,0.22096431841471176,0.28568524852332344,1,Credit Card,Regular,0
CUST003133,18,68.74043975156209,1076.455565870179,12,31,2,13.929390298910755,0,3,0.6294029294567075,0.33181149209835387,1,Debit Card,Regular,0
CUST003134,5,101.59793341075536,534.3183444801043,8,43,0,132.0942291015473,3,1,0.6950704361977691,0.25740552539014294,1,Debit Card,Occasional,0
CUST003135,23,87.51330695954043,2258.0856748158567,12,18,0,55.94741376177913,4,1,0.33625078039764444,0.49934723030277667,1,PayPal,Regular,0
CUST003136,32,120.11060840923405,4406.711993978015,10,12,1,91.33647592086147,7,4,0.16331507593616104,0.4320936636656102,1,Debit Card,Occasional,0
CUST003137,32,81.4870353163659,2196.9583187654193,15,72,1,29.60845827599755,4,1,0.35627883511799224,0.1543391815008918,1,Credit Card,Regular,1
CUST003138,17,178.91890731689583,2850.2447049838743,3,4,0,104.7778464661895,3,2,0.3236248358438093,0.061332237333984255,1,PayPal,Regular,0
CUST003139,1,135.1168762684124,124.54680373339107,5,38,2,55.184450590853956,0,3,0.11823471107816043,0.4480637872206536,1,Debit Card,Premium,0
CUST003140,11,113.51178947649537,1446.6136240524415,10,35,2,75.21853223847575,4,5,0.183587472838699,0.28469892457342627,0,PayPal,Regular,0
CUST003141,60,199.13813017816196,12887.043114300384,7,35,2,19.015657082157126,1,3,0.4506070579014933,0.3031937607851774,0,Debit Card,Regular,0
CUST003142,21,199.12337092252034,4892.203815164179,8,82,1,41.38076325093793,8,3,0.5874743217267131,0.3141163484637939,0,PayPal,Regular,0
CUST003143,18,92.36700889214427,1474.9997127879674,15,39,0,57.79279583943109,2,4,0.31917732446046465,0.3753539054564852,1,Debit Card,Premium,0
CUST003144,7,62.9894277394625,447.5715869953948,12,10,0,132.57359368616503,3,5,0.0732507738066423,0.2134092306934398,1,Debit Card,Regular,0
CUST003145,11,98.86380345812474,902.1420672150952,15,13,0,69.8121405247748,6,3,0.46315650898216654,0.058902982381479445,0,PayPal,Regular,0
CUST003146,54,76.2141875548022,3934.301234647631,4,14,1,24.675354225518404,4,1,0.07997405394917183,0.07483816290636609,0,Debit Card,Occasional,0
CUST003147,26,60.99683205302513,1561.575020548779,11,0,1,26.85030714363215,1,1,0.5621967581707855,0.3541303210946128,0,Credit Card,Occasional,0
CUST003148,37,96.00392537000054,3329.5593599922963,8,73,1,17.131524924372503,3,1,0.40655394144031487,0.5642860981305591,0,Debit Card,Regular,0
CUST003149,14,111.00465813523776,1380.5040451016841,9,2,1,31.382696911332015,0,2,0.15157726715553174,0.17218242360965474,0,PayPal,Regular,0
CUST003150,23,130.589019132272,2856.131502974618,5,36,1,105.726367619332,1,1,0.29906662783097887,0.3576505804294781,0,PayPal,Occasional,0
CUST003151,6,220.59661973940817,1189.66076831185,10,39,0,67.02844328044438,7,2,0.04070837848321901,0.10085413536734579,1,Credit Card,Regular,0
CUST003152,29,103.03596501115058,2601.6542217327174,13,55,0,75.58222065482292,2,0,0.3359296332702098,0.3002701641045238,1,Debit Card,Occasional,0
CUST003153,13,82.87825570992857,922.3101427567722,7,24,0,106.0098898608473,1,2,0.5870339183822922,0.19515397814172317,1,Debit Card,Regular,0
CUST003154,14,164.73333749813872,2340.938092448958,10,38,0,76.58896030129,1,0,0.10936192074696134,0.1981315827140655,1,PayPal,Occasional,0
CUST003155,25,42.62496803359061,1126.7799425760184,4,10,0,20.578325329728848,2,1,0.49841425611250456,0.4301650243430579,0,Debit Card,Occasional,0
CUST003156,66,18.601361681496307,1332.262461039478,8,41,2,86.41949940292116,1,1,0.3201522751209691,0.46708010718410137,1,PayPal,Regular,0
CUST003157,1,118.7023264782798,117.82672691758543,10,12,1,148.81127805143387,3,2,0.7534991458061947,0.17307083175163107,1,Credit Card,Regular,0
CUST003158,41,65.33093262524106,3090.5364287870507,10,69,0,21.020815162111496,2,0,0.26144376002181124,0.04284871561487104,1,Debit Card,Premium,1
CUST003159,8,69.30622301943318,516.8332619668711,17,5,0,5.409920092894782,4,3,0.34312877193328845,0.13065537380596937,1,Debit Card,Premium,0
CUST003160,14,41.74836304210325,481.5048016513776,16,11,2,61.297130927807814,1,2,0.0641468813918694,0.19800499416125067,1,Credit Card,Regular,0
CUST003161,0,187.66824615235538,0.0,10,20,1,103.7627373528357,1,4,0.4372909686455521,0.6235147961951992,0,Credit Card,Regular,1
CUST003162,8,19.42836048003465,141.93627455876964,4,44,1,89.64978101523046,3,2,0.3402236824408844,0.29324540676819194,1,Credit Card,Regular,0
CUST003163,16,127.26189440688583,2063.480740929756,12,41,1,149.6904211883858,4,2,0.15940742814226455,0.413618332917795,1,Debit Card,Regular,0
CUST003164,1,83.75676252844629,95.56829659859616,11,7,0,106.16214079417331,4,2,0.6211636159500155,0.2817586706737437,0,Credit Card,Premium,0
CUST003165,16,229.77067057698176,4114.355125534327,9,4,2,34.38373205881889,2,1,0.28621628162014506,0.3117228420798446,0,Debit Card,Premium,0
CUST003166,62,165.2319923483562,9976.988533688085,14,10,1,96.24303060754569,1,3,0.1274196539517351,0.5849245329805003,0,PayPal,Regular,0
CUST003167,2,32.37626421136361,48.46743235105073,7,19,0,52.64881049148316,3,3,0.20653874829835187,0.10497103728577016,1,Credit Card,Premium,0
CUST003168,34,135.20383401668738,4283.111001082544,17,23,1,44.52864744151432,2,3,0.1558632152137061,0.44554783076165816,1,Credit Card,Regular,0
CUST003169,12,116.26516642030347,1529.7592516627783,13,16,1,35.310607352225276,2,0,0.11782950808224686,0.45684480883596723,1,PayPal,Premium,0
CUST003170,25,79.13489062492056,2255.9746804656334,8,32,1,97.51679690036894,1,2,0.12909096266130446,0.39567770123524315,0,Credit Card,Premium,0
CUST003171,7,127.9304820519506,936.2543745429302,12,16,1,22.86166811661081,6,1,0.42555638941694135,0.25898837582293777,0,PayPal,Premium,0
CUST003172,4,49.68706251528358,185.12055859766423,11,87,2,59.62505841740894,0,2,0.4855519169407026,0.37655327663298754,1,Debit Card,Premium,1
CUST003173,4,90.16566027492277,371.0596137377242,14,9,0,35.752103107235385,2,2,0.2699469998780401,0.10782116392768742,1,Credit Card,Regular,0
CUST003174,1,84.89084070687419,99.08013108473654,11,29,1,54.541277107902566,3,4,0.035949593105171894,0.24534015629791486,0,PayPal,Occasional,0
CUST003175,4,43.66458520825319,169.7361126165777,9,28,1,47.76947583244425,4,1,0.08519069249377155,0.4070012538547214,1,PayPal,Regular,0
CUST003176,26,65.4544438970016,1537.6527483447417,10,9,1,55.70529659661692,3,2,0.055587802684817396,0.2990425214203434,1,Credit Card,Occasional,0
CUST003177,51,56.900629475476535,3669.096354125575,11,15,0,67.32663069154839,2,0,0.4068169698292302,0.29671429764681223,1,Credit Card,Regular,0
CUST003178,40,110.94646992457959,4882.1588989365155,11,13,0,32.66212148605521,3,7,0.20165650408626684,0.19831070787369312,0,PayPal,Regular,0
CUST003179,27,195.08740983625194,6144.2127711094845,15,5,0,23.024815477072206,6,2,0.184161823003791,0.5455113510031372,1,PayPal,Regular,0
CUST003180,2,26.03005213249733,55.853785097414864,11,19,2,32.05801229629061,4,5,0.6101349111243436,0.32277037759683963,0,PayPal,Occasional,0
CUST003181,8,113.3727236076635,1078.3223982571321,8,14,0,59.78722477575259,3,3,0.27420441745952306,0.3444384713568256,0,PayPal,Premium,0
CUST003182,8,55.20995759529702,455.7084873819157,10,5,1,54.766320521876025,5,1,0.17459611391718646,0.6108271655557824,1,Debit Card,Regular,1
CUST003183,6,158.24392348169633,1140.2222414538892,8,17,2,32.29296654910527,2,2,0.06736324187685158,0.23112074833679908,0,PayPal,Regular,0
CUST003184,17,112.39119295205096,1752.9338461574778,10,16,2,59.29617742495445,0,4,0.21553509778338584,0.3318893032331341,1,PayPal,Regular,0
CUST003185,18,20.145661375241577,404.03010850806737,15,4,1,100.80693974105813,5,2,0.3637433377809743,0.3453504081321831,0,Credit Card,Premium,0
CUST003186,10,96.06314721082384,985.771276811445,8,4,1,55.1715103346336,2,1,0.14696960293176117,0.2647051947603426,1,PayPal,Regular,0
CUST003187,10,75.94732303967834,705.3133160161333,11,31,1,30.83722701948878,5,3,0.49086264991361306,0.3190742585082902,0,PayPal,Premium,0
CUST003188,42,28.738551416637936,1369.2020177658476,5,36,1,19.4660528809433,1,3,0.37620686604238723,0.18777054506186885,1,PayPal,Occasional,0
CUST003189,37,55.8018371581859,2242.7024126017373,9,84,4,54.60720854495361,8,1,0.2706817504249308,0.2607751313818674,1,Debit Card,Premium,1
CUST003190,8,92.9379433189541,801.9467587677143,6,2,1,28.908366632382094,1,4,0.22996797933279467,0.21761299516865668,0,Debit Card,Regular,0
CUST003191,58,57.14364986277782,3175.101516891979,6,3,0,43.24241285364296,8,4,0.09318845639491445,0.4907005456871948,1,Credit Card,Occasional,0
CUST003192,73,170.8034677356324,13339.056938676375,10,1,2,68.34770338497508,4,5,0.2791353718293947,0.21662172269619043,0,Credit Card,Regular,0
CUST003193,9,75.4216867676776,562.15781488005,12,22,0,64.50926443239055,5,4,0.1046512677566391,0.21009505852327973,1,Debit Card,Regular,1
CUST003194,10,52.58097415444961,441.8798805030765,9,29,1,103.16157959241102,1,2,0.1382536590601915,0.2122573894783393,0,Credit Card,Occasional,0
CUST003195,16,96.79421334722183,1834.1238818967843,9,15,4,14.563331460917777,0,4,0.7754329696889929,0.16725677590240942,0,Credit Card,Premium,0
CUST003196,67,106.14133230616223,7329.746596255035,12,47,1,46.930833986609876,2,4,0.39388602815068485,0.35306044937464953,0,Debit Card,Regular,0
CUST003197,50,159.23799711871158,7470.806363710295,17,34,2,47.951028914511475,1,1,0.6653178421148274,0.15284939072875076,1,Debit Card,Regular,0
CUST003198,2,87.50260654224951,176.97801686231995,8,127,0,60.160295000984156,2,3,0.2225884328976986,0.32264249159653474,1,PayPal,Regular,0
CUST003199,11,103.02681666800251,1237.7877613575731,3,4,0,24.936284906823836,2,3,0.5059607239348797,0.31505583544120536,0,Credit Card,Occasional,0
CUST003200,19,133.0808161733027,2918.2345148948875,10,1,1,34.16146299367327,6,1,0.16284649271569784,0.11297396044424463,1,PayPal,Regular,0
CUST003201,16,43.56906084186321,745.5239695951389,14,9,1,23.15794923540318,7,2,0.5913181796161388,0.19089936402507618,0,Debit Card,Regular,0
CUST003202,5,152.56270699569606,775.3807037201209,13,0,0,62.97307424396509,2,3,0.6047555056747829,0.22281900849344458,0,PayPal,Regular,0
CUST003203,46,29.535387224899306,1123.8933540053185,9,80,0,33.110280910874785,1,2,0.4287192218713146,0.142734378686722,0,Debit Card,Premium,0
CUST003204,27,92.13304333134022,2215.5141023877377,12,10,1,88.80660760977077,3,1,0.1096326610374049,0.24790723114065868,1,PayPal,Premium,0
CUST003205,43,93.35472050686946,3798.5636807547935,9,24,1,81.64716011247589,2,1,0.5848703000212907,0.3827092959173418,1,Credit Card,Regular,0
CUST003206,46,91.66301022398426,3804.3020098704624,7,11,3,95.26435734812146,2,3,0.3334022656503552,0.23112233035914057,1,PayPal,Occasional,0
CUST003207,33,27.11464558123377,879.0921280882427,12,8,2,40.57162893975071,2,1,0.11528973978215412,0.2905516303750175,1,Debit Card,Regular,0
CUST003208,13,3.9406355011773204,63.0468920027987,10,4,0,40.76144667628179,2,1,0.22033357927909128,0.33954082274049796,0,PayPal,Regular,1
CUST003209,22,67.18270047482503,1329.1776967197366,11,11,0,42.653459974004335,2,4,0.26909030738579737,0.04962768836584344,1,Debit Card,Occasional,0
CUST003210,4,108.53848378332809,434.14705767704777,10,28,2,31.06687677268897,4,2,0.6505873719402162,0.4526713377458862,1,Credit Card,Premium,0
CUST003211,26,213.5539303199058,4439.793169568345,10,106,3,21.796424579100453,5,3,0.3362889041323419,0.32486691107747506,0,Debit Card,Premium,0
CUST003212,4,109.67963693147654,401.73240855872444,12,24,1,27.907983526116208,2,1,0.14888704249875448,0.14568496635873726,1,Debit Card,Occasional,0
CUST003213,28,29.047246357162628,766.1677894482289,9,22,2,115.95228571398411,1,3,0.0977736851327256,0.10202085114709612,1,Debit Card,Regular,0
CUST003214,6,70.19703249859434,433.96603151189004,7,1,1,37.902600955914,1,0,0.09952695763073784,0.4516575051115247,1,Credit Card,Regular,0
CUST003215,3,73.66291879828667,220.39971181141843,4,54,0,133.05225936158152,5,3,0.3331438144143576,0.2835701924348942,1,Debit Card,Regular,0
CUST003216,4,193.66506739053577,897.8494000553063,11,1,0,36.52509957304732,0,2,0.3889418426382949,0.4825811159862096,1,Credit Card,Premium,0
CUST003217,0,111.84796132481789,0.0,8,71,1,58.65234282046732,6,1,0.462549248924048,0.2555164339898333,1,Debit Card,Regular,0
CUST003218,30,33.57467442784402,1151.6083999048944,8,23,2,64.25394550458219,4,1,0.06355793644721694,0.21028353710100972,1,Debit Card,Occasional,0
CUST003219,31,53.3484060925868,1800.6925937643089,10,5,0,53.531941252817994,6,1,0.5156185747606175,0.5134499737897554,0,Credit Card,Regular,0
CUST003220,17,142.23362456132526,2349.203641660775,13,18,2,36.64596260894828,3,2,0.03581461929943042,0.20166657212107664,0,PayPal,Regular,0
CUST003221,4,97.57751412191192,372.2709795399194,13,158,1,12.415770313277976,2,2,0.14199666381434517,0.129105295318157,1,Credit Card,Premium,0
CUST003222,2,83.55977403723737,155.67832522364887,6,10,0,50.40532420892136,4,3,0.21583910859132327,0.1163997083245687,0,PayPal,Occasional,0
CUST003223,0,69.91332984784431,0.0,16,9,1,30.734679358040236,2,2,0.4273317160968357,0.2854100870700213,1,Debit Card,Occasional,0
CUST003224,4,139.9170911087507,592.4418913381212,11,3,3,37.79624847718347,4,3,0.3401439993047791,0.5258980933044075,0,Credit Card,Occasional,0
CUST003225,53,61.59141311377455,3414.360705910002,6,27,1,36.16063746438048,5,2,0.5536268747706625,0.11132727255187715,1,Debit Card,Regular,0
CUST003226,6,51.5471786237182,294.7520766943385,6,2,1,115.84887881149416,3,2,0.5925476832812325,0.31260553407003294,1,PayPal,Regular,0
CUST003227,10,156.9809770065876,1725.1049806069764,5,43,4,26.874536126989426,3,2,0.055991045253200394,0.30115049640415115,1,Debit Card,Regular,0
CUST003228,2,3.830111167859618,7.540441477923496,9,75,0,131.27557083383493,1,2,0.04752523720583462,0.34192818416173265,1,Credit Card,Regular,0
CUST003229,6,32.631896112790805,210.39637405491425,7,80,1,147.49982116667087,1,4,0.3427715470517918,0.20217165765490905,1,Debit Card,Occasional,0
CUST003230,17,44.870677151683296,631.9899047751401,8,3,1,87.09524871715419,5,1,0.10956847968366142,0.25153908884849807,0,PayPal,Regular,0
CUST003231,22,164.25813456167336,3930.8226279680944,10,24,3,7.457794896225353,4,2,0.10228155533408485,0.2847970759021684,1,Credit Card,Occasional,1
CUST003232,6,93.78998196042404,534.1149167629063,8,3,1,21.24398973501986,1,2,0.3557481059622733,0.3764473685120767,1,PayPal,Regular,0
CUST003233,1,30.5304482029842,26.919587205669,12,25,1,97.64993471463923,5,1,0.5277379879675209,0.5378760973345,1,Credit Card,Occasional,0
CUST003234,11,28.38793291050628,277.59090206249914,11,50,2,25.530922080324622,1,0,0.4134628002481615,0.4316924563420475,0,Debit Card,Occasional,0
CUST003235,6,167.38467124331478,1228.765706304377,6,23,0,56.400586268029436,5,1,0.4479516283243601,0.16702249632685306,0,PayPal,Occasional,0
CUST003236,5,28.47997915309618,154.77488054968495,8,61,0,36.20429365862823,3,7,0.268178464555016,0.21016207573762818,1,PayPal,Regular,0
CUST003237,77,49.81515210059539,4018.707350970387,9,48,4,102.32321639520556,3,1,0.04462375522736385,0.18841336481313994,0,PayPal,Occasional,0
CUST003238,22,60.081840647770804,1262.6873049232556,8,9,2,54.13393321816017,8,0,0.2316258719383667,0.3236567970870251,1,Credit Card,Occasional,0
CUST003239,19,120.29619759998307,2361.720101116447,7,29,1,59.10806743869461,4,3,0.28345827457749423,0.3159271083695641,0,Debit Card,Regular,0
CUST003240,12,55.87376729177299,720.2068488204162,10,0,2,181.92533858465825,2,3,0.09422415544934198,0.16227136000905512,1,PayPal,Regular,0
CUST003241,13,24.207948739571027,289.73200460170375,10,15,0,132.55696161772423,1,0,0.48570653841403194,0.1510435579958105,1,Debit Card,Regular,0
CUST003242,18,127.66123028566238,2160.1097427931277,8,8,1,53.95997546476316,4,2,0.48594859273867774,0.1799672592859289,1,Credit Card,Premium,0
CUST003243,28,125.75416649399051,4533.982134824287,13,82,1,10.064636297730338,4,0,0.3275713063763619,0.18042325260528966,1,PayPal,Occasional,0
CUST003244,29,229.5421562859973,7606.046363197416,7,15,0,78.83577618515244,4,4,0.03499976849597937,0.513173483666255,0,PayPal,Regular,0
CUST003245,4,100.29585923910105,480.12326063052035,13,31,0,158.7221440227033,1,2,0.15844761967247548,0.7031252696973743,0,Credit Card,Occasional,0
CUST003246,16,27.31866297497098,425.6210335558916,8,39,0,12.53030704265976,5,0,0.5521558499458649,0.32409310555132975,1,PayPal,Regular,0
CUST003247,12,222.40928672578613,3234.6948418776797,11,44,1,84.40905755832766,5,3,0.31739445018005924,0.3285959414458689,1,Credit Card,Occasional,0
CUST003248,49,59.9069298506381,3126.40638080103,15,39,0,105.47639073868737,4,2,0.15450647865120964,0.47598009198024416,0,Credit Card,Regular,0
CUST003249,23,148.4552941833519,3441.6191505288275,12,10,0,53.88540060525032,3,1,0.42976054341689174,0.21536929245394762,1,Credit Card,Regular,0
CUST003250,18,217.37499774012923,3965.4782023519833,10,34,0,57.47627331154331,3,3,0.4000573914793398,0.28002918231574936,0,Credit Card,Regular,0
CUST003251,2,88.69727424181478,163.06909019129594,13,23,1,54.70504686172344,2,2,0.2898872376933486,0.13797723937995007,0,PayPal,Premium,0
CUST003252,22,80.87811842307376,1603.2198226832202,11,27,0,23.81363535495585,6,2,0.3718053526353641,0.41339162800737267,1,PayPal,Premium,0
CUST003253,2,100.54541071987198,202.42335747913947,6,0,0,190.25081100451573,1,0,0.2731124045444673,0.5086523756610292,1,Credit Card,Premium,0
CUST003254,9,114.31290700436728,1174.307186319901,5,8,1,18.163089225382,7,3,0.33861510347127943,0.47867639384358746,1,PayPal,Regular,1
CUST003255,3,165.3644365711707,485.8750764361012,4,80,2,85.04389739974297,4,2,0.2998386023356864,0.3186558421886532,1,PayPal,Occasional,0
CUST003256,28,72.32819426401339,1775.4214965691779,9,10,0,81.71963962762726,4,5,0.5130868009765391,0.12416992705889678,1,Debit Card,Premium,0
CUST003257,5,85.52072196631221,439.9488602812312,11,17,0,25.733350090688177,3,0,0.24239976278644532,0.5315572756492078,0,PayPal,Occasional,1
CUST003258,11,54.40286124061783,607.8755252440783,3,6,1,56.841489687436905,2,1,0.22550666943984485,0.4008346485553984,0,Credit Card,Occasional,0
CUST003259,54,54.170945287919636,2979.75916347115,4,4,2,22.195072330556798,2,1,0.15588785169452815,0.17619679281684733,0,Credit Card,Occasional,0
CUST003260,5,39.73253269093544,179.2316435675073,10,7,0,71.69985808375303,2,1,0.16211107033784994,0.17596486469282305,0,Credit Card,Regular,0
CUST003261,17,57.480144354435005,948.4569956559624,9,24,1,108.88565638888679,5,0,0.5608773433869558,0.24517690884331783,0,Credit Card,Regular,0
CUST003262,13,35.563193832969105,526.1312228607472,9,75,0,58.3244235007346,8,1,0.016676708165295397,0.4397581287449204,1,Credit Card,Occasional,0
CUST003263,0,152.53605566569647,0.0,7,11,1,82.01101230397899,2,3,0.07390899537488999,0.19387198014728022,1,Debit Card,Regular,0
CUST003264,37,130.74590558591873,4663.800354437898,12,11,1,27.822600238004842,4,1,0.09597067299195348,0.3562713708240905,1,PayPal,Premium,0
CUST003265,1,76.80373565480846,72.77714663998374,7,24,2,27.604947425259603,5,0,0.32970870559968246,0.38965288560623695,1,PayPal,Regular,0
CUST003266,15,98.63331584677061,1364.524017213872,10,13,0,55.35054910965458,1,2,0.47790590571256536,0.14222357450958786,1,PayPal,Regular,0
CUST003267,19,39.77510937892122,733.4519205659237,5,72,0,20.741411102845554,5,1,0.09339245612695526,0.0781004794411221,0,PayPal,Regular,1
CUST003268,23,80.60073948043454,1699.1574797030764,8,14,2,25.874884149459202,5,1,0.40986689666609133,0.16675792276500295,1,Debit Card,Regular,0
CUST003269,28,180.57338658057162,5791.94704352833,10,20,3,35.39932401737708,2,2,0.3287188032757294,0.2287674970725112,0,Credit Card,Occasional,0
CUST003270,7,176.4432192535533,1269.0439619073034,9,22,2,71.90284310844328,2,0,0.3858141131578635,0.1583530690469803,1,PayPal,Occasional,0
CUST003271,0,232.56940972006123,0.0,12,45,0,27.38183907795916,1,3,0.23320085388014078,0.08415380114865018,0,Credit Card,Premium,0
CUST003272,30,152.28867533435053,5061.893973819394,11,24,0,52.6021368990171,4,2,0.24587901308435642,0.39051174799582544,0,PayPal,Occasional,0
CUST003273,18,105.03462937176965,1882.521581939288,11,8,2,84.4368735606678,4,0,0.2539542546070463,0.3345651910933166,1,Debit Card,Premium,0
CUST003274,43,146.85245647520037,5621.8864050303855,9,3,1,38.47210419241833,4,2,0.31273771029301795,0.42573011552332707,1,Debit Card,Occasional,0
CUST003275,41,29.428974774074184,1223.420568623915,12,83,0,39.160050267561125,4,2,0.21649627691097306,0.5010927328182482,1,PayPal,Occasional,0
CUST003276,44,139.3454946760672,5813.35631755484,9,48,0,72.24001678074886,2,5,0.11260320361321324,0.25699760017833834,1,Credit Card,Occasional,0
CUST003277,15,155.86628946880387,2292.036194846314,11,0,0,59.674854632198446,4,0,0.3010939973318923,0.2024657401656553,0,PayPal,Regular,0
CUST003278,9,79.58596871633385,779.1968283351101,11,51,1,41.571477184445754,3,1,0.26782157138372253,0.18161375531892388,0,PayPal,Regular,0
CUST003279,37,86.40640825295702,3390.2589146057135,7,26,0,30.225978380921184,2,0,0.3895404368451937,0.32247398990648146,1,Debit Card,Regular,0
CUST003280,14,67.32284594691083,938.8946192111185,9,21,1,34.790846239950234,2,0,0.30775825733240125,0.38303977976748227,0,Credit Card,Premium,0
CUST003281,4,77.73989622084567,325.8110578826666,11,0,2,85.48965359446166,2,1,0.36301720803262116,0.41156548039039503,1,Debit Card,Regular,0
CUST003282,46,94.37520078417604,4460.683010693659,10,45,0,38.482200974686975,3,4,0.04758116958599193,0.16711406240111124,1,PayPal,Premium,0
CUST003283,51,101.65961866542116,5136.490583921765,4,6,1,202.01007432508405,1,1,0.18664250467383145,0.05292387862647743,0,Debit Card,Occasional,0
CUST003284,15,40.34184629509174,536.5236869561913,12,39,1,32.19815961304866,4,3,0.26550638453699327,0.5039082383890643,1,Credit Card,Occasional,0
CUST003285,1,46.92303934354097,51.52504777833052,9,0,1,76.2925591136129,4,2,0.3941517584888187,0.38418985136644923,0,PayPal,Regular,0
CUST003286,11,130.82767310799358,1221.6984733107133,13,47,1,78.3404439457682,7,0,0.3921216808855818,0.06979293479923132,0,PayPal,Regular,0
CUST003287,39,108.57945403488576,4118.518355872456,11,0,1,66.46532528715439,5,0,0.10838364287411938,0.46627941804787726,0,PayPal,Occasional,0
CUST003288,55,43.335208038076466,2441.573004676141,9,8,1,19.443382187651114,2,4,0.4810153679990614,0.5984068002034653,1,Credit Card,Regular,0
CUST003289,5,75.06412982988606,392.6623585026237,15,9,0,95.18581782311536,6,2,0.4801407705401104,0.09789035629530296,1,PayPal,Regular,0
CUST003290,1,254.5878421261171,296.4523912234445,16,5,0,51.63027026728806,8,0,0.18035902890041883,0.17321234240202035,1,Credit Card,Regular,0
CUST003291,50,8.551066293771717,436.00361139540234,2,19,1,112.46142397457498,5,6,0.27250391196719376,0.19656311315387245,0,Credit Card,Occasional,0
CUST003292,11,3.8894443041198072,41.56179400028162,8,10,3,43.8700916800878,0,1,0.32518877906938026,0.3464872314824165,1,Credit Card,Premium,0
CUST003293,18,8.783586327022896,128.52635159044485,9,150,1,43.466004831280344,1,2,0.2476146407769495,0.27352984056476254,0,PayPal,Regular,0
CUST003294,82,320.66305732693803,27682.1168518023,10,26,1,68.55476395414476,5,7,0.0486985029115329,0.274194997301399,0,Debit Card,Occasional,0
CUST003295,1,32.79571328793537,31.622166186800026,13,25,3,51.687235497197996,2,2,0.09463153278445299,0.351402071648139,0,Debit Card,Occasional,0
CUST003296,25,64.41959471913873,1528.1403468783722,7,7,1,20.507505341584693,1,3,0.12003805731860841,0.24520940359749696,1,PayPal,Regular,0
CUST003297,1,123.32892112858833,145.92569697160027,8,15,2,85.57679366718767,2,3,0.6158013195033052,0.2617271530184451,1,Credit Card,Regular,0
CUST003298,11,117.62640336037097,1572.9859620534212,10,3,2,17.844536504731913,4,2,0.5226824919996454,0.28733469401537565,1,PayPal,Regular,0
CUST003299,39,67.93877392375816,2759.764592688144,9,43,1,93.7415737320512,3,2,0.10449088520238954,0.07488141081862787,1,Debit Card,Regular,0
CUST003300,13,207.55219123507834,2597.9535514185504,20,12,1,28.861232727579072,1,3,0.11790221780105653,0.459044351052156,1,Credit Card,Regular,0
CUST003301,140,142.90706520509252,17517.779663230856,13,41,1,151.6618104803813,5,2,0.33134279558152296,0.07717856099946786,0,PayPal,Regular,0
CUST003302,19,48.81170135651644,784.4718159054365,9,13,1,20.065121523577815,7,3,0.22183185638473613,0.13357041107626613,1,Credit Card,Regular,0
CUST003303,9,34.30891012837283,291.8005986553261,7,134,2,21.744473955938147,5,2,0.33731814909625263,0.4996631838921006,1,Debit Card,Occasional,0
CUST003304,5,93.21532847034949,431.1890339650452,12,5,1,27.994312472547275,2,1,0.1797288909698195,0.22514362531968818,1,Credit Card,Occasional,0
CUST003305,10,147.67353031165106,1674.1618934440246,9,0,1,91.90221721841124,0,0,0.10910990957710925,0.18229218308552722,0,PayPal,Regular,0
CUST003306,11,258.49831645103455,2954.771733260393,5,27,0,73.30373373617,2,1,0.0972772007828684,0.30030909593573757,1,Debit Card,Regular,0
CUST003307,1,104.81771304819682,107.52983604403848,6,91,1,96.34252373618719,3,1,0.2955479482643659,0.27836236361493416,1,PayPal,Premium,0
CUST003308,11,62.145687119253324,732.9778620398935,14,31,1,77.04448518139142,1,3,0.4381668287295395,0.18485799826413796,1,PayPal,Occasional,0
CUST003309,14,195.389963761567,2759.519345982344,9,2,2,51.26829915717188,5,3,0.3140242112930893,0.30196958745928565,0,PayPal,Regular,0
CUST003310,30,177.7544275145698,4833.116257514874,8,23,0,107.98173171417163,7,4,0.1717412241062074,0.14571848174434213,1,Credit Card,Regular,0
CUST003311,25,141.87518752551256,2958.066273064123,7,72,0,131.76185410530977,3,2,0.17427827353171116,0.09463790042840993,1,Debit Card,Regular,0
CUST003312,29,28.243098778652293,913.8908313086882,5,0,0,26.24772888472225,1,1,0.2617047785591123,0.2803249503051315,0,PayPal,Regular,0
CUST003313,0,64.77339168615558,0.0,10,5,1,104.39734369762971,1,1,0.06473534997463025,0.13048685869148585,1,PayPal,Occasional,1
CUST003314,5,71.65620496509698,410.7233481564482,9,50,2,103.40139594318437,5,3,0.4759824655145176,0.22806950130102838,1,Credit Card,Premium,0
CUST003315,26,141.92185327034747,3842.8202081378804,9,67,0,29.336406513540116,2,0,0.39906733369885744,0.27006353507569525,1,Credit Card,Premium,0
CUST003316,15,12.763872619066015,194.3475758908034,14,36,0,35.345954696788084,3,2,0.34691203916354846,0.2709549462184947,0,Credit Card,Regular,0
CUST003317,0,60.78473119749359,0.0,4,143,1,88.61030741014994,5,2,0.28177433896648596,0.18163220094337407,0,PayPal,Regular,0
CUST003318,39,84.49230457026718,3629.92621467316,11,2,1,38.64829056025303,4,2,0.1757480869422794,0.14177951690751975,0,PayPal,Regular,0
CUST003319,35,69.68234954174012,2380.5030041047626,13,23,0,59.21179959351227,3,1,0.44258588001582366,0.3774379564365798,1,Debit Card,Occasional,0
CUST003320,19,240.6460871976732,4429.652462718489,11,34,1,61.790514579728644,2,2,0.08786093117535125,0.430175443248662,1,PayPal,Regular,0
CUST003321,1,166.42783415484175,140.02583494409177,18,36,1,27.75294526522294,2,2,0.20731196028681637,0.3029807418103453,1,Credit Card,Occasional,0
CUST003322,34,166.12756029402928,5836.083064440405,11,47,0,27.80062124199351,2,2,0.35287052889762194,0.13420468991482173,1,PayPal,Regular,0
CUST003323,21,57.1600899385318,1357.006313600049,12,74,0,24.598565127760025,0,3,0.06488337638414425,0.14070020365944186,1,Debit Card,Occasional,1
CUST003324,36,95.0608759719987,3390.4592567560903,9,13,2,74.37061721512273,2,2,0.5724803212774391,0.22652074765130897,1,Credit Card,Occasional,0
CUST003325,33,39.59674104857543,1520.282060104542,11,1,2,20.040424315205758,3,0,0.24246668385713646,0.16283342727968747,0,Debit Card,Regular,0
CUST003326,38,40.65572961011966,1852.3137126081147,7,13,2,93.1375217288047,8,1,0.6854658575149871,0.3179768889043074,1,Debit Card,Premium,0
CUST003327,17,167.47914299393108,2808.9667000378104,9,33,1,37.440380002610944,4,4,0.3432430562683047,0.20808972755522254,0,Credit Card,Regular,1
CUST003328,3,148.70476044244333,460.8780865578938,10,7,2,58.824735673039434,2,2,0.27520187429132037,0.26763317552270394,0,PayPal,Regular,0
CUST003329,26,37.086310723666465,1006.7615471392554,7,49,0,23.79994444621976,4,5,0.33796745045578863,0.24460719937245018,1,PayPal,Occasional,0
CUST003330,23,90.50173708745928,2150.3111335946,14,7,2,153.43740745478536,1,2,0.3596687438197027,0.19693199657335064,0,PayPal,Regular,0
CUST003331,32,19.892021312401297,623.3693590079936,6,0,0,77.93752317278692,3,4,0.01368380132720881,0.06561415724381303,1,PayPal,Regular,0
CUST003332,4,121.94348595256983,542.8376087840144,7,21,2,76.0843951737569,1,0,0.14152472651515824,0.22746737002763678,0,Debit Card,Occasional,0
CUST003333,5,36.27076145639958,145.88760392972372,9,38,1,80.50702332299558,2,3,0.28847957686375897,0.37542831873233157,0,PayPal,Occasional,0
CUST003334,53,90.6985903859812,5612.388748275355,11,12,0,72.27305123357121,6,4,0.26951054344460856,0.0838100376823657,0,PayPal,Occasional,0
CUST003335,33,253.19943376498256,9055.506623304484,12,41,0,26.24243707513072,2,1,0.4626027225138745,0.24050281517257985,0,Credit Card,Regular,0
CUST003336,57,32.1621930116696,1946.1313396301337,10,17,2,31.092702629545954,6,1,0.24984256425892354,0.2685777310780299,0,PayPal,Premium,0
CUST003337,34,107.80239757126083,3826.0982137408023,11,5,0,50.62498843707456,7,3,0.31771029937029366,0.21874893498717107,1,PayPal,Regular,0
CUST003338,21,80.99290052169206,1452.7117963933335,11,2,1,73.91578991579522,4,3,0.32158227113388854,0.24967611571991094,0,Debit Card,Regular,0
CUST003339,25,29.602636876421673,771.6272414828825,6,37,2,85.48745203622562,4,2,0.24844363081802426,0.4223064973457199,1,Credit Card,Regular,0
CUST003340,52,45.78313393696365,2245.4271994788264,13,14,0,32.91550778426134,1,3,0.2622668375518121,0.11491282824216775,0,Credit Card,Regular,0
CUST003341,20,114.49106887925615,2339.2512423652906,7,73,2,47.83028785295503,3,3,0.10146102721806328,0.38291388567571855,1,Debit Card,Premium,0
CUST003342,24,70.81767136132957,1451.1078802908312,9,23,1,124.5209017596315,3,2,0.5146017044067527,0.294736141974266,1,Debit Card,Premium,0
CUST003343,4,211.87232554820073,916.4212629672647,12,12,0,137.05148315845602,4,3,0.14637740339652186,0.3587889152640352,1,Debit Card,Regular,0
CUST003344,15,118.41139343217894,1735.9772760649,13,12,2,42.67364454405989,5,4,0.5052309799163422,0.4081599444645329,1,Debit Card,Occasional,0
CUST003345,30,34.44680157531912,839.1134734419037,8,4,0,95.48040928680498,3,1,0.34187916235809446,0.35091387664632634,1,PayPal,Regular,0
CUST003346,7,152.79510551673644,1026.7730400622393,8,27,1,18.06417744346952,4,2,0.3530431664528682,0.28834666049446583,0,Debit Card,Regular,0
CUST003347,5,165.76739683951402,831.6648831882652,8,26,2,43.47269971529988,10,1,0.17387173635149214,0.39919435320445656,1,Credit Card,Occasional,1
CUST003348,9,102.42386771977748,909.9153983904816,9,48,0,104.76887436772942,4,2,0.07575087696675314,0.24861345195720416,1,Credit Card,Regular,0
CUST003349,6,125.4795656435854,908.0288558078481,11,6,1,118.17397512132217,2,2,0.608469666602252,0.24388372326735425,1,PayPal,Regular,0
CUST003350,5,101.40497313236271,509.90578193692943,7,10,3,68.48130353670057,2,1,0.07310927600849686,0.3766689965025353,0,Debit Card,Regular,0
CUST003351,13,191.08144795772208,2855.1459077708632,8,3,3,11.490217971554904,1,4,0.2971911183752884,0.13746188630956838,1,Debit Card,Occasional,0
CUST003352,57,175.91944022559224,10491.882901344905,5,10,1,10.697611739189268,0,3,0.459316576434588,0.25304069915316674,1,PayPal,Premium,0
CUST003353,16,19.828770406382684,342.90588067678647,5,16,1,65.26511823647361,3,2,0.280812019029664,0.1942760745071266,1,PayPal,Occasional,0
CUST003354,4,17.65341141992574,67.49008971481011,12,99,1,68.90418189176104,2,2,0.04347833559658256,0.2652649363188761,1,PayPal,Regular,1
CUST003355,1,71.827272030612,73.66145355975887,14,31,0,161.50128381180153,4,0,0.24068003350004682,0.4214970014931201,1,Debit Card,Occasional,0
CUST003356,28,146.33698100626063,4063.6921612707993,8,45,0,33.56464076848543,3,1,0.11710758604178609,0.3000741213033616,1,Debit Card,Occasional,0
CUST003357,11,186.3822730405077,2252.3743637468797,6,11,1,23.244302223768017,5,3,0.19648923785757036,0.3188370485321032,1,Credit Card,Regular,0
CUST003358,41,62.96627756480553,2196.221023369452,11,4,2,48.97168895240596,2,4,0.21133307583660452,0.03918737709871026,1,PayPal,Occasional,0
CUST003359,25,70.35356808129777,1854.8941384730529,12,8,0,41.06369347398886,9,4,0.13904817929940608,0.32862796309006453,1,PayPal,Occasional,0
CUST003360,38,65.95278852206273,2406.4940018064767,15,8,0,79.0066894588751,6,7,0.7263391531217691,0.25018365742307,1,PayPal,Regular,0
CUST003361,7,78.34389100757755,504.74703028887774,7,26,2,87.10379941708564,4,1,0.2693095452988718,0.31343486321149466,1,PayPal,Occasional,0
CUST003362,28,93.97391570366489,2769.6557585037617,10,12,0,47.978512084521824,3,0,0.2551690381665566,0.3909529782553115,1,Debit Card,Premium,0
CUST003363,7,57.518973985199565,326.7180422176295,8,58,0,84.59013872538392,2,2,0.23708701470819304,0.1815949617615464,1,Credit Card,Occasional,0
CUST003364,67,65.78618883473663,5341.572023295488,5,134,0,27.528284933156158,3,1,0.09750611777616425,0.6381478330139797,0,Credit Card,Occasional,0
CUST003365,24,110.62434729567559,2856.550302424935,10,12,1,62.62799152437637,2,1,0.43586497563026294,0.39718615885042924,0,Debit Card,Regular,0
CUST003366,9,26.405979391037132,259.0727408744049,14,36,1,7.235118278341275,2,5,0.13499043613909315,0.22990721758909122,0,Debit Card,Occasional,0
CUST003367,7,269.49966393025466,2095.665831190795,10,32,5,33.1390445820071,3,2,0.2621761050842535,0.38967172316358456,0,PayPal,Occasional,0
CUST003368,5,143.5996926853768,792.228128413559,7,6,0,74.83891199895024,4,0,0.3643627620048485,0.17276096133897467,1,PayPal,Premium,0
CUST003369,28,205.64856887801278,5897.291357206088,13,75,3,133.4166508197674,3,2,0.4636534352853765,0.1570269081078007,0,PayPal,Regular,0
CUST003370,5,38.44652783083757,198.95318290206765,7,6,1,30.165357337527755,3,4,0.4837672713713476,0.377638776729601,1,Debit Card,Regular,0
CUST003371,21,50.90231314752679,1174.9891183086422,9,40,1,63.68688619123948,0,1,0.21739454575949713,0.12894101936695665,1,Debit Card,Occasional,0
CUST003372,7,6.020758164997654,42.77540778824356,5,12,0,29.332313713941687,4,1,0.32272565452362595,0.3287466024326921,0,Debit Card,Occasional,0
CUST003373,26,86.48276719452703,2443.4723913841367,9,13,1,41.89559123987876,4,1,0.16245841903484068,0.3485826050145275,0,Credit Card,Occasional,0
CUST003374,40,88.46821663833545,3417.5079910216937,16,18,0,71.01127165226019,2,1,0.06854271969446352,0.4026055748010088,0,PayPal,Occasional,0
CUST003375,36,102.60634687565204,4133.080240506033,14,59,0,25.678779841954942,4,0,0.24251656642685784,0.23779382474174499,1,Credit Card,Occasional,0
CUST003376,34,16.275863209564356,576.3256843132791,9,4,2,41.84655954531745,4,2,0.5569051522276637,0.6151643159026324,1,PayPal,Regular,0
CUST003377,4,81.33965670994357,291.31845294229515,5,1,2,59.4785073652621,2,1,0.39865486165520203,0.17617603865213038,0,Debit Card,Occasional,0
CUST003378,2,106.82080688794935,235.02446793186033,8,15,0,62.119515436488946,2,1,0.16334038613698287,0.4039461479153771,1,Credit Card,Regular,0
CUST003379,28,119.06503477411017,2749.199308269387,13,1,0,55.684988361338455,2,2,0.1465939723526518,0.13232726655805546,1,Credit Card,Occasional,0
CUST003380,11,52.808760151625435,601.5433749362539,6,34,0,59.47596739384772,4,3,0.21907676815189653,0.21902392401906814,0,Debit Card,Occasional,1
CUST003381,13,296.0823069771019,4719.512740745308,10,42,0,34.4141225139622,3,1,0.3184764053456038,0.07703288849280271,0,Debit Card,Regular,0
CUST003382,0,69.82132267352983,0.0,10,57,0,31.116875001180695,4,1,0.26158103980242375,0.0810715457340973,1,PayPal,Premium,0
CUST003383,7,93.2816580825666,662.9697760110012,12,40,0,26.262478923559307,3,3,0.3447904320172531,0.31552560202421,1,PayPal,Regular,0
CUST003384,0,63.57473813600056,0.0,7,74,1,28.79284348947984,5,2,0.11904388899511453,0.3886361809756345,1,Debit Card,Regular,0
CUST003385,50,53.47192209583138,2461.828166037281,9,41,1,27.11432419574951,3,4,0.4108531490653199,0.2299350361683156,1,PayPal,Regular,0
CUST003386,6,133.4377450666522,761.6738358683439,6,82,0,56.29089114745993,4,0,0.38832752754025845,0.17856961056455878,0,Credit Card,Regular,1
CUST003387,19,17.10489539641136,290.78199526948043,8,6,2,29.322849785033718,1,2,0.28443824422015546,0.17168167959669425,0,Debit Card,Regular,0
CUST003388,0,139.16862433986478,0.0,11,20,0,59.5859474774054,2,5,0.2571780081650393,0.09593413638650698,1,Debit Card,Regular,0
CUST003389,26,91.649687501222,2106.5737625777065,3,153,2,48.53928813219008,1,0,0.3938218924322872,0.361763684303932,0,Debit Card,Regular,1
CUST003390,9,72.81771159114585,581.0179182523115,14,34,0,66.0307756912132,6,1,0.2872376869556605,0.367617440957637,1,Debit Card,Occasional,0
CUST003391,54,28.093031353938997,1672.2104916993212,18,63,1,53.94147524674164,4,2,0.31598227596256506,0.5037046987396582,0,Debit Card,Premium,0
CUST003392,52,86.09312915601525,4990.147645322623,8,0,2,50.754728249042614,1,1,0.7457955153503881,0.520132091368524,1,PayPal,Occasional,0
CUST003393,9,132.4163292329274,973.810165649157,12,61,0,92.9031034691427,0,0,0.2121222596427751,0.45277898586214554,0,PayPal,Regular,0
CUST003394,55,94.5106150014702,4872.114536195901,11,35,0,87.95355389828144,5,4,0.187998652096743,0.4198051761061925,1,Debit Card,Premium,0
CUST003395,133,79.38372255117893,12550.231743971031,12,5,1,63.35475363176259,2,1,0.3257935937045072,0.2573081948911208,1,Credit Card,Regular,0
CUST003396,41,68.89660328587522,2773.680267881564,13,0,1,86.97399272311763,2,0,0.5017642666510925,0.4364814957628361,0,PayPal,Premium,0
CUST003397,44,58.451648651847144,2836.0984957958876,9,9,0,28.92279326503717,4,2,0.4073965313739441,0.10906218405133021,0,Debit Card,Occasional,0
CUST003398,6,30.167595205722854,176.69616806978007,11,74,2,42.59597408839195,4,4,0.37194217030338506,0.23199660235376027,0,PayPal,Occasional,1
CUST003399,20,130.62109990530843,2922.0356355084086,9,33,2,43.46554824827942,2,4,0.36640791405830314,0.5239790354398917,1,PayPal,Regular,0
CUST003400,1,99.37373776462371,112.32563720175256,8,75,3,60.9275253394981,3,2,0.06352824847518797,0.03788370144858647,0,Debit Card,Occasional,1
CUST003401,2,136.49978833384932,286.43108914475636,6,17,1,18.90515426408975,5,3,0.05736896204934672,0.2656986829246976,1,Debit Card,Occasional,1
CUST003402,163,57.606345439872186,9610.81147234483,9,82,1,62.90004656608713,1,5,0.29801382604927146,0.2103369011224418,1,PayPal,Premium,0
CUST003403,9,73.01409877172698,620.747451168887,7,18,1,74.26355861261237,3,1,0.1406554543811951,0.5170113818737495,1,PayPal,Occasional,0
CUST003404,33,28.530105843551272,730.2071993742384,8,6,1,72.7934454774275,7,2,0.2691299283575548,0.42488589923459974,1,Debit Card,Occasional,0
CUST003405,39,18.179881733792726,693.8694201454158,3,4,2,17.8069019184489,1,2,0.053404651056281595,0.4934017026140735,1,Debit Card,Regular,0
CUST003406,46,89.50673070230397,3949.710161171189,11,152,0,20.322351300533175,5,3,0.45231632562846885,0.736547864432341,0,Credit Card,Regular,1
CUST003407,145,8.54516824087272,1081.9625343704274,8,12,0,33.84911719343121,2,3,0.28286513995228535,0.30307610777878286,1,Credit Card,Regular,0
CUST003408,6,107.4101253606053,621.5446867516127,6,5,2,135.78267427228536,0,5,0.3014515212598759,0.32606644883886077,1,Debit Card,Regular,0
CUST003409,0,51.26508680333869,0.0,10,0,0,63.78095950517364,1,4,0.31193164644151333,0.3073041863477491,1,PayPal,Premium,0
CUST003410,12,330.5534825054641,4245.383022716207,8,10,0,21.018431344547203,3,1,0.19072297865580365,0.23936009917734602,1,Credit Card,Occasional,1
CUST003411,3,84.9649751614119,270.3297186997645,7,65,1,66.19892265151759,2,1,0.3280066286771053,0.3251798349583391,1,PayPal,Premium,0
CUST003412,0,126.21911678777184,0.0,11,22,0,55.801229102124495,3,4,0.34902684908717857,0.41603960521381855,1,Debit Card,Occasional,0
CUST003413,10,47.545632058509476,563.1165135470724,11,30,0,71.40007834830348,4,1,0.11883919788667548,0.33956455084036424,0,Credit Card,Regular,0
CUST003414,36,182.10252960039966,7281.948930181737,6,76,2,50.29211511859465,2,2,0.08082151362265967,0.17948562514186323,1,Debit Card,Occasional,0
CUST003415,20,192.00776474200154,4211.201076852369,4,21,0,51.747342314485145,2,3,0.4212058120984201,0.12600384627264766,0,Credit Card,Regular,0
CUST003416,9,162.42296257126918,1286.5238271421586,11,54,1,33.53439881561507,2,0,0.2434385927153349,0.34823865334934434,1,Credit Card,Regular,1
CUST003417,25,290.5387108146623,7551.32318819208,20,11,0,155.44395178683774,0,2,0.3994391470237817,0.16343410631853322,1,Debit Card,Premium,0
CUST003418,6,32.12060114871961,212.83788813389225,15,113,3,41.47608841225467,3,3,0.029519121526175748,0.4068371180243966,1,PayPal,Regular,1
CUST003419,0,132.99313620778258,0.0,16,2,0,46.93066035338041,4,2,0.26348453084720463,0.24937629310161522,0,PayPal,Regular,0
CUST003420,34,43.50719581181028,1634.27546069068,13,38,1,37.64832831308916,6,1,0.2607303595623192,0.29813788996701035,1,Credit Card,Regular,0
CUST003421,23,33.45888672799157,713.3678730442408,14,32,0,10.694865321259135,6,3,0.24539461812537333,0.2626185151399837,1,Debit Card,Regular,1
CUST003422,34,81.40565698904247,2548.5270257865977,9,6,0,19.359739973425526,5,3,0.19153655215985768,0.4655915097296984,1,Debit Card,Regular,0
CUST003423,0,99.91832987188043,0.0,13,14,2,56.978024804636235,4,5,0.19180269107700726,0.3956379597210422,1,Debit Card,Occasional,0
CUST003424,43,76.99966310127597,3543.8286259355186,9,11,0,40.425743889448654,3,2,0.18072114940207532,0.34770405207834226,0,Credit Card,Premium,0
CUST003425,23,25.21613607979889,558.0707144936171,13,2,3,16.067529678353424,4,0,0.30990648444284014,0.25028848294085815,0,Debit Card,Occasional,1
CUST003426,19,87.76889394553444,1329.4942945443313,9,26,1,77.09418967971237,3,3,0.32010965404920455,0.40191720850425966,1,Credit Card,Occasional,0
CUST003427,23,82.3386784034719,2180.6273422530326,7,151,1,75.75191306231251,4,1,0.19988859086611016,0.42098398603072446,0,PayPal,Premium,0
CUST003428,47,34.70732023232334,1503.0022881444324,14,24,1,68.93646100756212,2,1,0.028249082933129114,0.12076858017491623,1,PayPal,Regular,0
CUST003429,21,216.92479333310524,4312.001527831111,13,23,1,54.54138345798688,2,5,0.2888521418866336,0.2680183045972932,1,Credit Card,Regular,0
CUST003430,20,273.2332714034063,5377.539012445301,11,1,1,121.10199855124522,0,1,0.07663822228685627,0.5549309261913182,0,Debit Card,Occasional,1
CUST003431,112,92.08198026204295,9226.924213984443,12,4,1,38.58192294580505,1,4,0.1766483727861193,0.3722717354104201,1,Debit Card,Regular,0
CUST003432,33,4.193169395381764,149.18703560834243,6,21,2,54.37826972478825,2,0,0.23415177413816046,0.24761665134993657,0,Debit Card,Regular,0
CUST003433,14,83.08427284665869,1250.5821139995737,13,126,0,24.085938663657167,3,2,0.10002023461964663,0.0707415807397714,1,PayPal,Occasional,1
CUST003434,29,175.63049503745435,5259.7031439807615,14,62,1,17.586564268544635,1,1,0.07600584379382616,0.3700917893830798,1,Debit Card,Regular,0
CUST003435,11,84.56803234796479,1016.828303185241,9,12,0,111.67178488077555,2,2,0.24477903690959582,0.420877899815713,0,Credit Card,Regular,1
CUST003436,6,76.47671559032922,504.6419529360757,8,23,1,68.8275799059488,2,3,0.09563497098811105,0.16913814579162753,1,Debit Card,Occasional,0
CUST003437,21,134.69713465884888,3150.929278576204,12,24,1,63.82993619088819,1,2,0.20405706801536017,0.21206312764373242,0,Credit Card,Premium,0
CUST003438,63,333.210651034494,22449.527911028552,7,34,0,151.09222964260562,4,4,0.5653914493448977,0.21506168802315936,0,Debit Card,Occasional,0
CUST003439,63,106.89520758954032,5855.3081783536945,13,34,0,14.941208909761347,5,1,0.4061945754594083,0.3356626782192948,1,PayPal,Premium,0
CUST003440,10,92.80345448784915,922.87072688946,10,46,1,20.91148722780862,2,1,0.15923660914285934,0.4765653600756424,0,Credit Card,Regular,0
CUST003441,18,202.27763212894118,3952.2996094262276,10,0,1,136.17173997871407,4,2,0.32678766831716805,0.30945026422977456,1,PayPal,Regular,0
CUST003442,5,116.69205984596265,511.2325066606532,8,86,0,55.47424284760473,5,1,0.23667776884548802,0.21203236007312576,1,Debit Card,Regular,0
CUST003443,130,251.6767831418267,31005.02079377803,14,2,4,54.735264661589476,3,1,0.2851976168634564,0.36072265417173216,1,Credit Card,Premium,1
CUST003444,95,34.0637888788898,3039.163943663421,12,19,0,41.72032810059619,1,1,0.43500296647564024,0.18806484416953717,1,PayPal,Premium,0
CUST003445,25,34.50210864942776,872.35461401895,13,75,0,53.22920752218032,0,3,0.320224109620969,0.25949455274885913,1,PayPal,Regular,0
CUST003446,39,40.93069212128805,1828.454864796378,8,20,2,66.4629275251548,4,2,0.22359410081955666,0.3264006575951687,0,Debit Card,Regular,0
CUST003447,30,155.03635550462096,4686.303728615386,12,1,1,106.08190902191156,6,2,0.32253894968603924,0.17182418447436298,0,PayPal,Premium,0
CUST003448,21,107.33556642584546,2119.341450591445,11,7,0,125.23518929020415,1,0,0.12147421844890514,0.5308880832000415,1,Debit Card,Regular,0
CUST003449,1,68.10704780743303,61.46524887992082,7,25,1,82.35873594016725,4,0,0.33996163926837114,0.44225951767800326,1,PayPal,Regular,1
CUST003450,14,107.89528926307203,1339.7537198468879,8,2,0,150.70133779162643,4,2,0.2102891772201309,0.2355460742881743,1,Debit Card,Premium,0
CUST003451,26,171.19388389566203,4271.622000379799,10,16,0,33.37381682186028,5,2,0.07597668547256564,0.3134018543255163,0,Debit Card,Regular,0
CUST003452,27,65.25874430827511,1688.545910747492,16,11,2,93.71905624781513,3,3,0.41880350914233905,0.152782544150676,1,PayPal,Regular,0
CUST003453,11,142.3047579892733,1221.8943171563953,9,50,1,66.00031070109608,2,4,0.2383913349886737,0.17007984837015022,0,PayPal,Regular,0
CUST003454,68,59.00332518229856,5075.225279076835,13,3,0,62.248572779458385,0,0,0.02102332934064663,0.6244751442079927,1,PayPal,Occasional,0
CUST003455,4,19.226975880518513,64.67016746184652,12,34,1,35.590277323905994,6,4,0.15149551146176457,0.2535007631269843,1,Credit Card,Regular,0
CUST003456,16,84.63202007714438,1349.676706903831,14,15,2,50.358446781455626,2,2,0.3615135497767552,0.4834143997790205,1,Debit Card,Regular,0
CUST003457,28,16.716565184865747,541.914131694081,16,26,0,39.41273756983766,4,1,0.12244710150306497,0.4342155120548276,0,Credit Card,Occasional,0
CUST003458,28,64.45501014018392,1939.474327218615,10,6,1,10.03176303811424,1,0,0.5186089868039786,0.39317839079682065,1,Debit Card,Regular,0
CUST003459,25,93.50285166689176,2291.8977079181536,11,28,1,61.26204180671934,3,2,0.39688434400247025,0.31778647428414153,1,PayPal,Regular,0
CUST003460,7,41.23231461373486,295.49118170625223,20,33,1,138.39395104134195,0,0,0.18048895118801236,0.6989738837477933,0,Debit Card,Occasional,0
CUST003461,4,126.94668792940675,489.0522003082028,7,2,1,34.80983329802916,3,1,0.34440776144163066,0.23854527974148826,1,PayPal,Occasional,0
CUST003462,24,69.44698211244133,1774.7306261905098,10,52,1,63.074605974360416,3,0,0.39828006903445695,0.27896978415743556,1,Credit Card,Premium,0
CUST003463,21,129.7429307341696,2504.516776043156,9,59,1,27.11312464071677,3,1,0.5063698304504256,0.34561270140418526,1,Credit Card,Regular,1
CUST003464,4,82.41565120316083,278.61977264882046,10,1,0,88.0527505886328,3,5,0.41342783397939864,0.1360562282024527,1,Credit Card,Regular,0
CUST003465,29,71.28244962405877,2621.0181640426754,9,27,2,108.24903021837582,4,2,0.25337706922936853,0.2916597220101775,1,Credit Card,Regular,0
CUST003466,14,41.50946290793545,576.8363544518377,15,27,1,12.276747933123016,2,3,0.19576387332752093,0.5715184034084881,1,Credit Card,Occasional,0
CUST003467,26,85.59787193956517,2359.4346009849323,7,0,1,47.24246687099621,2,0,0.14605661645687237,0.4104014683950847,1,Debit Card,Regular,0
CUST003468,43,94.05821070467198,4212.651675816456,7,12,1,40.67714129122557,5,3,0.24661849575685443,0.4986822287152502,1,Debit Card,Regular,0
CUST003469,4,109.10466577832129,475.7709279277756,12,104,0,46.279345209605225,1,3,0.1970275783824195,0.07810694989463379,1,Credit Card,Occasional,0
CUST003470,0,101.56056126452555,0.0,13,24,0,84.890889663297,4,2,0.3253792787743199,0.09826121873447896,1,Debit Card,Occasional,0
CUST003471,36,24.896778981525106,793.8761118159138,10,81,0,45.66598090111172,3,2,0.3065443374597748,0.8140537334045286,0,Debit Card,Regular,0
CUST003472,22,166.1713558739544,3696.055016758211,11,33,4,97.59790888651563,2,1,0.24049693930323365,0.3724128951196104,1,Credit Card,Regular,0
CUST003473,28,111.95121579458542,3890.3980970244393,12,0,0,9.841629682034501,2,1,0.285522660458856,0.2960613451391969,0,Debit Card,Regular,0
CUST003474,43,87.31906932890841,3073.5253141148323,10,2,0,58.921694491133536,2,2,0.605742096553453,0.7181337334162256,1,PayPal,Occasional,0
CUST003475,38,108.27614419546958,3691.8682542580646,8,38,0,62.15640152271011,3,3,0.2599140166466788,0.2226672258725019,0,Credit Card,Occasional,0
CUST003476,77,123.30824359714887,10952.797677370234,6,24,2,22.52884416091375,2,2,0.5340227954808822,0.3023280507771842,1,Credit Card,Occasional,0
CUST003477,18,281.21883906020224,5068.318736883738,10,4,0,128.45789832401138,3,5,0.5500228107521165,0.3105420741924577,1,Debit Card,Premium,0
CUST003478,16,52.8136454897133,669.6764573138581,9,28,2,42.35909871579039,1,3,0.16226179039718933,0.3274070076071118,0,Debit Card,Occasional,0
CUST003479,12,54.05295650891342,681.9951715104163,2,49,1,77.0685561670432,3,3,0.0586143166817717,0.23700996691270618,1,Credit Card,Premium,0
CUST003480,4,32.21809932435588,103.8497624540486,8,41,2,32.80149084300538,4,0,0.40801274954983363,0.26424084635104766,1,Debit Card,Regular,1
CUST003481,20,11.84463613167052,268.31566332834797,14,8,1,28.4477081434045,4,0,0.43791689270401796,0.3659642256437791,0,PayPal,Premium,0
CUST003482,7,114.0191747721083,777.8796607441986,11,8,3,83.3315841783098,7,4,0.5586639839736735,0.19937456265152312,0,PayPal,Regular,0
CUST003483,61,288.7688388088838,20627.80953155783,10,103,1,30.614498014375812,2,1,0.21439064722143342,0.2765373443304837,1,Debit Card,Premium,0
CUST003484,21,66.97139524217658,1418.824785838921,11,65,0,46.46763436918903,1,1,0.5788682820285018,0.24878787938636682,1,Credit Card,Occasional,0
CUST003485,21,190.98856156487685,4852.6109759723095,7,11,0,34.981107813993475,6,0,0.32044657455322034,0.2867689121109848,1,PayPal,Regular,0
CUST003486,10,67.83545795209338,694.0196665808148,11,52,3,80.46335342345458,3,6,0.4493988801314713,0.204179208979471,1,Debit Card,Premium,0
CUST003487,1,184.87893447138626,174.62488506836036,9,5,2,40.03800634803932,1,4,0.4451323993488045,0.3702000965813662,1,Credit Card,Regular,0
CUST003488,0,107.64057574514922,0.0,7,6,5,24.50151791316078,2,2,0.20600560721280597,0.19671325880158783,1,Credit Card,Occasional,1
CUST003489,13,86.16445024238101,1117.20913349528,11,5,2,66.59188763807065,2,0,0.43167712417454085,0.11698763615077665,1,Debit Card,Regular,0
CUST003490,2,53.37264679847965,96.12074961654238,9,2,2,120.73350027026251,4,1,0.21012970980656326,0.31794463301158576,1,Debit Card,Regular,0
CUST003491,22,89.44868739566137,2059.1440132792886,7,57,1,87.52584794730099,0,0,0.22614217276372087,0.27273562411436925,1,PayPal,Regular,1
CUST003492,51,152.87981726991953,7906.2749751797155,6,25,2,88.93576194673243,4,3,0.29849668765156107,0.2928232031859947,1,Credit Card,Regular,0
CUST003493,51,47.72867667391039,2623.3574354394113,12,8,4,35.779783199716356,3,1,0.11467456957315424,0.2496065408067662,0,Credit Card,Occasional,0
CUST003494,25,79.33105682803719,2208.070842147114,7,56,0,59.54028824902054,1,1,0.6111634552176785,0.4049403986527588,0,Credit Card,Regular,0
CUST003495,5,98.05992406528684,442.0185312868488,10,48,2,42.12128983138422,3,0,0.2555698828649928,0.23580206283597854,0,Credit Card,Occasional,0
CUST003496,47,149.3583432660935,7242.826958877688,9,3,0,26.248431613115102,6,4,0.18021914059403413,0.28927028620292244,1,PayPal,Occasional,0
CUST003497,52,91.40830222099657,5143.733860100024,12,30,0,67.41540906148313,4,1,0.41856034119678287,0.22666764429303018,1,PayPal,Occasional,0
CUST003498,5,68.34842805443874,410.3991127322069,6,38,1,63.12955667650464,2,0,0.20974293794480206,0.21793872665167635,0,PayPal,Occasional,0
CUST003499,32,102.8474336403187,2425.243246438099,8,37,0,48.923968531876234,2,0,0.09172021081876407,0.09485572249855614,1,PayPal,Occasional,0
CUST003500,8,181.9079515392819,1598.1266803437168,8,38,0,103.17621527929785,1,4,0.07545923001035719,0.4504103116974497,0,Credit Card,Premium,0
CUST003501,38,116.32058900488296,4421.036023133413,9,5,1,18.01703871401753,4,0,0.45313475916267526,0.34640323053733596,0,PayPal,Regular,0
CUST003502,141,80.91078230797054,11057.421925805262,9,11,1,74.79812559322305,3,1,0.1718488531633703,0.05729625249264206,1,Debit Card,Regular,0
CUST003503,0,88.21430470223082,0.0,8,55,1,68.3176853450936,4,1,0.6503249232102651,0.34218615362767263,0,PayPal,Regular,0
CUST003504,54,33.98674057671721,1749.4813028802187,9,68,0,14.225186211034659,5,6,0.34414671656274254,0.19266233578235786,1,Credit Card,Premium,0
CUST003505,23,140.85820880547544,3210.325054687308,8,9,1,67.06633318021808,5,2,0.4468457242282357,0.37298217516927934,0,Debit Card,Regular,0
CUST003506,87,25.60974459505309,2152.8002709578855,14,0,1,17.22708183067827,2,2,0.22319022512700223,0.5886776369186476,0,Credit Card,Regular,0
CUST003507,15,59.86936388850654,910.5898288077991,9,58,1,40.566313002068014,2,1,0.37112224188264803,0.0922001710296853,1,PayPal,Occasional,0
CUST003508,45,73.70718257060967,3259.700615155991,5,14,1,43.74035398621739,4,2,0.1722633444763791,0.08703872161531319,1,Debit Card,Regular,0
CUST003509,1,59.765324674174515,60.527517942084934,17,11,1,33.91500770456612,6,1,0.5230933866683295,0.05949112946469978,0,Credit Card,Occasional,0
CUST003510,9,35.4968232774145,366.6002252001259,4,12,1,32.699911974590485,6,1,0.5084945751826765,0.32005697273346206,0,PayPal,Occasional,0
CUST003511,1,48.62716657034492,43.213545528834764,10,16,1,34.5908331782023,0,0,0.0833677993973225,0.12634878536775196,1,Debit Card,Regular,0
CUST003512,88,24.12268266339186,1926.1975689653912,9,14,3,56.858240246333985,2,1,0.36895540533035387,0.30753344703327135,1,PayPal,Regular,0
CUST003513,40,231.13914337870725,9026.385036812224,9,25,1,95.61246748423437,5,0,0.4939215774952731,0.48819573580955156,1,Debit Card,Regular,0
CUST003514,45,54.55348172364326,2297.4774719486,6,2,1,71.14372752006753,0,0,0.25059835273965303,0.12263601561359577,0,PayPal,Regular,0
CUST003515,66,50.24711010736379,3750.81240574948,12,106,2,79.84380019980489,5,1,0.4571380641574731,0.32458819611956713,0,Debit Card,Regular,1
CUST003516,2,287.8450550374379,560.6997479985679,10,82,1,116.51277370011927,3,1,0.015039546294824136,0.5139624191671466,1,PayPal,Regular,1
CUST003517,11,18.2224584686726,189.67566834423175,11,81,2,104.24378676326589,2,1,0.3401522971723709,0.47343884032288525,1,PayPal,Premium,0
CUST003518,1,125.75119554691736,125.77663896882775,6,63,1,78.48495415932933,4,6,0.13804337109135928,0.2346693963458267,1,PayPal,Occasional,1
CUST003519,5,86.77975883547622,553.8250132463452,7,32,0,21.181962275604185,4,2,0.07347160562111357,0.5010811128745633,1,Credit Card,Regular,0
CUST003520,6,36.01186546113872,230.2672479173737,9,7,1,39.85949794619978,3,4,0.3497136280874586,0.04867926636494509,0,Credit Card,Regular,1
CUST003521,15,91.59360843948915,1510.902217512972,10,1,2,13.074591754328551,3,1,0.45166651855265993,0.42238615207086755,0,PayPal,Occasional,0
CUST003522,7,256.124216279532,1806.479944876127,10,3,1,20.164670803902233,1,1,0.6369428530800856,0.27236728603915183,0,PayPal,Occasional,0
CUST003523,2,125.01732435450239,227.0554223634681,7,11,0,42.8680724710717,5,3,0.3488478666084177,0.30518459343960863,0,Debit Card,Regular,0
CUST003524,4,113.68134260019293,444.8714896847897,8,21,1,55.265452938133386,1,3,0.47270223044123466,0.3007653435914535,1,Debit Card,Premium,0
CUST003525,3,27.94747859742803,70.89484253068935,8,149,0,96.16389395127003,2,1,0.21773115088329803,0.2883760867387649,0,Credit Card,Regular,1
CUST003526,86,41.76897123878166,3599.6474159174545,7,17,1,81.03539816419287,0,5,0.5828505349512026,0.3688356929808508,1,Debit Card,Occasional,0
CUST003527,34,19.827387049740388,676.2564142736919,9,22,2,111.229969861556,0,1,0.07055304469669653,0.4140963778910478,1,Credit Card,Regular,0
CUST003528,82,88.99640016910952,7235.351411762354,10,35,0,26.56117000030232,5,1,0.3596398807980209,0.15457522075399893,1,PayPal,Regular,0
CUST003529,13,86.19215431855925,936.06173410781,7,5,0,108.91185431171505,2,0,0.25946741843243676,0.14472776460115236,0,PayPal,Occasional,0
CUST003530,7,42.00213288702498,287.83568016775934,11,81,0,69.99136898400054,2,1,0.5383101084683303,0.22227922911910591,1,PayPal,Premium,0
CUST003531,38,153.38012050392075,5792.454258995242,7,22,0,88.23487682132914,6,3,0.46729110528083695,0.5682199033999733,1,Credit Card,Premium,0
CUST003532,9,26.078666080935005,220.49469788819223,4,9,2,60.563752855601614,3,2,0.15718336549784018,0.33188234424315444,1,Credit Card,Regular,0
CUST003533,8,45.03262669368943,364.7755868254272,10,82,1,69.3034207288701,1,2,0.11329519085287855,0.3497840156636731,1,Debit Card,Premium,0
CUST003534,6,91.2161265404607,480.2276322954273,17,29,1,54.35945160562245,3,0,0.518769560402529,0.3553191112426943,0,Debit Card,Regular,0
CUST003535,3,29.54303186869201,89.55896346761833,5,19,0,45.110815397307974,3,3,0.3425220947500465,0.5580772894928523,0,Credit Card,Premium,0
CUST003536,7,65.73108840075072,477.5810625584412,12,26,1,56.58320591961317,2,2,0.0673141472320267,0.4074998424071542,1,Debit Card,Occasional,1
CUST003537,10,47.94837996554565,424.3873372497667,9,41,1,67.38306561477576,1,1,0.15418664977609364,0.40700362450595273,0,Debit Card,Regular,0
CUST003538,26,101.39539261307893,2455.4378271507335,12,5,0,131.8879495240544,2,1,0.37279640954588256,0.6403292099159047,0,Debit Card,Regular,0
CUST003539,1,23.801160643133056,26.709865318959913,13,60,2,34.5763405621625,4,2,0.235234831835226,0.2955685359270767,1,Debit Card,Premium,0
CUST003540,5,9.392741242394022,40.31555554665137,8,96,1,35.18472255702207,3,6,0.1285157224557417,0.4072245319615124,1,PayPal,Premium,0
CUST003541,39,28.370289894109884,1172.1240201332512,10,25,1,40.91243564631967,5,1,0.07262408987272884,0.6041723313012959,1,Credit Card,Regular,0
CUST003542,3,155.03279259470082,463.72084871528017,9,34,2,114.64099440122625,5,2,0.16044008948452182,0.36664011984050665,1,Credit Card,Regular,0
CUST003543,10,147.30974575808804,1224.1602177989334,8,58,2,96.6072869300531,2,0,0.5176316034345696,0.1841880737015818,1,Credit Card,Premium,0
CUST003544,47,37.68082519218468,1852.945382115092,10,14,1,61.741284700493644,4,2,0.38037192413053683,0.5470200174870392,1,PayPal,Regular,0
CUST003545,4,79.19521412766758,312.9854012990224,10,148,2,50.123507644074806,2,3,0.4853240184389277,0.538697612743659,1,PayPal,Occasional,0
CUST003546,2,84.51888591637687,202.0046219548428,11,34,3,27.608848518254785,4,4,0.2360790110253946,0.19545914534929,0,Credit Card,Premium,0
CUST003547,15,22.514276511321565,287.33212327411366,9,16,1,18.31034967555985,2,2,0.45150739712021476,0.46705890703808733,1,Debit Card,Occasional,0
CUST003548,8,48.9989126998587,407.33072188903583,4,33,1,45.70110596260065,3,6,0.12669216903160907,0.5238384967961889,1,PayPal,Occasional,0
CUST003549,19,71.06503453695719,1305.7524079375444,6,22,1,25.868236863077936,2,1,0.24034352156663785,0.6452833830129172,1,Debit Card,Regular,0
CUST003550,39,7.1929267609581125,281.304208081836,7,3,4,93.52353013149845,4,1,0.4704064048269158,0.2539778948844008,0,Debit Card,Regular,0
CUST003551,3,90.90372040070301,238.8500989425774,11,47,1,59.07900219631047,1,4,0.197832918261912,0.32391833588532565,1,Debit Card,Premium,0
CUST003552,20,118.22183461938631,2252.215957790747,10,24,0,52.367361763302334,0,1,0.39554008113126865,0.17102038888846977,0,Credit Card,Regular,0
CUST003553,16,98.21878476106498,1379.8356225324749,6,47,0,23.304866195176306,1,2,0.2811728161082864,0.36128893217825064,1,Credit Card,Occasional,0
CUST003554,3,138.00072915210967,431.9251119790458,7,5,0,41.16920334957992,2,1,0.06077421261984598,0.3953681475498446,0,Debit Card,Regular,0
CUST003555,23,114.0171763199775,2843.6998204047454,11,23,1,53.19400770177105,2,2,0.23688812172905271,0.4283363656670061,0,PayPal,Regular,0
CUST003556,7,152.62163409153538,1013.581749890228,8,43,1,115.37262093110905,6,1,0.14585301606287351,0.41184728099531315,1,Credit Card,Regular,0
CUST003557,16,10.562730178366861,158.57970674130732,13,133,1,55.16666774467369,6,2,0.16367966824493171,0.1786158021846356,1,Credit Card,Regular,0
CUST003558,2,60.75770083643482,132.43309144523855,5,64,1,72.50551121527243,5,1,0.48022030588411463,0.2873133827500691,1,Credit Card,Regular,0
CUST003559,14,34.13134123595088,463.8331393082027,11,59,1,32.65659028993636,7,6,0.20899545293878277,0.26550786834476364,1,Credit Card,Occasional,0
CUST003560,8,10.952140120735471,77.8048420782593,12,8,2,48.39503589174733,2,2,0.08593049856255007,0.16258134940704386,0,PayPal,Occasional,0
CUST003561,41,74.47403168434597,3127.4438161832313,9,54,0,20.580891853028113,6,2,0.3179811121543752,0.5650488392301881,1,PayPal,Occasional,0
CUST003562,1,158.31649262247592,152.80032486159698,8,5,1,104.22487436281384,1,1,0.025450584671039306,0.3143736866505276,0,Credit Card,Regular,0
CUST003563,13,50.77892155591472,642.8201199891221,7,6,1,91.31034622717912,4,2,0.30617946636609533,0.32995994448537325,0,PayPal,Regular,0
CUST003564,14,106.20956108209454,1405.553787696488,8,3,2,129.5394007272949,6,7,0.5276441972819065,0.5032602753424252,1,Credit Card,Occasional,0
CUST003565,30,192.01091531744362,5616.113833153258,7,58,0,53.01196944335335,7,1,0.4378208565609393,0.4441618717426729,0,Credit Card,Occasional,0
CUST003566,20,67.83768371469654,1401.9227963599062,6,3,2,13.331546499817165,2,1,0.32062500722337733,0.28187870891890665,1,Debit Card,Regular,0
CUST003567,26,171.6568406471519,5057.69047526518,13,4,1,49.73641991302866,3,4,0.26452707728961605,0.41822309766703925,1,PayPal,Occasional,0
CUST003568,36,160.33144249252715,4884.143255885012,10,8,2,33.15526321780939,3,1,0.18664272594932738,0.17765699034521917,1,Debit Card,Premium,0
CUST003569,47,103.8711739748884,4937.208815927781,12,25,0,58.91616260402337,3,0,0.29241846147712713,0.18595340772580113,1,Debit Card,Occasional,0
CUST003570,9,27.18998990261396,241.62258671554187,8,63,1,54.56848903951297,3,5,0.12970830432378339,0.3561001802054689,0,PayPal,Regular,0
CUST003571,18,10.30488986367026,189.12368166026397,16,16,2,45.62777031130719,0,2,0.021762280829698378,0.3670431614320737,0,Credit Card,Occasional,0
CUST003572,43,45.55222817256632,2011.340418053251,9,23,0,31.946959744911897,5,1,0.19666323727929474,0.21821020520331486,0,Credit Card,Regular,0
CUST003573,109,57.77334368353556,7258.622937892801,5,5,2,92.06831784924611,4,2,0.17773630816832128,0.293959501135943,1,PayPal,Regular,0
CUST003574,52,67.7986217284678,3858.1004174587306,7,9,0,28.49536016333778,3,1,0.14722758535392488,0.2047159961623191,1,Debit Card,Premium,0
CUST003575,11,127.29064595354515,1209.972795587401,9,4,1,60.21411660080049,3,4,0.01462921141560114,0.15289541834576006,0,Credit Card,Occasional,0
CUST003576,5,43.840625798443,227.6112417038766,12,15,1,123.39289274488706,1,3,0.3296583263228252,0.2520445220695471,0,Debit Card,Occasional,0
CUST003577,16,129.6791273685284,2118.5982385501734,11,26,0,88.59827984892681,8,1,0.2331846101288085,0.22226269366340887,0,Debit Card,Regular,0
CUST003578,32,240.77688450127593,7623.001995862832,11,10,0,30.45977136846027,3,5,0.5346893450433362,0.5849198668126683,0,Debit Card,Regular,0
CUST003579,16,72.40127064130452,1034.771088936025,12,56,1,62.335453804582784,3,2,0.5906084532288334,0.25122267742431,0,PayPal,Regular,0
CUST003580,15,96.45567052941986,1602.5317265153378,12,119,1,19.823172462636155,0,2,0.35071083550750165,0.3440846944595831,1,Debit Card,Regular,1
CUST003581,43,231.01334910397253,9269.247612443149,11,3,2,27.59030911500373,4,1,0.2611802241864645,0.33806862287488043,1,Credit Card,Regular,0
CUST003582,10,141.58624073150537,1485.32130065526,14,0,0,44.22955112631289,3,1,0.2471812219452694,0.3482512932671917,1,Credit Card,Premium,0
CUST003583,47,45.11319208972549,2068.412763826755,11,46,0,47.370454729855105,6,0,0.2143554377290446,0.2419518032858538,0,Debit Card,Premium,0
CUST003584,12,253.52984140850913,3247.9943253894676,11,6,2,85.46058520334896,3,0,0.2758456384307023,0.7382962078104812,1,PayPal,Regular,0
CUST003585,9,94.83455551947083,975.2696048963774,15,13,1,46.653284318284506,3,1,0.2758182515582521,0.2406687358848823,1,Debit Card,Regular,0
CUST003586,14,49.69723316635793,813.7923671548266,7,15,2,53.43189068865561,1,1,0.29838430558793955,0.1828777102403812,1,Debit Card,Occasional,1
CUST003587,34,16.724002078192242,535.1635873328987,12,74,0,83.39368048577967,6,2,0.17691234788902857,0.33143278990373515,1,Debit Card,Regular,0
CUST003588,3,44.31183149831727,129.43297188787113,11,32,0,31.489626503082636,1,0,0.1220634499340373,0.33772422665789253,0,Credit Card,Regular,0
CUST003589,5,91.80584251024145,415.06729109961924,11,1,0,121.13232579791557,2,3,0.14176465751230588,0.22115854818757694,1,PayPal,Occasional,0
CUST003590,72,34.20945945481224,2682.3978376677596,13,0,2,107.6507096135434,4,0,0.33071205273125753,0.2027874062568852,0,Debit Card,Regular,0
CUST003591,4,39.241674148094006,130.44745495599005,8,6,0,57.12975652083657,6,2,0.14080868344951988,0.23647745003163345,1,PayPal,Regular,0
CUST003592,20,198.51871470565402,3893.6455617800543,13,11,0,79.03018842503721,4,1,0.07351298660893953,0.25708121348240265,1,PayPal,Regular,1
CUST003593,20,95.98451629695454,1432.0860391520318,9,19,3,57.01716511878507,5,0,0.29211658324396256,0.2825422791161765,1,Debit Card,Regular,0
CUST003594,16,19.91320135132536,296.20713545023807,10,54,2,50.25781359472848,2,3,0.21305857639378467,0.1159929908858262,0,Debit Card,Regular,0
CUST003595,24,133.76146580391688,3835.9936865159543,13,11,1,63.10963275526346,4,0,0.44606842258294294,0.2091815273061404,0,Credit Card,Occasional,0
CUST003596,6,10.386045476190995,69.55378607129084,12,14,0,92.86699275866698,1,1,0.13657942587814817,0.39379397436944513,1,Debit Card,Premium,0
CUST003597,19,91.80077413221743,1996.9661993741956,8,11,0,87.64798167761879,2,4,0.5015592768683762,0.33994408824679784,1,Credit Card,Regular,0
CUST003598,11,83.43303580171595,827.3331768253303,11,0,1,34.31611232511824,2,2,0.09263244603674108,0.24399495597336035,1,Debit Card,Regular,0
CUST003599,26,334.12299456997414,7328.692237339778,13,93,0,51.96364777170466,3,2,0.08831682103093173,0.1491444220582162,1,PayPal,Occasional,0
CUST003600,3,166.511909443365,511.10378554312376,17,4,2,24.3241419998525,2,0,0.24936045376139312,0.2171105043816097,1,Credit Card,Regular,0
CUST003601,20,79.96999557035303,1540.642386523765,8,10,1,73.03452426271244,2,6,0.45667468086179264,0.30167738384842224,0,PayPal,Regular,0
CUST003602,4,149.06902985223593,545.532366252924,5,4,0,79.57316448831538,3,2,0.3248184258427628,0.3623733584348629,0,Credit Card,Regular,0
CUST003603,7,11.569044921724277,80.20015580942749,13,20,2,69.53541098029558,2,2,0.25446461558071026,0.19370071644334633,0,Credit Card,Regular,0
CUST003604,5,82.70683033597604,450.03472476218747,7,80,2,193.92957110577188,2,2,0.283017988452343,0.6000369726091728,0,Debit Card,Occasional,0
CUST003605,4,47.90298135627996,208.54055296091687,11,3,0,59.915110849923195,4,2,0.4932539166718383,0.1847983257002049,1,PayPal,Regular,0
CUST003606,41,90.17677958911571,4042.6384711571363,8,17,2,12.457266575189728,6,2,0.2354744223860242,0.09125487541668847,0,Debit Card,Regular,0
CUST003607,8,9.886839567780825,86.31023621749699,10,0,0,54.33856663363095,4,4,0.2710209270110678,0.16635313707890062,1,PayPal,Regular,0
CUST003608,62,131.14288377912882,8681.67333043186,8,44,1,29.793745020877616,1,2,0.6070841576805788,0.43583743985696194,1,Credit Card,Regular,0
CUST003609,84,114.47958699618196,9681.26054938314,4,30,1,84.0440295884265,3,1,0.25683084542742896,0.20841420340538191,1,PayPal,Premium,0
CUST003610,20,170.291684049139,3761.3862390251247,8,36,0,94.49084359576187,3,2,0.21017326181508167,0.09910528169425725,0,PayPal,Regular,0
CUST003611,3,57.58270825819898,170.81927623030393,10,19,0,45.90798265711756,2,0,0.48896700052917175,0.1618236814861623,0,PayPal,Occasional,0
CUST003612,11,134.70738313463002,1458.7705177060268,13,71,3,54.21844366120821,7,3,0.46070567533982976,0.09522210834197682,0,PayPal,Occasional,0
CUST003613,38,267.933345153624,9996.971936440814,16,15,2,64.56366422303242,0,4,0.29138387806779037,0.43841731379387416,1,PayPal,Occasional,0
CUST003614,10,64.96170133490071,622.1011774661763,10,21,6,63.2011850374724,2,1,0.28289115326787806,0.2832489975367687,0,PayPal,Regular,0
CUST003615,2,23.126270369560668,50.606988881608274,8,35,1,94.69003031373231,5,3,0.2696385474410171,0.6080449734644185,1,Debit Card,Occasional,0
CUST003616,19,128.90340374169887,2790.9398982881967,8,22,3,61.6791424615421,2,1,0.3913445724975134,0.2941452066494412,1,Debit Card,Regular,0
CUST003617,44,60.39379208988106,2541.9714662102338,13,6,1,52.42779729332834,2,0,0.6470939483325886,0.1843194810596855,1,Credit Card,Regular,0
CUST003618,38,32.63644867624881,1418.929862012855,12,11,0,46.11591284408894,0,0,0.08444882792975399,0.5107878571679291,1,Credit Card,Regular,0
CUST003619,4,38.91225058211707,160.19047140640708,11,2,0,21.918788319968158,0,1,0.34581421592548667,0.1809513953030453,0,Credit Card,Premium,0
CUST003620,26,19.797228558504585,575.8099996272989,11,17,1,28.394068125158405,7,1,0.012272491905123577,0.1218767319546102,1,Debit Card,Regular,0
CUST003621,5,32.763384792893376,154.97600903911257,12,28,0,27.196558608669793,2,1,0.387054180456337,0.4542627991028937,1,PayPal,Occasional,0
CUST003622,5,108.40243393044776,531.8996866897189,9,3,0,171.03007648425933,3,4,0.2181134112936203,0.0955645806485435,1,PayPal,Regular,0
CUST003623,49,111.36292189878232,5197.484298885751,6,29,0,51.51033011171903,3,1,0.7153456416327698,0.08035335374035428,0,Debit Card,Regular,0
CUST003624,6,42.41030789308464,216.83330437855707,8,67,2,79.12602274366921,8,2,0.1220446450852597,0.6231681998516442,1,Debit Card,Occasional,0
CUST003625,7,323.0965628299656,1991.9715588893241,11,12,1,73.1373993237626,1,2,0.4388766102391751,0.13872510259085147,0,Credit Card,Regular,0
CUST003626,0,88.79814239795458,0.0,6,7,1,13.757615229702974,1,0,0.405640053736801,0.6858232910151972,0,Credit Card,Occasional,1
CUST003627,49,103.46356635083625,5372.26354776568,8,67,1,47.843919338928025,0,1,0.41184342597791646,0.15043686452930408,1,PayPal,Occasional,0
CUST003628,37,119.90312414056324,4049.2529047802254,14,35,2,68.70957077504451,2,2,0.4561724882711526,0.1959159934072792,1,Debit Card,Regular,0
CUST003629,23,44.6830883265869,1222.0541507660487,8,3,0,10.223185174823088,3,1,0.20470758591807017,0.563786041744952,1,PayPal,Premium,0
CUST003630,33,154.79045006878889,5024.703178072359,7,15,0,47.806321974744165,1,0,0.38032710784840285,0.44104412183453123,0,PayPal,Occasional,0
CUST003631,3,17.227489111266447,43.54810219291833,10,33,1,82.92813234709995,4,3,0.21647332239061792,0.4214014276866886,1,Debit Card,Premium,0
CUST003632,14,29.33788187236783,423.09991067940956,8,25,2,42.965693722784486,0,1,0.5767372935216369,0.333818825899845,1,Debit Card,Regular,0
CUST003633,10,45.03923402701792,473.0712011882499,10,28,0,76.22389825218052,4,4,0.10541654050273386,0.21718681341043594,1,PayPal,Occasional,0
CUST003634,2,96.50312620460359,207.6420173521869,14,25,1,30.409417723669875,5,5,0.45625691007143315,0.2643223650385343,1,Debit Card,Premium,0
CUST003635,15,24.760353845585055,383.47137774490966,9,47,0,41.11584095567611,4,2,0.6187639990506987,0.37970432357546346,1,Credit Card,Occasional,0
CUST003636,60,27.080652691652297,1477.056386485847,15,11,1,79.17794302887701,6,2,0.32688964887250277,0.2025730271446159,1,Credit Card,Regular,0
CUST003637,0,213.70207995886855,0.0,7,36,1,49.08417085834965,2,1,0.13514224456560342,0.14648332594015145,1,Debit Card,Regular,0
CUST003638,8,195.42075399413093,1628.1479362462055,16,141,3,24.28294514763784,2,2,0.3522362683853946,0.37965502200806445,1,Debit Card,Occasional,0
CUST003639,5,23.743479261982813,142.97949390991124,11,14,0,83.26185197543322,4,4,0.4394949858588893,0.5786484194005983,0,Credit Card,Occasional,0
CUST003640,6,41.351263325606986,215.87105271445728,9,46,1,62.9122900522324,3,3,0.10412854009142904,0.31038985448902634,0,Credit Card,Premium,0
CUST003641,57,78.4312341650717,4163.658262423337,17,8,1,31.32004908286355,5,4,0.10365255745965019,0.24523510367023635,1,Debit Card,Occasional,0
CUST003642,15,125.08194682891613,1911.6110087391125,6,9,1,78.33657512446047,4,0,0.43370608515628883,0.30033841345318946,0,Credit Card,Regular,1
CUST003643,15,56.670311989727864,811.4522578972574,9,81,2,44.77517997539859,6,2,0.10181850516532165,0.25351615783438014,1,PayPal,Regular,0
CUST003644,34,51.08606896633776,1580.65242391348,9,0,0,108.35972254056034,2,1,0.04793144746135898,0.21838951115190697,0,Debit Card,Regular,0
CUST003645,4,179.35187912577774,712.0224138773277,13,7,3,94.24565558714512,6,2,0.09499536147377487,0.13402681691069393,0,Credit Card,Regular,0
CUST003646,16,44.833242053564796,645.4973339441425,8,19,0,54.563956475930596,3,4,0.25283476542011185,0.14520175930660198,1,Debit Card,Regular,0
CUST003647,13,64.55063071259386,839.44311027387,14,15,2,70.7782101427089,4,2,0.4710594329281235,0.1720750137117086,0,Debit Card,Occasional,0
CUST003648,21,116.53223741020722,2567.6618431002075,8,29,0,104.66090338370958,2,3,0.23263282101023575,0.45572941505402975,1,Credit Card,Regular,0
CUST003649,185,120.15905221297778,22042.664781594987,4,6,1,54.20245752841251,3,3,0.5870648849245856,0.1559047245373727,1,Credit Card,Occasional,0
CUST003650,35,111.42594808561537,3262.9820159002543,9,2,0,12.943263192023887,4,1,0.24313122339856647,0.29983799232871455,0,PayPal,Regular,0
CUST003651,12,106.71549728736953,1570.6300468483992,6,13,2,70.29547654484053,3,5,0.27960497637955656,0.2431181671314703,1,Credit Card,Occasional,0
CUST003652,42,96.89973353744057,4237.86760124237,22,22,1,85.17669892206914,2,4,0.05893714921171177,0.2021446107729789,1,Debit Card,Regular,0
CUST003653,4,67.85287164253295,252.89297716259787,7,24,0,87.03876060987983,4,1,0.2103998882294052,0.16505289341875307,1,Debit Card,Occasional,0
CUST003654,0,154.5786468316386,0.0,10,27,1,29.98482316221692,1,2,0.2205683029397592,0.19137863652374104,1,Debit Card,Regular,0
CUST003655,5,124.58402367735317,686.5729507450153,7,23,0,109.26178968835451,4,3,0.3687319309150632,0.3318171199204563,1,Debit Card,Premium,0
CUST003656,9,49.90466783592337,499.0922460333558,9,8,0,175.65666550315683,1,3,0.5690318824829367,0.3613799304590587,1,Debit Card,Occasional,0
CUST003657,17,65.7206768553058,1099.9600238812895,18,43,1,86.07710332523024,5,1,0.22493504214666807,0.30860316281361433,0,Credit Card,Occasional,0
CUST003658,22,26.820423148621764,599.8695536586424,9,2,2,44.36350576680354,3,3,0.3158542041731869,0.24566448972297483,0,Credit Card,Premium,0
CUST003659,57,55.761689261970226,3208.100399097985,12,6,2,65.4829330307584,3,1,0.41571819501412977,0.38272171612432343,0,Debit Card,Occasional,0
CUST003660,17,30.27359175997638,592.1037948324577,8,40,0,76.1994217556213,0,1,0.21513910621537896,0.1837491373910442,1,PayPal,Regular,0
CUST003661,16,157.57418932783827,2701.3016155750765,11,9,0,80.93475858499907,1,1,0.23198904222928474,0.37134939040517795,0,Debit Card,Occasional,0
CUST003662,1,368.8493957875922,356.46515005984196,10,20,1,60.094828287881626,2,2,0.4457078150464434,0.0633474668905946,1,Debit Card,Regular,0
CUST003663,0,27.972234632425337,0.0,10,11,0,26.558682370676962,0,3,0.2190223459063554,0.47102576061861534,1,PayPal,Occasional,0
CUST003664,19,71.23831410570932,1551.0653280792633,10,21,1,79.90300718325157,3,1,0.31383202002359806,0.4592868345525911,1,PayPal,Occasional,0
CUST003665,13,62.42824170490551,939.3684028401768,11,12,4,35.629711156431036,1,0,0.2716453355184803,0.5293990105946895,1,Debit Card,Premium,0
CUST003666,43,8.624840656750363,398.04316185447846,11,154,2,44.09260120559882,1,0,0.6090606531870078,0.41747251544839714,1,PayPal,Regular,0
CUST003667,4,46.475327626754485,195.8855286768834,11,13,4,31.46639247846135,2,1,0.25699919050567654,0.12021056479536207,1,Credit Card,Premium,0
CUST003668,0,260.9360210171731,0.0,9,29,0,24.821967049555912,2,3,0.3639529698714811,0.33371190186316296,0,Debit Card,Regular,0
CUST003669,14,91.70277834624748,1365.3039181266683,9,65,0,43.02022988891859,1,2,0.28515969978071226,0.24868173427120238,0,Debit Card,Regular,0
CUST003670,6,72.15456448365092,428.5532795706873,8,30,0,63.45895179106521,2,3,0.20829948719438862,0.1870350390994729,1,PayPal,Regular,0
CUST003671,1,30.696972548740742,27.048634450712854,7,25,0,38.36325170273668,4,3,0.5540491687649194,0.21828024239050114,1,Credit Card,Occasional,0
CUST003672,30,142.93049426113927,4491.672012516218,13,25,2,30.563890107034307,6,3,0.7193392392413142,0.4793716879142917,1,PayPal,Regular,0
CUST003673,2,53.92548817822935,112.49851985550822,5,20,1,53.26887255628,6,1,0.35019636361794737,0.2543328320377006,1,Credit Card,Regular,0
CUST003674,22,44.031350415848365,777.3655212003326,9,49,3,14.900931323740949,0,1,0.49766978529424455,0.3961601486259799,1,Credit Card,Regular,0
CUST003675,7,133.0182401776384,959.1673640895733,8,1,1,8.112425616842911,5,3,0.038858935498493924,0.32184862319765256,1,Debit Card,Regular,0
CUST003676,4,71.68560094123899,268.96586080103464,14,64,2,88.98006646861253,2,2,0.21833015166853598,0.1931303450811998,1,Credit Card,Regular,0
CUST003677,11,35.081735932742546,424.18896774411917,13,26,0,21.507851259344232,4,4,0.11892846997696488,0.23350702570114887,0,Debit Card,Premium,0
CUST003678,38,140.80080733119814,6389.5451854695775,11,56,0,56.29177500824764,3,1,0.1278378920540543,0.2275169855848788,1,Credit Card,Occasional,0
CUST003679,11,89.31832409609925,1036.3096689715078,15,0,2,89.6159112644439,2,0,0.06743657015163727,0.575391437336848,0,Credit Card,Premium,0
CUST003680,33,141.96858424082626,4786.523930222206,8,61,0,57.01908684144264,3,2,0.586162630979659,0.5059013539263985,0,PayPal,Premium,1
CUST003681,3,74.54772941524985,226.1052955617054,11,3,2,32.53358155114306,2,4,0.10131440988625805,0.3958936025249386,0,PayPal,Regular,0
CUST003682,35,387.5453878499012,13449.287674788793,9,38,0,54.08962907042984,7,0,0.18741357542697326,0.17822996199891397,1,PayPal,Occasional,0
CUST003683,6,16.53176589580897,100.24881002436567,16,16,1,35.18352918081392,5,0,0.07600338273501102,0.48675550303055454,1,Credit Card,Occasional,1
CUST003684,27,359.0046934890144,9417.864921263803,12,34,1,41.8082388744905,5,4,0.13167014968294932,0.3517279731660445,1,Credit Card,Regular,0
CUST003685,20,50.09618209101421,915.3097563860055,5,29,2,17.86391793400929,0,0,0.35400751131552494,0.14461612119950906,1,PayPal,Regular,0
CUST003686,63,17.546358488493055,1265.3170624643335,6,5,2,8.371222872956572,5,2,0.3985399058242478,0.33291361159722643,0,Credit Card,Occasional,0
CUST003687,11,95.6988366453943,1019.6513604869465,10,21,0,39.935142665771025,7,0,0.21123486010130157,0.3310152162574677,0,Credit Card,Regular,0
CUST003688,1,178.67312241622108,188.71692993913337,7,9,2,23.539348583141688,3,0,0.1090293321375878,0.4557921598791853,1,Credit Card,Premium,1
CUST003689,0,110.68792767874311,0.0,8,24,1,69.80822754028233,1,0,0.06277622284175183,0.28976472234433265,1,PayPal,Regular,0
CUST003690,42,13.629892460949296,612.7325074702331,14,40,0,52.52606148958318,4,1,0.2771012117715095,0.04644696150279725,1,Debit Card,Regular,0
CUST003691,17,15.492773272752828,256.3229035298084,9,2,3,41.90309084147037,4,2,0.39390762615514335,0.27413220002671806,0,Debit Card,Regular,0
CUST003692,35,19.24057648192662,689.8876281902448,12,21,1,127.87708496449696,2,4,0.39255979111800604,0.2933325436990949,0,Credit Card,Regular,0
CUST003693,6,46.267062324125625,299.5596773591762,10,28,0,62.74543959458299,1,3,0.4713652573985794,0.14912953602422496,1,Credit Card,Premium,0
CUST003694,10,22.540666382243714,229.70532600396814,5,10,3,58.1653840358582,3,1,0.16013718543738,0.21154434312496637,0,PayPal,Occasional,1
CUST003695,0,65.39431152173039,0.0,11,91,1,106.802361733596,5,2,0.3472441382191802,0.575005690512458,1,Credit Card,Premium,0
CUST003696,78,11.017369919107914,850.9877350371308,18,22,1,28.473189922925044,2,2,0.12270864602101274,0.07539117927326092,0,Credit Card,Regular,0
CUST003697,26,68.94391690711194,1797.5798484260577,10,6,2,37.69966054666458,2,3,0.38746584084947905,0.4678501189486486,0,Debit Card,Regular,0
CUST003698,64,106.39688483501916,7025.7335380650975,10,3,3,26.172425713715263,3,0,0.1314249130927901,0.24518225711953368,0,PayPal,Regular,0
CUST003699,7,178.38990317754477,1422.1083296028064,14,23,2,51.91593825802933,1,1,0.5210209241504854,0.29421018501826046,0,Credit Card,Occasional,0
CUST003700,22,94.42855182109516,1973.1418046479937,9,14,2,148.57008658353107,4,1,0.10144071516862498,0.4292124173675771,0,PayPal,Occasional,1
CUST003701,27,205.04509966762336,5579.687643515976,9,6,1,37.97790522031122,3,1,0.4434121222085655,0.42717242612842027,1,Credit Card,Premium,0
CUST003702,9,94.5558811944956,821.2064036677803,9,0,1,48.448409501035286,2,0,0.15962790308845315,0.44057944786529074,1,Debit Card,Premium,0
CUST003703,45,26.156298794378603,1339.5386091201608,14,25,2,21.34899126247892,3,1,0.3262769112361145,0.5570109685022248,1,Debit Card,Occasional,0
CUST003704,70,60.070779440359644,4826.1874492717,10,27,0,90.00840470639483,3,5,0.45098038318582373,0.601094737582388,1,Debit Card,Regular,0
CUST003705,51,44.22041676134235,1818.6660725463953,8,4,2,118.0722135807072,2,0,0.339645001771465,0.42859700281853486,1,Credit Card,Premium,0
CUST003706,32,84.95554498402011,3005.7715750562124,8,27,2,38.487217497955626,6,3,0.05353374080834619,0.27331976805253305,1,PayPal,Regular,0
CUST003707,7,7.768109077948994,55.72277022701916,6,91,0,174.46820192031578,3,1,0.2999898557776792,0.2055089036695625,1,Credit Card,Regular,0
CUST003708,7,192.40266705890073,1376.5782068359833,15,114,0,14.050465388283628,6,1,0.36972754189105594,0.06783143477558586,1,Debit Card,Premium,0
CUST003709,79,129.1044817788179,10557.769849463166,11,65,2,45.65458970056746,4,2,0.21031234411583918,0.31788593828299283,1,Credit Card,Occasional,0
CUST003710,0,79.56846489775778,0.0,6,49,1,37.87006144623307,2,1,0.07369835908996097,0.3415514782078428,1,PayPal,Occasional,0
CUST003711,30,374.56784558164566,11469.203901562125,6,7,0,54.35525591182693,1,1,0.18952481400467272,0.2877499394936083,1,PayPal,Regular,0
CUST003712,29,259.2143340639979,7678.428378109929,10,5,1,81.36486252361287,5,2,0.387568448295324,0.37373394340983446,0,Debit Card,Occasional,0
CUST003713,23,120.40798269127006,2454.2710301367547,9,17,1,114.01357163410914,4,0,0.13746109075376378,0.278711882253714,0,PayPal,Regular,0
CUST003714,110,82.07999469732174,8230.778322893193,7,28,1,34.1996633608182,8,3,0.17499791140264812,0.2576858401904071,0,Credit Card,Regular,0
CUST003715,8,65.09812855673545,449.4322643533171,12,57,1,63.73849414471551,4,2,0.37251496371804765,0.3678258826296887,1,Debit Card,Occasional,0
CUST003716,9,61.15549591196526,474.4927988479044,15,7,1,58.80295530363307,2,2,0.47677804675130575,0.6162667156390882,1,Credit Card,Premium,0
CUST003717,1,42.950637699694425,39.802381858320835,10,19,0,87.63760179809806,2,0,0.10337379346948881,0.129032010990869,1,Credit Card,Regular,0
CUST003718,14,43.203953498321354,604.926597688722,14,31,2,41.1257393861717,5,1,0.6068520164978489,0.3238648295348669,1,PayPal,Occasional,0
CUST003719,7,75.98146321842698,381.3519980501307,13,17,2,32.94013373587312,3,1,0.2435547725016583,0.17694148237929405,0,Credit Card,Regular,0
CUST003720,10,169.36816664845588,1895.606133236317,12,18,1,35.94517729810899,0,2,0.17921563189583906,0.3807584189461362,0,Credit Card,Regular,0
CUST003721,43,75.29430791972904,3278.17924892943,7,7,1,75.28269736527403,0,1,0.41848194746554707,0.06395148131698657,0,Debit Card,Regular,0
CUST003722,65,21.42527239384898,1229.6062834681475,10,129,1,17.05064458902417,5,2,0.03889967639036932,0.19209282523609503,1,Debit Card,Occasional,0
CUST003723,4,62.462168951476194,212.42138836645702,13,19,1,36.85972083299998,0,1,0.5147840107454901,0.41679239609332636,0,Credit Card,Occasional,0
CUST003724,11,33.12593860572196,402.0241150928178,10,22,1,49.09614667628988,5,3,0.27008422539934723,0.6060819322241666,0,Credit Card,Premium,0
CUST003725,63,226.85172181366627,13370.630887675992,13,7,0,62.66100467908491,4,1,0.3742250759178966,0.5425732922214856,1,Credit Card,Premium,0
CUST003726,1,8.54123210903822,8.552940720281459,15,21,0,61.14788774032679,1,3,0.17695230790757172,0.16817630108097006,1,Debit Card,Occasional,0
CUST003727,2,81.24643668755368,188.20247715153235,13,8,0,26.94166928631806,4,2,0.5182093151303451,0.14988817407226476,0,Credit Card,Regular,1
CUST003728,4,30.135408400651542,120.97603439455315,12,6,3,20.99298610656716,4,3,0.41897864594884776,0.14963410311762032,1,PayPal,Occasional,0
CUST003729,21,65.03536850151797,1588.2829578605506,8,9,0,66.17583674137266,5,4,0.4018351785542805,0.528881741470123,0,Debit Card,Regular,0
CUST003730,3,80.27445137880616,222.56899942220073,14,0,2,34.64120037481309,2,3,0.24343325523474998,0.18048573578780244,1,Debit Card,Premium,0
CUST003731,82,147.9367371770233,12031.595870679685,15,25,1,48.47326730146555,4,2,0.5329998223448974,0.18666304260686425,1,Debit Card,Premium,0
CUST003732,14,56.15519037774332,694.8970676765421,15,14,1,29.29040271123479,2,2,0.29740116847286757,0.2686830608604696,1,PayPal,Premium,0
CUST003733,16,78.41193645336321,1171.1513474286062,12,68,4,28.94372840755592,2,3,0.4581571270636872,0.1931537547446076,1,Credit Card,Occasional,1
CUST003734,6,193.40017022595583,1210.7287865076096,10,1,0,70.84377454827164,4,0,0.16442811129032175,0.23276144843957827,0,Credit Card,Premium,0
CUST003735,15,193.03651281643678,2687.999592661638,15,1,2,55.92970760177943,2,2,0.07044296515411061,0.20782965227258182,0,PayPal,Regular,0
CUST003736,26,314.9362075379504,7256.122834051499,16,65,0,44.16923375106437,2,1,0.04854304335952466,0.13670032586792616,0,PayPal,Regular,0
CUST003737,33,35.3542907285038,945.0906855126048,13,4,0,51.1044038004761,1,2,0.5826575353872735,0.22128591560801128,1,Debit Card,Premium,0
CUST003738,33,318.3669653956655,10323.048467764776,11,0,1,38.00163806163284,3,4,0.45200107367108655,0.4204363063994826,1,PayPal,Occasional,0
CUST003739,20,61.86552179012072,1140.0983821332004,8,5,1,52.97385286848396,2,2,0.35948995903211783,0.3926745145404424,1,PayPal,Regular,0
CUST003740,56,221.90516215741343,12879.09189530938,12,52,0,43.20170977072337,0,2,0.14138834125902677,0.21272004423931862,1,PayPal,Regular,0
CUST003741,40,143.55654090240603,6297.888372724119,10,48,0,115.23924838312568,6,0,0.18425832877185463,0.3765095022935163,1,PayPal,Regular,0
CUST003742,33,53.65696944250099,1853.8569988316474,12,12,3,36.66960698856038,0,6,0.2562546445126174,0.4481917942738282,1,Debit Card,Occasional,0
CUST003743,1,276.31085775848885,235.8923276289293,13,33,1,30.864385159418525,2,1,0.4160161227100087,0.2015775469842331,0,PayPal,Occasional,0
CUST003744,0,205.9153198767743,0.0,14,21,1,94.0723492182896,1,0,0.3859012320903393,0.394873210499935,0,Credit Card,Occasional,1
CUST003745,5,25.158713739456708,129.55455819635898,14,70,0,44.80391460336294,3,1,0.22342953060958906,0.34026136817787067,0,Debit Card,Regular,1
CUST003746,26,57.40025803664135,1630.6815942185065,9,1,1,98.41407603320735,4,3,0.2588612740207666,0.3668297959469408,1,Credit Card,Occasional,0
CUST003747,12,130.16453491911273,1852.8066181717804,14,50,2,71.83994485573355,2,3,0.5610055783960665,0.45325699275828374,0,Debit Card,Premium,0
CUST003748,12,20.998853687293785,242.58063292732962,8,5,1,28.50163154720278,4,2,0.1346435207930735,0.1824331047417969,0,Credit Card,Regular,0
CUST003749,51,73.7610368727752,3747.533501000897,11,14,0,54.011074609233,1,2,0.07594751789940181,0.1587154347069403,0,Credit Card,Regular,0
CUST003750,54,169.4442870333581,10615.327023660946,12,6,1,23.404980172553458,3,3,0.5248440079668774,0.16854339012285663,0,Debit Card,Regular,0
CUST003751,57,73.72030684934344,3641.0830051340536,9,36,1,110.4017487304865,1,2,0.18103198122867792,0.2124866611757031,0,Debit Card,Occasional,0
CUST003752,9,94.57517027066376,740.8390529446344,10,34,1,30.688626205687697,1,1,0.48780085207382495,0.4362238922681351,0,PayPal,Premium,0
CUST003753,28,160.62445490911577,4730.745651638196,5,23,1,7.401276431462694,2,0,0.3409613057731071,0.18893599147409887,0,Credit Card,Regular,0
CUST003754,7,110.98715423705052,752.7241038613737,8,35,0,26.111033251176494,3,4,0.1961886162503634,0.3333438430834077,1,Credit Card,Occasional,0
CUST003755,5,73.27442032564161,336.5559993192992,12,30,1,123.65782105683539,2,2,0.34420749440953335,0.14371582744258377,0,Debit Card,Occasional,0
CUST003756,4,219.55427889338006,859.6296453044373,12,44,1,64.42537450644284,2,0,0.2431046029736158,0.4230045960594559,0,Credit Card,Premium,0
CUST003757,10,87.44344268411449,920.1353007174506,12,8,1,53.84326263316333,3,1,0.17649799395496785,0.3941214635113098,0,Credit Card,Occasional,0
CUST003758,13,80.3334272292395,1292.8907522214704,14,16,0,15.464008949265931,1,4,0.20345201560806667,0.169873555043307,0,Debit Card,Occasional,0
CUST003759,42,216.87112162477388,9451.144087189034,11,4,1,128.99002796200386,4,1,0.07277580643226358,0.13006935310108686,0,PayPal,Regular,0
CUST003760,3,114.19151351489751,351.7489530888978,9,16,3,102.25705517529038,4,3,0.22406841237517938,0.15279306769557435,1,PayPal,Premium,0
CUST003761,31,31.21869202105223,1006.6012788972554,10,36,0,25.943455013839134,4,0,0.28660789551152993,0.5277210563914873,0,Debit Card,Regular,0
CUST003762,18,34.95394311320709,689.7694603312349,17,35,0,14.642907390880783,3,2,0.3850186455518656,0.5960812252866412,0,Credit Card,Premium,0
CUST003763,8,44.04880054385426,337.37236539131027,19,37,0,79.0791910135132,0,2,0.3055841264345566,0.35781327374970723,0,Credit Card,Regular,1
CUST003764,16,165.94646125161913,2735.680567032729,12,11,0,89.32540185256525,3,3,0.49377495089367585,0.750029144536203,1,PayPal,Regular,0
CUST003765,8,153.68521402045735,1451.926329574671,13,32,1,66.16053309074884,1,1,0.057547537470956346,0.5229097659259564,1,PayPal,Regular,0
CUST003766,21,93.2312313337886,2112.066298064194,5,13,1,101.41572151468705,5,2,0.28620178469720925,0.5044971924332695,1,PayPal,Regular,1
CUST003767,13,35.37828582857434,444.67284673198594,8,86,1,60.117948733768415,4,1,0.4532867232217897,0.4744411010606924,0,PayPal,Regular,0
CUST003768,4,60.58405865806993,265.68510112146146,11,12,2,34.62934091579994,11,0,0.20289910162857572,0.382301200182679,1,Credit Card,Regular,0
CUST003769,2,202.15719190068393,412.4836899695292,10,27,1,106.25400913993681,3,1,0.14116770700375672,0.24985142931726861,1,Credit Card,Premium,0
CUST003770,18,71.81794439088046,1206.7169943127774,11,41,1,33.67603414270409,1,1,0.16520934389703426,0.23091435252629697,1,Credit Card,Regular,0
CUST003771,55,69.47264905283018,3687.02254720782,14,71,2,51.50834325581229,3,4,0.20605281972850858,0.45713569162069895,0,Debit Card,Regular,0
CUST003772,10,47.14606389425878,488.89462115237825,6,17,0,65.16537873619144,4,1,0.17773083753162947,0.12852555740811453,1,Debit Card,Premium,0
CUST003773,31,169.6275325374113,4703.235623125281,4,13,1,48.929189564154015,3,3,0.251506052298815,0.2873138068486167,0,Credit Card,Regular,0
CUST003774,25,41.27486082597412,1291.0027324858008,7,16,1,113.01147199547242,2,3,0.2238232892220988,0.4208114207366307,1,PayPal,Regular,0
CUST003775,64,139.06113144710412,7978.877402796046,11,11,1,96.45305575114918,2,2,0.18705511448235343,0.0773673381867218,1,PayPal,Regular,0
CUST003776,41,54.17870162832489,2500.7001586466536,8,31,0,34.883244200351726,3,3,0.36359199734427183,0.4238604878746216,1,Credit Card,Regular,0
CUST003777,20,120.8536683005089,2409.092969074412,9,80,1,112.59432308732957,3,1,0.280121938899042,0.09135489122407828,0,PayPal,Regular,1
CUST003778,25,100.1292473652408,2317.3105534509036,10,4,2,14.82329253668211,5,3,0.3552845251641427,0.15834639344343926,0,Credit Card,Regular,1
CUST003779,54,77.20414277556877,4344.653296084415,7,24,2,14.28204192716093,8,4,0.5227974415040411,0.18981583679158343,1,PayPal,Premium,0
CUST003780,12,62.29654392197822,658.4969653344084,6,68,0,196.96899190485144,4,2,0.6233421893641404,0.3480515555083149,1,PayPal,Occasional,0
CUST003781,9,107.94710318088936,1065.072451236313,9,3,0,96.40298446894784,4,3,0.2854736412805105,0.12635117014018404,1,PayPal,Regular,0
CUST003782,0,99.32652477912856,0.0,6,20,0,24.680823497477174,6,3,0.32866521018189454,0.19092584162858717,1,Credit Card,Regular,0
CUST003783,42,49.20280679609482,2055.537951141422,13,60,0,44.52244057353795,1,1,0.5657470316172335,0.2709621905813962,0,PayPal,Premium,0
CUST003784,38,183.11563090798774,6099.833057170018,9,69,1,44.54261127654501,2,2,0.40545065743854053,0.3253127777069333,1,PayPal,Regular,0
CUST003785,2,156.10089813673656,334.2090791292537,11,21,0,87.30924023729696,2,1,0.44125793061125207,0.41121207431908013,1,Credit Card,Premium,0
CUST003786,20,36.080549177915735,696.3048217139002,10,0,0,75.23361275677169,1,1,0.48204516792508395,0.42878245839719153,0,PayPal,Occasional,0
CUST003787,14,40.10680549438624,532.6888406927238,11,3,0,108.61600342325133,4,2,0.26779870829319824,0.22017599945049826,1,Credit Card,Regular,0
CUST003788,3,12.472571967938567,40.44750826846617,9,26,1,32.87029149917821,2,1,0.3896233157949292,0.4401949609527285,0,Credit Card,Regular,0
CUST003789,94,145.44055733247438,12924.31844681707,12,3,1,90.9256536169019,2,0,0.03297978974292397,0.7109775566575063,1,PayPal,Premium,0
CUST003790,5,64.56780113853945,351.82913959615223,10,4,1,30.449573715252882,2,0,0.23431901254954554,0.11842227199557609,0,Credit Card,Premium,0
CUST003791,1,81.85966401017957,81.24695995918745,10,44,1,65.75917879212139,3,1,0.21909893853731216,0.20653610001271788,1,Debit Card,Occasional,0
CUST003792,21,38.79716686272568,896.6522875922316,8,41,1,65.95735897196684,3,3,0.185831310960545,0.28923415837124566,0,PayPal,Regular,0
CUST003793,32,81.99537112007545,2300.22023934869,9,55,1,48.8743243898703,5,0,0.10561869403587418,0.3307177790889523,1,Debit Card,Regular,0
CUST003794,0,103.56787283400631,0.0,8,3,0,30.29837984165569,3,3,0.178549582670539,0.35830568560550885,0,PayPal,Premium,0
CUST003795,25,23.87580780983109,620.7244110147553,12,6,1,70.05234268644637,4,1,0.457840628737585,0.07145543797317172,0,PayPal,Regular,0
CUST003796,18,101.8769454068164,1833.2736290717612,11,53,2,89.68573933109613,5,1,0.16766568293292533,0.10087423412341712,1,PayPal,Regular,0
CUST003797,2,97.94460553654409,204.4160378980069,13,38,2,163.46821875847235,0,0,0.7225565682623764,0.5167612637004306,1,Credit Card,Regular,0
CUST003798,4,209.94822304579324,862.0739709497028,11,49,0,50.37130035624721,0,2,0.11253262773473287,0.2602752414124565,0,Credit Card,Regular,0
CUST003799,20,106.54144702621757,2430.6946983709795,8,137,1,45.43983203075149,2,3,0.45099155665531304,0.24010294758754108,0,PayPal,Premium,0
CUST003800,8,35.03035882497089,278.37031099911763,6,59,2,109.79364553822167,4,3,0.25493279762322085,0.3551182761786246,1,Debit Card,Premium,0
CUST003801,66,37.87508832920435,2386.021363678351,11,22,1,105.87432215740078,5,2,0.3404250115999226,0.18544418196226958,1,Debit Card,Regular,0
CUST003802,40,96.99675348765038,4108.58770953737,8,11,0,18.618188669982807,2,4,0.5184277674699345,0.4964135346689616,0,Credit Card,Occasional,0
CUST003803,98,62.959460054268476,6092.1658074518855,16,25,0,91.68597286506163,6,4,0.1220986316419647,0.2312750826986034,1,Credit Card,Occasional,0
CUST003804,7,137.78699903409452,880.2819821008915,6,30,1,85.05959943970143,1,2,0.24168317308473428,0.3934170279141102,1,Credit Card,Occasional,0
CUST003805,83,22.88254959680119,1561.1846196622116,10,12,0,47.51285944399493,5,2,0.12737338016892166,0.30985212850155386,0,Debit Card,Occasional,0
CUST003806,13,149.92237238216123,2136.68942988255,8,44,0,60.22796039434856,3,2,0.3449236562370418,0.09252011212677748,1,Debit Card,Premium,0
CUST003807,10,94.56931947207833,980.2201868404303,11,2,0,19.715306123333395,0,3,0.2603730836837843,0.2350517979396586,1,PayPal,Premium,0
CUST003808,1,213.53304769924614,218.41275224993632,12,45,0,89.77275000814419,5,0,0.16948852914375845,0.23855323815387766,1,Debit Card,Premium,0
CUST003809,1,75.42187676457462,78.38190772734428,11,0,0,79.68422204706624,3,3,0.3229067705129729,0.386572846224697,1,Credit Card,Regular,0
CUST003810,28,36.41656627012404,950.4169105132613,8,20,2,114.56679696608654,1,2,0.37113177124596697,0.25824983092446274,1,PayPal,Premium,0
CUST003811,14,33.15353033177756,436.83392057899795,6,59,1,32.81302288792062,6,2,0.23079939173311756,0.4805126064132365,0,Debit Card,Premium,0
CUST003812,6,106.55399778712365,613.6413798997847,12,2,3,36.54842798377658,3,0,0.2916201601229634,0.12716232896112015,0,Credit Card,Regular,0
CUST003813,22,27.11157307644121,682.339277644298,5,21,1,49.27310161003422,1,3,0.2524889504209832,0.22366892488510584,1,Debit Card,Regular,0
CUST003814,6,316.4308490647535,1786.207311240005,6,5,1,16.65165742452767,1,2,0.17021767661789025,0.5508242777751358,1,PayPal,Premium,0
CUST003815,20,73.08963075591069,1296.3251726498506,10,67,2,41.84046410391329,2,1,0.028319359018461086,0.2537920764937183,0,Debit Card,Occasional,1
CUST003816,10,229.12699036742455,2324.7231371153653,6,53,1,107.75120890188028,2,1,0.16427532913189458,0.2508182093046599,1,Debit Card,Occasional,0
CUST003817,41,16.550148755956393,648.5512637328419,4,81,0,68.92217989056954,2,4,0.3071329133576793,0.27923755430979186,1,Credit Card,Regular,0
CUST003818,41,4.775389669877641,180.83736516277335,11,62,1,17.196067697967564,5,0,0.19026304814692263,0.26523546951683086,0,Credit Card,Regular,0
CUST003819,15,44.355686193492325,581.7295825453792,13,40,0,34.00607944849189,2,2,0.21009521533660608,0.38836515090995877,1,Debit Card,Premium,0
CUST003820,10,111.57928392290204,1230.1360011972545,13,6,0,32.397318351563314,3,2,0.3416655506614005,0.36428111638068206,0,PayPal,Regular,0
CUST003821,10,90.39703419844064,924.4063119675498,11,10,2,128.66939164833025,6,0,0.08018422813884872,0.08936724582601276,0,Debit Card,Regular,1
CUST003822,39,50.476593302948416,1795.7822942984112,7,20,1,74.80111298547453,3,5,0.32714065002809684,0.25458049249335396,1,PayPal,Occasional,0
CUST003823,9,110.39862943431264,881.6161717158354,8,26,1,107.87056018583023,3,1,0.33212609819280575,0.2624578912121097,1,Debit Card,Occasional,0
CUST003824,5,67.80836724725395,341.53357701902155,15,45,0,13.327476787181766,4,0,0.25528184249587593,0.388462093524751,1,Debit Card,Regular,0
CUST003825,2,27.94445155621289,56.81299780611777,13,7,0,51.16832161211832,2,1,0.36075053281305675,0.15747291921063267,1,Credit Card,Premium,0
CUST003826,15,252.6083775062324,4052.4618108995464,6,4,0,32.22832627473285,3,0,0.2650210600992467,0.0434461555743988,0,PayPal,Occasional,1
CUST003827,15,4.275779469310262,64.23417582572176,9,19,5,36.18703724593905,4,2,0.18727737382213017,0.16077358757826957,0,Credit Card,Occasional,0
CUST003828,44,100.40750633134836,3785.6312540900008,13,5,1,43.543126680446285,5,2,0.1841064625325931,0.3474928241290182,1,Credit Card,Regular,0
CUST003829,6,86.11992649193633,487.281309731564,6,35,2,46.44799977530069,4,0,0.5925109892014804,0.2819480778133453,0,Credit Card,Regular,1
CUST003830,11,87.8422254034819,939.3605279183876,7,25,1,41.95043627732211,3,2,0.1737026308971094,0.20850874899939403,0,PayPal,Regular,0
CUST003831,39,172.42071659288686,7485.889789147511,15,40,0,20.548540224209468,2,1,0.1110161959597663,0.39822318278310964,1,PayPal,Regular,0
CUST003832,41,32.25970854203427,1501.1594198622458,12,1,2,130.28493739088108,2,1,0.20058264078752075,0.36833262213785917,0,PayPal,Regular,0
CUST003833,11,30.67575446823067,346.2927424988878,8,100,0,56.813751765731915,2,1,0.2339152915157064,0.5202614825156189,1,PayPal,Regular,0
CUST003834,14,172.72606121429723,2553.021470782565,10,0,0,153.59762792829557,5,1,0.42833287692714583,0.3121660387525644,1,PayPal,Occasional,0
CUST003835,8,128.81242374744048,923.4469304299174,9,11,3,103.59413157294463,3,1,0.29233326633111484,0.6381407858891647,0,PayPal,Premium,0
CUST003836,64,220.46341216770017,14964.173994035793,7,34,1,36.95620900849006,3,3,0.4716305749181934,0.35695923165495813,0,Debit Card,Regular,0
CUST003837,3,70.51360826814195,181.41674751589522,13,1,2,103.26403240757634,6,3,0.12723540493680152,0.5036537294163556,1,PayPal,Premium,0
CUST003838,65,68.70095854608266,5043.314764158955,8,2,1,22.81765871481411,1,3,0.22873584033621988,0.1803364769563084,0,Debit Card,Regular,0
CUST003839,27,160.2289912467571,4216.005174926155,13,2,0,37.218175714412446,2,2,0.1275523787667572,0.28051004791619066,1,Debit Card,Occasional,0
CUST003840,18,199.69830625262256,3581.743085409668,7,26,3,44.845228580106166,2,3,0.2564369917253851,0.35379212196756765,1,Debit Card,Regular,0
CUST003841,0,28.28329711933054,0.0,12,67,1,53.67051613304943,3,0,0.4134199589004336,0.5611269623021317,1,Debit Card,Premium,0
CUST003842,15,305.0109084322672,5723.278881737089,11,24,1,38.551184081705536,4,6,0.3076242266370896,0.283203136684379,1,PayPal,Regular,0
CUST003843,12,57.10997407048307,696.519027420759,9,27,2,49.4514155302985,5,0,0.6531655976958858,0.3396582202054431,0,Debit Card,Regular,0
CUST003844,4,99.69376906256339,364.41817761593353,11,12,3,63.94997698737442,6,3,0.29899154184348214,0.27286360526789877,0,PayPal,Regular,1
CUST003845,25,127.33644494607954,3530.290255187361,11,0,2,50.976507253955205,3,2,0.2756447263704843,0.08083694059929306,0,Credit Card,Regular,0
CUST003846,85,175.70327544789,15976.815481069005,11,0,0,45.9122893005935,4,1,0.535032328236872,0.06295317597782818,0,PayPal,Occasional,0
CUST003847,19,142.28272276175767,2829.777262258935,6,65,0,95.16917165858304,3,1,0.2989720588861011,0.3481018401661604,1,PayPal,Regular,0
CUST003848,30,89.38335650812195,2987.529287113006,11,3,0,102.15691388398844,4,4,0.34655705565640643,0.4803486200960543,1,Debit Card,Regular,0
CUST003849,1,141.28957298022027,130.49988913083845,11,253,0,71.08412976168975,4,2,0.38141433179984124,0.19740113725686748,1,Debit Card,Regular,1
CUST003850,12,62.476228303904236,733.0296194119206,7,5,3,30.011313188847765,4,4,0.5759740590980509,0.3710076840619326,0,PayPal,Regular,0
CUST003851,2,52.845613013181904,96.24075045626562,10,33,2,23.03585073197654,2,0,0.1427556004015629,0.2984443126522745,1,Debit Card,Occasional,0
CUST003852,22,87.13780838547679,2083.169342473599,10,89,2,52.96795517950889,5,2,0.31553808932569377,0.10948877974848356,1,PayPal,Premium,1
CUST003853,66,192.60553118045308,14667.791709772962,9,13,4,34.531770501529685,3,1,0.3702540613064987,0.0952332124574633,1,Debit Card,Regular,0
CUST003854,26,125.24203701449963,3230.558285361526,2,39,5,64.36669843417303,2,3,0.24262440650916206,0.4600199241221396,1,Debit Card,Regular,1
CUST003855,1,58.29869187059366,63.44643216392961,5,12,1,26.73641043459647,5,1,0.22551464014798195,0.2892906238987177,1,Debit Card,Premium,0
CUST003856,10,79.0108097039041,797.3764349475283,8,10,1,103.41237656221202,3,2,0.3201442359304567,0.4959797570710566,0,PayPal,Occasional,0
CUST003857,19,165.95239850921124,2976.3135095320076,12,6,0,133.78293911565365,2,1,0.5765044140386776,0.4515181733953132,0,Debit Card,Regular,0
CUST003858,12,103.301556245725,1263.502002137716,7,51,0,54.405686395340716,3,1,0.23914260403112134,0.2878796469807965,0,Credit Card,Occasional,0
CUST003859,43,94.08305598397304,3978.420922272404,8,8,2,44.785159052236466,4,4,0.08250880698770817,0.23998368472150694,0,Credit Card,Regular,0
CUST003860,40,95.6856759039,3501.2333015188074,8,9,2,142.2689673856764,4,1,0.21247538120804568,0.2025249696813179,1,PayPal,Regular,0
CUST003861,22,29.78564030368433,681.8669453050841,11,206,1,80.14372894956962,3,6,0.14655822007274258,0.3241415723317763,1,PayPal,Regular,1
CUST003862,11,13.691264741811434,151.81302255099408,10,11,1,125.76139040262592,7,2,0.20105795190594608,0.19800051418795114,0,PayPal,Regular,0
CUST003863,7,179.50023603575397,1169.4993949626232,10,16,1,52.93007639922065,4,2,0.23498182608886628,0.2816102460104926,1,Credit Card,Regular,1
CUST003864,2,86.65821052292054,196.4933789508848,13,138,0,30.53531003993256,3,1,0.6209575994691047,0.41083313879738975,1,PayPal,Premium,0
CUST003865,10,97.63557299743103,993.0204574840235,8,13,0,54.62608497804152,0,2,0.15671966618683678,0.2931578021788925,0,PayPal,Premium,0
CUST003866,12,59.90704064566435,608.6098797041611,10,13,1,95.37799530516146,1,3,0.28044276075152164,0.2954999006608495,1,Credit Card,Premium,0
CUST003867,27,223.00485620491705,5471.973470138856,9,52,1,79.09837405435883,2,2,0.49481573421973235,0.2676422416060809,0,Debit Card,Regular,0
CUST003868,25,55.60312330020769,1295.9707468742822,8,11,3,48.165552202788604,6,2,0.29722979691358076,0.21135357172916652,1,PayPal,Premium,0
CUST003869,1,67.32347810845202,63.29940604827248,14,7,2,23.886592110052884,2,2,0.12303127570495838,0.20619277769130015,1,Credit Card,Occasional,0
CUST003870,12,176.99791939284546,2606.551930335285,11,16,0,45.437825908058294,1,2,0.23860708035725356,0.27378443165673344,1,PayPal,Premium,0
CUST003871,4,57.177324366681546,177.6605043921609,5,36,0,24.167368414754517,3,3,0.4131130983746402,0.15841863431621514,1,Debit Card,Regular,0
CUST003872,4,98.74675301109515,441.8273246540934,10,1,3,141.47924435029478,2,2,0.39741106445652885,0.3564794093381402,1,Debit Card,Regular,0
CUST003873,42,24.272684854976855,1179.627837066262,6,14,1,10.255196325538027,4,2,0.34048321893053163,0.08609646039534449,1,Debit Card,Regular,0
CUST003874,1,39.23093663085923,30.10164693803753,6,12,1,32.810764816800116,2,5,0.59862244072589,0.40267890078007024,1,Debit Card,Premium,0
CUST003875,13,20.59145733950282,277.7216968156437,7,8,3,44.79606009522372,2,3,0.45595633979158956,0.05751087861511464,0,PayPal,Occasional,0
CUST003876,4,89.92635936329133,444.64260066220305,11,31,0,76.43088329857369,0,0,0.5832930624550299,0.21667107598120247,1,Credit Card,Premium,0
CUST003877,50,94.41321317249903,4566.873183126756,3,10,2,62.720795956388436,1,3,0.46805041313876866,0.2890149763418439,0,Credit Card,Occasional,0
CUST003878,19,98.69847480969531,1903.418285865869,11,27,1,14.634824153477112,3,2,0.26560280892931976,0.2706772102020909,0,Debit Card,Occasional,0
CUST003879,6,69.24128794165445,316.4934842809274,10,21,2,35.74155486853356,3,4,0.21520426113836405,0.35525356760329824,1,Debit Card,Regular,0
CUST003880,16,72.26033093824165,891.1612925212871,9,7,0,41.364460698011236,4,2,0.2725354395565829,0.27797317636296925,1,Debit Card,Regular,0
CUST003881,31,48.74281868482437,1529.0589753962347,6,9,2,41.59516122510203,2,4,0.26621560605347944,0.6249222243048985,0,Credit Card,Regular,0
CUST003882,76,62.190185176013834,4329.130905499137,8,5,2,60.48417007150971,5,4,0.2086537947454324,0.14559067827654243,1,PayPal,Premium,0
CUST003883,5,25.58619385158333,131.99414982181736,7,1,2,111.58057961520598,3,2,0.3208993675884646,0.1858158331708684,1,Debit Card,Regular,0
CUST003884,52,110.21615495356625,5998.157556847891,13,28,2,19.424461753014874,1,1,0.2671068731295868,0.10081063496650997,1,PayPal,Occasional,0
CUST003885,65,147.0697899227653,9893.405084007656,11,33,1,58.86537057521672,5,0,0.27964437320197016,0.15048037014021945,1,Credit Card,Premium,0
CUST003886,59,74.20269999154588,4203.399934548788,11,5,2,23.578311235446705,3,1,0.5892531078696764,0.22225029093233994,0,Debit Card,Regular,0
CUST003887,24,72.50625145313447,1744.5525682316916,11,28,0,88.91948049573202,2,1,0.3061926042324383,0.32179838898797725,1,PayPal,Regular,0
CUST003888,23,90.16003951822016,1952.4241541192152,12,120,0,69.32270081568957,4,3,0.02815170744177222,0.49784817943254756,1,Credit Card,Regular,0
CUST003889,12,218.95453463484046,3102.3998975711406,9,2,0,15.066402328690458,3,2,0.5330063801398295,0.45517806586929466,1,Credit Card,Occasional,0
CUST003890,33,79.13516382151204,2972.5961698477295,10,20,2,85.27817734567698,3,1,0.2135330061393502,0.1217084650665979,1,Credit Card,Regular,0
CUST003891,18,84.53581962320659,1547.3311886418346,7,39,0,57.751992113605624,4,1,0.08497288722298176,0.1323777300351148,0,Credit Card,Regular,0
CUST003892,27,382.91442861701984,7726.232937012952,14,1,1,16.45020077408602,4,2,0.26996268449580874,0.6554868290856052,1,Credit Card,Regular,0
CUST003893,13,70.50493151795004,997.7645079108509,15,45,1,49.52878343458362,2,0,0.12637403003707262,0.22840577196805878,0,PayPal,Occasional,0
CUST003894,31,108.16828843690342,3441.60299894736,10,116,1,69.03761889446153,5,0,0.1911039206565055,0.22218026085148862,1,Debit Card,Premium,0
CUST003895,41,104.89167630417191,4219.445767540208,7,2,0,211.5161262528582,2,1,0.21281343377229814,0.3379897132137811,0,PayPal,Regular,0
CUST003896,3,63.31216136724696,185.4578292835971,10,51,0,25.959135862272518,5,4,0.19364204585251463,0.16574959536384679,0,PayPal,Occasional,0
CUST003897,42,113.38857511457351,4681.044926245045,16,14,1,13.433581583598752,5,0,0.14543005738651107,0.385388030534135,1,PayPal,Regular,0
CUST003898,18,22.041425432289603,389.0720968642311,9,4,1,35.69689831578936,1,1,0.5758382587805505,0.09395796274127217,1,PayPal,Regular,0
CUST003899,44,72.34143421259667,2929.472429271787,8,20,1,62.75247396391219,3,4,0.18938072499004124,0.18278305426937264,1,Credit Card,Occasional,0
CUST003900,13,38.39933101917225,577.5364361325844,13,2,1,62.958580146265504,4,1,0.1646666035710914,0.0913848802622933,1,PayPal,Regular,1
CUST003901,11,115.46897502298863,1147.9145185460536,14,22,1,53.7792805419927,7,3,0.12948117119364258,0.38170837842991334,0,Debit Card,Occasional,0
CUST003902,59,18.537749181717036,1266.0026062037266,9,0,2,52.56155839648507,4,1,0.2267540678614988,0.3720406920979521,0,Debit Card,Occasional,0
CUST003903,6,133.48051282529852,861.5581480904793,5,39,0,47.657485772407526,2,2,0.061006865808358526,0.1972700954060416,0,PayPal,Occasional,0
CUST003904,44,3.7167952079018645,181.14775424201034,9,20,0,45.159186958186545,1,1,0.5263604409413789,0.34100217323734666,1,PayPal,Occasional,0
CUST003905,15,110.13210261269894,1605.2461513961405,8,18,0,115.61887979827006,3,1,0.13181566720791343,0.5775414977245255,0,PayPal,Occasional,0
CUST003906,17,32.87567452932728,530.532429328112,10,6,0,28.719891099288752,6,2,0.27614275535566046,0.1437147791146192,1,PayPal,Regular,0
CUST003907,8,50.6715602827555,488.3344475534649,12,13,0,38.264454108839914,2,1,0.05930134303097358,0.4547025404133058,1,Debit Card,Regular,0
CUST003908,20,69.50384637973072,1239.4107537284715,11,6,0,19.187850625322092,4,1,0.32628965883451716,0.13118933035226552,1,Credit Card,Occasional,0
CUST003909,9,229.70527588108757,1698.2189615385876,9,39,0,65.04900311046566,2,3,0.3673284904837278,0.2513964486342679,1,Credit Card,Premium,0
CUST003910,0,32.52166753722685,0.0,12,6,0,93.62031953444806,2,2,0.19596283546195964,0.2670333544401937,1,PayPal,Regular,0
CUST003911,7,81.53785515940832,563.0700664936027,7,28,0,55.02964016272516,6,1,0.07988527938178405,0.44626812196098786,0,Debit Card,Occasional,0
CUST003912,0,188.04836493444492,0.0,10,9,0,119.16846641165854,3,4,0.2732103426103792,0.18668818893565345,1,Credit Card,Regular,1
CUST003913,91,84.38788409803398,7636.818684040194,10,32,1,49.275152244822905,2,1,0.2714265809706938,0.11689200014349736,1,Debit Card,Regular,0
CUST003914,80,122.3661003578192,10004.603391827019,9,23,0,18.68571812323662,2,2,0.632932708464108,0.4398484667189581,1,PayPal,Premium,0
CUST003915,12,170.59040568707934,2030.3624300678373,8,16,0,72.52162952280491,4,2,0.054229838903483485,0.5479094185467943,0,PayPal,Regular,0
CUST003916,31,49.6693827380756,1678.8223953324018,11,33,2,13.278740637191117,3,2,0.049693413402078515,0.5069373353024984,1,Credit Card,Occasional,0
CUST003917,10,54.8346039002323,590.9170150951322,12,16,1,31.057016943320413,5,3,0.2902180097255647,0.3261630408596422,0,Credit Card,Occasional,0
CUST003918,26,31.995804585094966,824.0754896499398,13,51,3,46.09734051252623,3,2,0.14618425906985838,0.4459515885593299,0,PayPal,Regular,0
CUST003919,39,189.57940232387304,7723.462991540788,10,39,0,29.522639564236528,3,2,0.2264679596834693,0.3365974113590341,1,Credit Card,Occasional,0
CUST003920,70,253.5036241689612,18075.349186838157,7,23,3,175.61744923177235,5,2,0.09281596243645938,0.41590688630446565,0,Credit Card,Regular,0
CUST003921,12,24.038784414639565,287.90556925131466,11,62,0,54.06842514005193,1,1,0.08719789717600905,0.4342955663748835,1,Debit Card,Occasional,0
CUST003922,36,101.60233073012881,3664.869834211386,9,52,1,52.77325370355534,3,2,0.19152143994707735,0.13719793086745916,0,Debit Card,Regular,0
CUST003923,7,50.18833634162052,370.51002883419517,8,22,1,69.91646902259122,3,0,0.04767574836796303,0.3588320445019554,1,Credit Card,Regular,0
CUST003924,111,52.69501863144358,6454.275323264678,3,2,0,28.526159122791952,3,3,0.48100652790940046,0.2929466071915357,0,PayPal,Occasional,0
CUST003925,0,127.22697529522307,0.0,13,25,2,75.15249331730442,2,1,0.20635370658438437,0.38246678291903186,1,Debit Card,Regular,0
CUST003926,22,86.79891802288748,1788.111003945833,6,13,2,85.02270675622378,1,1,0.4741578097345196,0.1927708312917298,1,PayPal,Regular,0
CUST003927,25,118.93025574706795,2879.5918825046742,9,23,0,70.9177522786606,3,2,0.33800495840366773,0.5487295307589002,1,Credit Card,Regular,0
CUST003928,27,248.8317120259382,6644.169823927669,14,31,0,181.16041088478073,6,1,0.5594075676212358,0.26429919116500245,0,Debit Card,Premium,0
CUST003929,3,105.3641397416214,305.88673680124003,4,31,1,36.339427921194094,2,3,0.41615753311090575,0.5718855796274587,0,PayPal,Premium,0
CUST003930,66,130.4583348757363,8065.250649287579,11,33,0,49.028193322360096,5,3,0.6716693774041078,0.5660141208372612,0,PayPal,Premium,0
CUST003931,4,166.2402134203161,743.5066434841622,10,34,1,18.72779968211967,4,5,0.32181756071172973,0.4754016491355759,0,Credit Card,Regular,1
CUST003932,23,45.98808060982899,905.4358399547339,13,3,0,45.49327889543834,2,2,0.5780429043317119,0.1984774372631904,1,Debit Card,Occasional,0
CUST003933,6,139.33996780203796,915.4263355505966,16,6,1,51.16960499892624,3,2,0.40824623292796575,0.49169496630260007,1,PayPal,Premium,0
CUST003934,8,51.57592617041519,421.5506087565328,9,29,2,65.80852848447095,2,0,0.27584370287684795,0.14950675924121726,1,PayPal,Regular,0
CUST003935,18,26.569268397477487,550.4937284150952,8,15,1,51.83730400327554,2,2,0.03970346371084918,0.37755187572356325,1,PayPal,Regular,0
CUST003936,12,112.11924681178411,1100.47553341713,7,43,0,28.519902869773574,3,1,0.3724397818033896,0.4447157098619601,1,PayPal,Regular,0
CUST003937,4,29.530334696674675,122.2032603238776,11,4,1,70.1505505812284,4,3,0.3197379874847788,0.17148831965926845,1,Credit Card,Regular,0
CUST003938,4,87.25683922684351,356.91369321252125,16,6,0,64.05310991715939,2,3,0.5388505957026567,0.17215838552971177,1,Debit Card,Occasional,0
CUST003939,12,72.68406035919399,923.6914687532906,13,24,0,46.57148902254562,4,4,0.3303730686583917,0.3683247819952023,1,Credit Card,Occasional,0
CUST003940,33,207.335055847678,7917.784867142206,14,20,0,37.774498704420914,2,3,0.22528416113701852,0.4934633253784463,1,PayPal,Regular,0
CUST003941,54,29.357239461171524,1805.8378714650105,12,9,1,30.932602933491594,5,0,0.4696929859724542,0.11234068576427127,1,Credit Card,Occasional,0
CUST003942,2,105.85332069069553,211.72657482265168,10,15,0,108.78684283882139,7,2,0.4774682101203068,0.5572665928635876,1,Credit Card,Regular,0
CUST003943,11,41.994481626257624,435.53588470362854,10,1,3,82.38221989167775,5,0,0.23480278137442553,0.662156713798412,0,PayPal,Regular,0
CUST003944,2,18.616646852612455,36.7676339064898,9,1,0,80.49044307324415,3,1,0.5133426509474798,0.4091139683576165,1,Credit Card,Regular,0
CUST003945,0,10.171950854318835,0.0,10,2,3,51.02280277729756,2,2,0.6686068047139563,0.5171245345575206,0,PayPal,Regular,0
CUST003946,26,30.4318783349256,707.1446161508649,14,25,0,91.90799815807719,3,2,0.10991751640260568,0.19445424601302316,0,PayPal,Regular,0
CUST003947,22,29.179994592587143,573.7781333953392,11,59,1,59.63426373414415,5,1,0.39994743968311763,0.4318523973488171,1,PayPal,Occasional,0
CUST003948,4,10.696688228216923,40.6014847442135,6,9,2,100.29536255441667,0,7,0.22648798258148733,0.352260575189456,0,PayPal,Regular,1
CUST003949,6,152.5232809770833,916.659683528085,9,1,2,49.87375696120008,3,3,0.2503527726235216,0.32155162585948915,1,PayPal,Regular,0
CUST003950,0,180.79080281356323,0.0,10,36,2,30.418840840089636,4,1,0.11730134657054506,0.44396031624611676,0,Debit Card,Premium,0
CUST003951,43,44.265327345348766,1873.525876935032,20,58,1,51.67712656283811,3,5,0.12223239106092187,0.2602860821978965,1,Debit Card,Occasional,0
CUST003952,88,58.41327503449063,5875.455912946366,9,4,0,8.449577210382754,4,1,0.17279963401911422,0.32514565457235217,0,PayPal,Regular,0
CUST003953,3,68.62669351859405,189.7112060629857,8,14,2,90.06179030306907,2,1,0.3323705891936846,0.2909099503077435,0,Credit Card,Regular,0
CUST003954,6,165.9879871956115,1045.2839959874295,13,5,2,27.67956723876334,1,3,0.06789368658290253,0.33782826495613294,1,Credit Card,Regular,0
CUST003955,48,168.3208596533693,8835.463372381082,9,3,1,32.549649055605755,3,1,0.1977438290067608,0.2070954744355596,1,Debit Card,Regular,0
CUST003956,62,104.45409281286997,5540.110856641086,10,31,1,40.88755490531345,3,2,0.4549064224314795,0.42877157390378395,1,Debit Card,Occasional,0
CUST003957,13,101.9094026238484,1248.049683518922,17,102,0,30.669919741583023,2,2,0.42324044489471374,0.48112009298810415,1,PayPal,Regular,0
CUST003958,1,54.317993877777916,51.71197286066188,5,34,3,67.49756955824489,3,1,0.058288655493460274,0.20587216671184938,1,PayPal,Premium,0
CUST003959,0,10.351287386303559,0.0,4,125,1,98.04111084441249,2,2,0.08185101520387209,0.24221168779526855,1,PayPal,Occasional,1
CUST003960,20,66.54613557528599,1325.98269205148,4,17,2,101.48380048015122,2,2,0.3889946414491702,0.12543856383295052,1,PayPal,Regular,0
CUST003961,11,188.62101648599642,1854.6889436055287,8,68,0,45.45715953546338,2,3,0.4090804426833564,0.3129194765886399,1,Credit Card,Regular,0
CUST003962,0,47.92168487786993,0.0,9,6,3,33.9265345497184,2,3,0.29349889474345403,0.16351361233958608,0,Debit Card,Premium,0
CUST003963,21,61.777726898586174,1293.1781158386518,8,3,1,94.27879454265681,2,1,0.10315895637671592,0.3610814641584359,0,Credit Card,Regular,0
CUST003964,0,143.21885057911803,0.0,17,36,1,23.85272927337692,2,1,0.19627590127173203,0.447330242920896,1,PayPal,Regular,0
CUST003965,37,59.6594540406211,2154.9446432594473,11,13,0,86.78500693701179,4,3,0.09305256151350064,0.5809881296325308,0,Credit Card,Regular,0
CUST003966,8,68.57591935888914,636.0056605263003,13,11,1,69.28925296998997,3,1,0.4577596093906904,0.35163494011952096,1,Debit Card,Regular,0
CUST003967,0,145.50614167743856,0.0,9,33,1,66.23140204531322,4,1,0.1860643464497584,0.3192689844800444,0,PayPal,Premium,0
CUST003968,21,10.161524797338009,219.25637399983344,9,12,1,34.67755536630534,3,2,0.06736757188106873,0.1599307825971221,1,Debit Card,Regular,0
CUST003969,12,28.46092530366338,260.7643581261262,12,25,1,82.20641212828097,3,0,0.304239597022854,0.11499967235429842,1,PayPal,Regular,0
CUST003970,87,269.84004220988544,22561.42031933678,15,10,0,53.87684177620599,4,1,0.18786063650579332,0.27822039868422216,0,PayPal,Regular,0
CUST003971,18,144.76449604283056,2517.277061613194,11,45,1,84.0551333995662,1,1,0.2831788011759041,0.33505538039246496,1,Credit Card,Regular,0
CUST003972,7,158.33958441079275,1124.1882222512586,4,11,2,17.230272289174017,0,2,0.3673818013130362,0.15602930764761466,1,PayPal,Premium,0
CUST003973,29,102.473325169701,3011.1720831031207,10,22,0,10.826138777988913,2,3,0.4103124684260119,0.3874145688811626,1,Debit Card,Occasional,0
CUST003974,7,112.09659422612552,828.7815837368848,11,0,2,154.06568021110374,8,1,0.1815742242750527,0.2136610173379896,0,Debit Card,Regular,0
CUST003975,56,49.31024087013602,2833.8291600179587,7,47,2,16.324615786814977,4,1,0.3132996607284253,0.18175075543262662,0,Credit Card,Premium,0
CUST003976,11,66.24676718619548,737.695770284874,11,29,0,107.77734519874085,3,4,0.3870020378849825,0.448026562745379,0,Credit Card,Regular,0
CUST003977,19,161.68079196609122,2755.318103351529,2,6,1,77.70197391462702,4,1,0.3155889352914204,0.23135079356240484,1,Credit Card,Regular,0
CUST003978,1,56.28214891228372,55.07608732073258,8,7,2,82.77980899237247,5,2,0.6895418526764547,0.32563705388039715,0,Credit Card,Regular,1
CUST003979,13,47.92250361315519,654.234637002595,4,9,1,12.70513437648894,4,1,0.19047174577231846,0.209298830852363,1,PayPal,Regular,0
CUST003980,42,81.15105441488743,3341.773536465925,8,25,0,72.66183801824164,2,5,0.394080471702819,0.20603273631244856,0,PayPal,Regular,1
CUST003981,39,103.01411554274684,3664.6895931254503,16,23,2,52.71218607545488,2,0,0.04767845644656734,0.39472244793118544,1,PayPal,Occasional,0
CUST003982,6,196.7044242573509,1126.3141523326458,10,9,0,23.989532607780816,3,5,0.41106937499468255,0.6116461773319533,0,Debit Card,Regular,0
CUST003983,6,436.5860176264153,2277.758398504093,6,35,2,36.254658093389835,2,2,0.04866410556578398,0.45515626543833243,0,PayPal,Regular,0
CUST003984,40,36.02267899552163,1476.5275447421745,9,65,3,47.376600454160155,1,1,0.33169885876466004,0.13283651891629272,0,PayPal,Occasional,0
CUST003985,63,133.24492076311282,7735.87492012063,4,1,3,44.07419295115506,1,1,0.08612490686925023,0.22503336954746647,1,Debit Card,Regular,0
CUST003986,2,88.32412638984388,198.49836849096067,6,16,0,131.25365317693056,3,2,0.7420599800972035,0.21432050446913165,1,Credit Card,Regular,0
CUST003987,14,13.358399584664898,223.85808012402435,11,27,0,42.342721848349754,1,5,0.310758633452175,0.6282195526084753,1,Credit Card,Regular,0
CUST003988,9,226.68703219936765,2272.529531604823,9,26,0,99.64455814503384,1,0,0.19485165889581402,0.2678039106981404,1,Debit Card,Regular,1
CUST003989,49,60.34706725097474,2990.016933075882,12,0,0,63.80787996389885,3,2,0.09371047986191458,0.2855403079426907,1,Credit Card,Occasional,0
CUST003990,2,57.43490251444888,96.87283939919223,9,7,1,15.870330129166588,5,2,0.19892137362401752,0.37353191074783804,0,Credit Card,Regular,0
CUST003991,5,226.63269500046647,1217.6332495414008,11,1,2,22.589587561963764,1,2,0.3469771824480058,0.12200082761213536,0,Debit Card,Occasional,0
CUST003992,33,79.17929867091479,2992.140118056538,8,25,0,17.84345872793594,6,2,0.4794940413639435,0.1922093411624053,0,PayPal,Premium,0
CUST003993,1,183.19055494498858,164.51798011008708,7,31,1,63.36848004784515,2,3,0.17753600855598856,0.41652346993322453,1,Debit Card,Regular,0
CUST003994,16,68.55194524157969,1068.0106408926015,8,5,1,72.64473469103807,1,2,0.5111082405042432,0.39649617057073033,0,PayPal,Regular,0
CUST003995,14,120.1361274954971,1844.0559341574678,8,12,2,35.263979219173265,3,4,0.196919766800841,0.1434557587918824,0,Credit Card,Premium,0
CUST003996,9,75.13048043950147,729.210832699465,15,12,1,78.9473537467832,4,3,0.1520794703110409,0.19532889699389688,0,Credit Card,Regular,0
CUST003997,12,41.47141949895501,514.5585191662074,13,51,2,63.05620019951559,5,4,0.21058749846131172,0.37912295850634026,0,Debit Card,Regular,0
CUST003998,18,122.94191306466291,2388.1962362694558,13,6,3,86.15205872734785,3,1,0.324145320706052,0.25419940437510946,0,PayPal,Occasional,0
CUST003999,4,143.4285532962268,513.5103385270804,5,23,1,64.24804345093548,4,1,0.3242003041952101,0.412055988659944,0,Credit Card,Occasional,1
CUST004000,20,83.42808764348119,1773.1941664817514,14,45,0,75.50422080428491,0,1,0.41928601723956255,0.42608613970323667,1,Debit Card,Regular,1
CUST004001,39,10.395726533447082,441.6622521807039,10,53,1,38.304133071122315,2,0,0.40377841739048165,0.25853753505021293,0,Debit Card,Premium,0
CUST004002,34,29.440460864839675,1052.574838799338,8,32,2,54.54559702993359,0,0,0.21240680607651255,0.20304951352947812,1,PayPal,Premium,0
CUST004003,4,53.86190579704184,219.1432494546566,12,10,0,32.41406183026684,2,3,0.04847908096452072,0.19905644363812805,1,Credit Card,Regular,0
CUST004004,3,214.78454009983946,687.3481241484563,14,51,0,133.39466154814144,3,3,0.5757388841017572,0.3876575133216489,1,Credit Card,Regular,0
CUST004005,7,79.96016539266536,526.0519556921273,5,40,2,76.96654346543568,4,2,0.31150681893825516,0.32578587190594166,0,PayPal,Regular,0
CUST004006,10,212.19543764120843,2391.930697516668,17,36,0,61.99489880863511,5,2,0.2666837726456422,0.7226275420682697,1,Debit Card,Regular,0
CUST004007,12,168.13723347348605,2194.992967871055,12,2,0,17.978794369576242,3,2,0.24966334854978142,0.11710763355951145,1,Debit Card,Regular,0
CUST004008,27,57.302521246041835,1648.7574423525575,6,1,0,97.67958874921894,2,3,0.4579995084269777,0.1892319575150856,1,Credit Card,Occasional,0
CUST004009,1,96.92146752631481,89.65924342582402,15,35,2,108.40137524980022,0,3,0.25874072530131925,0.28356613261671393,1,PayPal,Regular,0
CUST004010,0,146.01552650671778,0.0,8,86,1,24.29251019052836,1,3,0.5724766213445024,0.1792107087759427,0,Credit Card,Premium,1
CUST004011,11,43.40676165171605,522.4444295908764,10,44,1,51.43613501335146,1,3,0.2977298759828803,0.4031422505562229,0,PayPal,Regular,1
CUST004012,28,138.28988644230543,3612.3749861427937,14,53,0,58.581127308995846,7,2,0.21207028113787083,0.18646779605786878,0,Credit Card,Occasional,1
CUST004013,5,126.7564914545478,619.6623354429141,12,23,1,28.26907585923169,1,2,0.23603379689276419,0.4428671936825182,1,Debit Card,Regular,0
CUST004014,24,41.29742886511513,1036.1269576634568,10,10,0,40.23769551768345,3,3,0.14551463296144596,0.22096251217106638,0,Debit Card,Occasional,0
CUST004015,7,118.34447399407108,827.0034658768951,4,33,1,37.03207372612347,3,1,0.40216541907340525,0.47862116744793276,0,Debit Card,Occasional,0
CUST004016,52,76.96220682294738,4287.94324827145,7,37,1,94.58942126523687,3,1,0.30002378782696176,0.19754604472982046,0,Credit Card,Premium,0
CUST004017,54,23.47355825515828,1328.6936716094192,12,33,0,123.82733440119966,3,2,0.42960997002815615,0.3606539179010606,1,Debit Card,Regular,0
CUST004018,8,53.863809386540495,402.0861900555226,10,87,1,46.90659561804003,5,3,0.23287790549453746,0.28128810543445243,1,Debit Card,Regular,1
CUST004019,6,52.23490022269591,343.8442858166533,11,13,2,70.6595871718468,10,3,0.7177765607344477,0.3173432679871254,1,PayPal,Regular,0
CUST004020,12,240.69769584743423,2386.051969378148,11,1,2,15.68979190767033,3,3,0.30127619167583586,0.3573535710121173,1,Credit Card,Premium,1
CUST004021,6,29.93101343009975,195.70159453129213,8,71,2,106.10804302727178,1,3,0.3471598323560729,0.34322982880751707,1,PayPal,Premium,0
CUST004022,26,47.856112888916996,1124.709745052273,7,5,0,72.36206536517761,5,3,0.15645914307799214,0.2595189563882631,1,Credit Card,Regular,0
CUST004023,41,110.64549042084938,4592.373427146448,8,35,0,58.410375106097305,3,3,0.09196227397023303,0.44272978994310136,1,Debit Card,Occasional,0
CUST004024,26,86.80420403066826,2067.3430544026796,12,61,0,50.29068407922283,5,3,0.18067977530742713,0.409078694290761,1,PayPal,Premium,0
CUST004025,41,71.22381964348857,2803.60744576842,12,11,0,32.37486051444263,5,2,0.13222086993230606,0.3696970052875753,1,Credit Card,Premium,0
CUST004026,12,70.1768896112028,755.4064354081942,4,53,1,94.64899301568208,8,2,0.17675728803836582,0.23051598689103284,1,Credit Card,Regular,0
CUST004027,4,159.4973464791495,691.6472367800205,9,12,0,75.16599993785012,1,4,0.3659537535955652,0.10806171203940843,1,PayPal,Premium,0
CUST004028,32,42.106530917506156,1218.5813065341836,3,47,0,86.01721604384261,6,4,0.3639539061239938,0.25362960995725486,1,PayPal,Regular,0
CUST004029,10,31.999166774294324,280.9401422806184,11,2,1,56.5038684693868,1,1,0.17400388089389282,0.3869744246020855,0,Debit Card,Regular,1
CUST004030,26,10.002091836618812,277.36207420296256,8,31,1,102.64253939379071,1,3,0.34614686867895944,0.20972308187557107,1,Debit Card,Occasional,0
CUST004031,7,56.325963783100285,361.02916678806014,6,33,1,34.0215489901965,3,1,0.043250239941167244,0.27327803320590627,0,Credit Card,Regular,0
CUST004032,2,24.86119553533604,52.302824052925246,4,20,0,117.47103115318944,2,3,0.10768299609975167,0.33666492051419383,1,Debit Card,Premium,0
CUST004033,117,64.7006026571785,7248.954448860201,14,34,0,99.04778809706691,1,0,0.22661614624887486,0.12532900067902744,0,PayPal,Occasional,0
CUST004034,4,14.322844118472261,69.28952482582189,10,76,0,63.4419572482971,2,0,0.1119135815461083,0.13984567375036788,0,Debit Card,Regular,0
CUST004035,107,63.92730228761822,6887.743097085162,15,39,1,28.2980049187928,1,3,0.46627478799945027,0.3322775080303511,1,Credit Card,Regular,0
CUST004036,90,104.29639453225674,9107.313813144307,12,97,0,96.57292992580639,2,0,0.3331371495954366,0.2810210379869841,1,Debit Card,Occasional,0
CUST004037,37,80.47892294282948,2387.973931860806,9,17,1,150.0968704224196,5,0,0.15982954576582345,0.2332305774950474,0,Credit Card,Regular,0
CUST004038,25,130.00584223704365,3321.3591431608716,9,22,1,32.93976617958929,3,2,0.31549943755209076,0.24615985037429716,0,Credit Card,Regular,0
CUST004039,20,179.0865286258594,3474.128339360598,8,9,4,45.374742108848594,1,2,0.48170519622247066,0.23989395493618326,0,PayPal,Regular,0
CUST004040,48,102.28294928640639,5575.635355011948,8,127,1,21.594605418258514,3,2,0.3320457460115122,0.3556021257467773,0,Credit Card,Regular,0
CUST004041,8,81.99803540342731,695.5415694579901,15,1,1,28.683763308261277,4,1,0.221678859791635,0.474222955249842,0,PayPal,Regular,0
CUST004042,15,113.04394188945246,1704.8691412942878,11,13,0,59.86514002106985,4,2,0.3842215461154394,0.3383086060507777,1,Credit Card,Regular,0
CUST004043,23,104.91916192725878,2335.985764414415,10,10,1,123.51250556572651,2,3,0.22313457325497504,0.20070782306259355,0,Credit Card,Regular,0
CUST004044,12,146.92247940941252,1785.1372417689292,11,14,2,68.85496481966948,3,1,0.09552466928298294,0.2466630639137285,1,PayPal,Occasional,0
CUST004045,13,86.20762383052516,1079.616966468553,11,74,1,71.20154815571543,2,1,0.29874496075479645,0.07614167335191732,1,PayPal,Regular,0
CUST004046,9,27.168692120883183,253.63071858153864,13,13,4,67.71733882199683,4,3,0.16632955130621407,0.2491233538718699,1,Debit Card,Occasional,0
CUST004047,19,173.12650321864774,3570.687145580688,13,74,1,75.34926230047333,4,0,0.21046077857475134,0.27109133918868156,1,Credit Card,Regular,0
CUST004048,45,15.350942082273864,718.6395155891776,6,16,1,80.05471549576826,2,3,0.06803867913728989,0.3172217308221952,1,PayPal,Premium,0
CUST004049,5,138.27644104198427,509.47234099069345,8,57,2,95.2514842603906,3,2,0.12400411264433496,0.43606440335184704,0,Debit Card,Occasional,1
CUST004050,65,111.22091600171744,6475.379909412517,10,22,0,110.70388010518094,1,4,0.23866386839346732,0.3893215764563335,1,Credit Card,Premium,0
CUST004051,28,113.37706417000615,2842.3210121664156,12,11,0,38.180509135417736,1,0,0.08394026177210209,0.4162219529436501,1,Credit Card,Occasional,0
CUST004052,41,88.07709482036546,3586.7655615108956,13,17,1,91.73870048611583,0,2,0.35332748320329865,0.2901173912344991,0,Credit Card,Regular,0
CUST004053,19,46.25608617780293,954.5257865160055,8,16,0,124.69346598167355,5,3,0.315439608842442,0.19807452442408108,1,Debit Card,Regular,0
CUST004054,36,76.38147540264578,3199.046511945946,6,9,1,41.59220778400234,3,3,0.5270251064622273,0.1317673842957208,0,Credit Card,Regular,0
CUST004055,0,190.23973606754328,0.0,4,10,1,30.623490605184898,2,4,0.17199538760038435,0.09033721837266064,1,PayPal,Occasional,0
CUST004056,40,116.00616830233832,4168.243657708038,11,6,1,98.32128110877768,4,3,0.09214012090895408,0.3080870278833867,0,Debit Card,Premium,0
CUST004057,0,116.91784280395439,0.0,12,12,0,119.57351511142718,3,1,0.006467051914906636,0.24166181859606842,0,Credit Card,Regular,0
CUST004058,52,193.50282427687503,10131.081720633783,11,29,0,44.63419043871827,2,0,0.1452752620336306,0.22319800752509425,1,Credit Card,Regular,0
CUST004059,115,209.04509881234202,22490.21553612359,15,14,1,110.01050713660536,3,5,0.2460301143541997,0.26080241430178774,1,PayPal,Regular,0
CUST004060,8,142.77207426931992,1217.3548075661417,5,37,1,109.32044101091262,4,3,0.6249440566379609,0.25029669505956165,1,Debit Card,Regular,0
CUST004061,5,289.64115335443915,1451.9339070729118,13,130,1,48.50394402817074,4,0,0.37849557035185577,0.276271608057878,1,Credit Card,Regular,0
CUST004062,34,115.44607513942881,3169.3304207928945,10,14,2,36.19921918870796,6,2,0.1439887555482128,0.34283176736257887,1,Credit Card,Premium,0
CUST004063,7,142.4193646500382,943.4756651863721,9,18,1,39.048058763633684,2,1,0.4904500511825875,0.27530988377087356,0,Debit Card,Regular,0
CUST004064,48,164.581371816827,6803.446780713826,8,5,1,60.65817357894798,1,1,0.37258677351229946,0.2690966276393024,1,PayPal,Regular,0
CUST004065,2,202.04743689529718,433.1559293430248,8,14,1,33.86728698329822,5,0,0.2139900227985143,0.09417263008231833,1,Credit Card,Occasional,0
CUST004066,3,38.17356636863719,114.55527780637189,11,38,0,27.371092747017926,1,3,0.07707355857394242,0.18410109038472405,0,Credit Card,Regular,0
CUST004067,92,25.057397109106606,2541.9588887725276,12,7,0,36.963784126918554,4,3,0.10217973346714833,0.33498652917076865,0,Credit Card,Regular,0
CUST004068,26,28.94951905516294,746.6379235971366,7,6,0,92.86532146158201,1,2,0.5933328961503729,0.3014546372701961,1,PayPal,Occasional,0
CUST004069,45,56.618821917790875,2569.1756758394886,9,14,0,52.100156727481775,4,3,0.06808950876538702,0.23423579744621167,1,Credit Card,Occasional,0
CUST004070,9,168.51476775854383,1426.359917023887,5,51,3,32.55878746992629,3,2,0.3651226254979182,0.15899822986345644,1,Debit Card,Regular,0
CUST004071,27,68.96569794428282,1976.0988983399066,8,29,1,61.569530293881165,3,2,0.13446262162251274,0.14079909944986166,1,PayPal,Occasional,0
CUST004072,21,76.82838413436676,1648.2600068663785,13,94,1,66.7238393447131,2,0,0.24936249265173618,0.27183773875290934,0,Credit Card,Regular,0
CUST004073,22,25.082902671987927,620.1442560364793,11,70,1,24.752777290954008,2,2,0.16535486456231052,0.40468337502888274,0,Credit Card,Occasional,0
CUST004074,27,27.8829788641986,766.8663686854014,10,4,4,8.670369215745792,5,3,0.7380571116996899,0.29920696254177037,1,PayPal,Premium,0
CUST004075,20,55.10992523689689,1222.1424566959533,10,1,0,16.003478604728162,5,1,0.42208198854585144,0.4362926680350274,0,Debit Card,Regular,0
CUST004076,13,44.35911075217119,653.2959254701145,7,15,0,40.736314750279725,6,1,0.22124765977928998,0.21641051280056084,0,PayPal,Occasional,1
CUST004077,7,144.70165186864307,865.5457266261578,6,22,0,108.45462241712309,1,4,0.3592353439244359,0.42504667968586907,1,Debit Card,Regular,0
CUST004078,35,24.947009845084462,1029.9890294911092,9,21,0,126.22385052496135,0,2,0.4921990090782597,0.07407334531031441,1,PayPal,Premium,0
CUST004079,6,30.987460455890282,189.11858494837693,20,4,1,14.326673794377175,4,1,0.11459147504571651,0.3949834075601664,1,Credit Card,Regular,0
CUST004080,28,104.65147767519977,2847.158393858289,15,3,1,71.74011067645905,3,2,0.5965174214927699,0.13273462747098988,1,Debit Card,Regular,0
CUST004081,6,69.70080026673897,430.7315853581298,10,1,1,32.58473667396512,2,1,0.48735520322923515,0.4029744607495605,0,Credit Card,Regular,0
CUST004082,23,65.13409832597205,1414.6135172231964,10,57,2,35.70407008308894,3,0,0.30162132148736776,0.2503842381888277,0,Credit Card,Regular,0
CUST004083,32,167.0534668728017,4950.647175491111,9,88,1,43.51874115836363,4,0,0.2383920845664525,0.2523909872382635,0,PayPal,Occasional,0
CUST004084,5,66.66696686332034,353.09842095050124,8,3,2,39.001371193045394,1,1,0.6377455968323242,0.26839840116823566,0,PayPal,Regular,0
CUST004085,1,85.63094198550047,67.03865223343419,5,7,0,34.638067711362325,0,0,0.36131431431602484,0.20469063031081294,1,Credit Card,Occasional,0
CUST004086,3,55.55969762863538,160.15247208222297,9,2,0,85.39057557270688,5,1,0.16265382226133182,0.35214173330035137,0,Credit Card,Premium,0
CUST004087,22,76.99185181957375,1971.9474400960587,7,62,2,53.299472974048996,6,1,0.16790875957667983,0.19623487531240147,1,PayPal,Regular,1
CUST004088,45,148.11059631966384,6476.148472716673,11,95,1,43.68113613005547,2,0,0.49602352608662276,0.3432194723563888,0,Debit Card,Regular,0
CUST004089,1,61.14731689544834,63.60154238365059,9,9,0,35.00326506940254,1,2,0.0978201162231813,0.2758606616551933,1,Debit Card,Regular,0
CUST004090,31,95.8374405808888,3241.7295445829564,7,10,2,91.30270946250408,4,1,0.15830172996872266,0.3915024455065668,1,PayPal,Premium,0
CUST004091,10,61.83145778501375,660.2002872213399,17,13,2,29.154063734037628,3,2,0.14128009441532208,0.19343142660990328,1,PayPal,Premium,0
CUST004092,15,9.532087185836437,139.20904214388975,14,20,0,29.135950438704388,1,0,0.15088226282433664,0.1120180241839295,0,PayPal,Regular,0
CUST004093,63,45.47920642752842,3226.447483453459,16,34,1,45.68684011479309,2,3,0.3809191085778715,0.3610830853153207,0,Debit Card,Premium,0
CUST004094,9,54.293398199804614,510.0005835151841,9,21,0,95.44885441349763,3,4,0.5511182875014442,0.4423572548747931,1,PayPal,Occasional,0
CUST004095,15,85.06237986774904,1371.7061557247064,12,90,2,119.88566268739905,2,2,0.2010635845699416,0.3119960673622915,1,Credit Card,Regular,1
CUST004096,0,127.62948175530757,0.0,10,3,1,49.57280915128116,1,1,0.11029009381139794,0.2997480196744662,0,Credit Card,Occasional,0
CUST004097,2,71.70355383490364,153.22831372023643,8,48,0,30.634623138922223,0,1,0.4053722650976315,0.2877853509817644,0,Debit Card,Regular,0
CUST004098,7,60.19260402396088,403.65729172632484,10,12,1,127.54529850860175,5,3,0.28626997230556256,0.3566527567361225,1,PayPal,Premium,0
CUST004099,0,101.12795062454025,0.0,12,14,0,155.45884568429915,2,4,0.11338297926549758,0.057474501835176287,1,Debit Card,Regular,0
CUST004100,23,82.05616254925833,1738.2504145106186,13,37,0,67.4849412323765,4,2,0.31899926510966004,0.1391452673737844,0,PayPal,Regular,0
CUST004101,13,24.73786560047432,298.9603808881712,12,79,1,108.51851814808742,1,1,0.20815315540458043,0.2821921014909172,1,PayPal,Regular,0
CUST004102,19,213.10494080877055,4184.27910716533,12,37,0,35.66952265910297,4,2,0.019617528621791166,0.25491415164289877,0,Debit Card,Regular,1
CUST004103,4,63.782568030914746,263.45205243370356,9,44,0,31.119014060382128,4,1,0.17212156230140832,0.20068663712319942,1,PayPal,Regular,0
CUST004104,8,82.04725662373585,678.6587196675647,2,41,2,56.62378585883868,4,1,0.40101980179855384,0.17751609689397244,1,PayPal,Occasional,0
CUST004105,26,19.91300878399185,497.17423750176175,11,11,2,52.68474158101725,1,1,0.29351213546016064,0.15054695371849627,0,PayPal,Regular,0
CUST004106,80,174.02957040298736,14769.361271776852,9,42,0,133.22641215462562,2,1,0.14538621954748815,0.14362287537367216,0,PayPal,Regular,0
CUST004107,1,57.04984895166824,56.32236734745062,10,46,2,42.959639444017945,3,1,0.24548346700425253,0.3535276361624132,1,Credit Card,Regular,0
CUST004108,53,228.52513044415622,10726.08024423136,9,22,0,49.28737600671389,1,1,0.34508506784552273,0.5958210846103711,1,Debit Card,Regular,0
CUST004109,20,79.01914169104198,1633.2966080555623,10,23,0,78.94518947827189,4,3,0.4059707310476001,0.32931076830716255,1,Debit Card,Premium,0
CUST004110,19,122.21395785376825,2415.1567325652395,7,42,2,75.57337661885302,2,2,0.12705438086143145,0.38600066936714966,1,Debit Card,Regular,0
CUST004111,16,61.45248646888473,1056.6856261544574,12,50,0,23.62178688347127,3,1,0.20525713915526198,0.17817875867967212,0,PayPal,Regular,0
CUST004112,1,26.622888748336155,27.36590966693838,10,12,4,92.36846566447134,3,3,0.4270986660880952,0.43661474743225187,1,Credit Card,Premium,0
CUST004113,2,110.36625568052716,252.40928871798565,14,48,0,34.63109699819728,1,1,0.418165022425582,0.5080930334885931,0,Debit Card,Regular,0
CUST004114,22,109.51679668815977,2356.9003844820227,8,50,1,118.73926590577463,3,6,0.5843499070192455,0.3135963713246528,1,Credit Card,Occasional,0
CUST004115,10,7.050552413230495,68.54082302874026,13,8,1,64.81515569183146,1,1,0.34259425310423186,0.14887417614219522,0,PayPal,Regular,1
CUST004116,59,24.081668199084053,1437.0366706198004,8,37,1,53.74224637951394,5,1,0.18505256601557502,0.2999052952612596,1,Debit Card,Occasional,0
CUST004117,12,171.40179723705492,2287.993722866198,12,6,0,137.02966068746252,1,1,0.4815740452771215,0.226931284899145,1,PayPal,Occasional,0
CUST004118,3,57.36037121819998,164.47079587267865,18,2,3,27.387914063371092,4,3,0.1581065279233872,0.553536051594719,1,PayPal,Occasional,0
CUST004119,30,133.12088889221815,3405.2828529572585,7,25,0,22.433867373919604,4,1,0.249653432609431,0.24298931943291593,0,PayPal,Regular,0
CUST004120,8,301.5477461502241,2202.1768030758717,7,71,0,108.53840162245356,2,0,0.15286395851375462,0.19716635017747305,0,Credit Card,Regular,1
CUST004121,17,114.5385302815046,1940.9703532117496,15,1,2,96.90239040007236,2,2,0.07891369593762766,0.11938710302675251,1,Debit Card,Occasional,0
CUST004122,28,80.0209354042551,1991.8530068474292,10,52,0,145.312138523258,1,1,0.4288350091849407,0.22439205024091075,0,PayPal,Regular,0
CUST004123,55,45.02962039037964,2466.484155240995,8,21,0,101.88283274561795,3,1,0.3554478683472161,0.22720684133741836,1,PayPal,Regular,0
CUST004124,37,101.3871528556569,4329.268727861815,9,59,4,61.047991363809615,5,2,0.12467220317714052,0.15590514186158952,1,Debit Card,Occasional,0
CUST004125,27,109.98796743381007,3221.6199364005497,8,55,2,35.44987898591195,3,5,0.3156437294509785,0.33080684646112124,1,Debit Card,Regular,0
CUST004126,27,86.67232238604099,2297.3280731274876,7,62,4,75.21371210480426,3,7,0.31588397108913946,0.3587942296796451,1,PayPal,Regular,1
CUST004127,70,136.86804947075856,12234.426347803974,11,43,0,41.45394161375759,2,2,0.13158702967378344,0.21178807861150548,1,PayPal,Premium,0
CUST004128,8,29.141766915298117,222.59401113283462,4,55,0,18.840410627015657,5,0,0.41177272137576715,0.1922225120131486,0,Credit Card,Regular,0
CUST004129,0,87.90295432475824,0.0,11,5,0,30.73135096485132,5,1,0.4781420979656711,0.2063669611362187,0,Credit Card,Premium,0
CUST004130,7,80.29156377078057,546.0507731874477,9,10,1,33.66975561051531,6,4,0.3067963620341858,0.2042350870941284,0,PayPal,Regular,0
CUST004131,5,51.09984355721006,243.8926311221499,6,8,1,70.64722638293702,2,5,0.2996114468434818,0.2891484193062945,1,Credit Card,Occasional,0
CUST004132,26,108.09572607768254,2685.9470290344457,18,40,2,17.801918488520307,5,1,0.14410035351435427,0.527341943579979,0,Credit Card,Regular,0
CUST004133,24,26.451566011465623,629.8842084016571,10,5,0,20.244826867230465,0,1,0.09843998370058835,0.37388487852455027,0,Credit Card,Regular,0
CUST004134,21,42.59730807598971,917.0155875843851,3,6,1,38.131369898364625,2,4,0.27279895338396326,0.48279031740045475,0,Debit Card,Regular,0
CUST004135,0,62.53706253735163,0.0,9,63,3,31.80979035284313,3,3,0.4433459957223828,0.09708469378432896,0,PayPal,Premium,0
CUST004136,31,70.3871369489928,2207.3538756267344,13,36,0,61.25941383845053,7,2,0.40543604374295655,0.5425977796693636,0,PayPal,Occasional,0
CUST004137,9,112.16899799607347,1067.8343022981066,5,62,1,42.49194656011323,5,1,0.5451046111027777,0.20010589115301147,0,PayPal,Premium,1
CUST004138,26,120.80546156536123,3498.6707571471156,9,4,0,44.17922168726152,3,4,0.13531092612668005,0.3154702666516632,0,PayPal,Premium,0
CUST004139,19,41.45254842384217,777.0999706781382,10,15,1,84.87875785076257,3,1,0.4862803088181265,0.1638816851840282,0,Credit Card,Premium,0
CUST004140,10,227.20311665314625,2127.8939201859807,10,9,0,92.95485178235765,0,3,0.39108123263238126,0.2374779331876486,0,Credit Card,Regular,0
CUST004141,3,107.35759436688157,353.6617593325585,9,0,1,34.40712228722666,4,1,0.5222027619014862,0.2997816012663673,1,Credit Card,Premium,0
CUST004142,2,272.87957354748545,525.0943103565451,4,10,1,71.3416727291853,6,2,0.18274378387070206,0.3377567335514621,1,PayPal,Occasional,0
CUST004143,42,199.19700715261644,7815.232669417731,9,14,2,29.156917234196698,1,3,0.2100528772386355,0.29214699380794434,1,Debit Card,Occasional,0
CUST004144,60,52.2149266178646,2652.484577079685,16,2,4,83.3021822576594,3,2,0.06617950910308257,0.28467256027836185,1,Credit Card,Regular,0
CUST004145,25,26.336344124242228,726.1631677995708,8,25,2,26.43365659186991,2,2,0.4851833212914017,0.24938740510035032,1,PayPal,Premium,0
CUST004146,2,20.364705131753574,41.56348989250387,9,14,1,97.50550392072768,5,2,0.42177871829724234,0.6242398277085875,1,PayPal,Occasional,0
CUST004147,12,8.282457003350554,83.15703416938237,7,1,0,12.00347724620901,4,2,0.3899880886601674,0.3764576507734512,1,PayPal,Premium,0
CUST004148,31,96.95355117171528,2856.3243741014485,3,36,0,27.640161541665165,3,5,0.16026674161713828,0.1562939848230876,1,Credit Card,Occasional,0
CUST004149,36,48.74403031479171,1719.0727499038642,7,39,2,37.697676519714406,1,1,0.28979141472047026,0.24137828758820512,1,PayPal,Occasional,0
CUST004150,3,126.00849682875479,361.3766796721198,12,53,1,43.1702744146871,4,0,0.5348758445429118,0.2683930020406862,1,Debit Card,Occasional,0
CUST004151,0,50.92596694015249,0.0,15,19,2,23.48260435918906,1,0,0.24677858901896596,0.17881803869142257,1,PayPal,Regular,0
CUST004152,29,40.99599349029096,1128.4589509770312,6,103,3,35.77835166208242,1,0,0.19241178284785102,0.21507288603649943,1,Credit Card,Occasional,0
CUST004153,10,120.55470598667108,1350.4382800225299,9,73,1,46.08822697339967,2,1,0.2107951862410844,0.13146664866297314,0,Debit Card,Occasional,0
CUST004154,7,318.6108725234246,2082.7571007496576,7,24,1,12.301380624134728,0,0,0.08313770016207966,0.6035484734438507,1,Credit Card,Regular,0
CUST004155,0,196.0509824509936,0.0,9,17,0,63.5209733320101,1,0,0.16292674310793395,0.06547704386302679,1,PayPal,Regular,0
CUST004156,18,122.01223338195572,2099.680750954568,12,0,3,64.25279964123595,4,0,0.1312424582509446,0.4070587280438194,0,Credit Card,Regular,0
CUST004157,45,182.87259565065182,7829.838614514102,7,37,0,96.35028678440099,2,3,0.29694706635567963,0.09744631101917947,1,Debit Card,Premium,0
CUST004158,75,112.97431057328113,8352.348153446193,11,24,3,184.774175676223,2,1,0.46796511650822703,0.6011146314693836,1,Credit Card,Occasional,0
CUST004159,20,7.088955961426917,134.68376716089082,8,83,0,27.49515684694048,2,4,0.4415424712858455,0.13068891814396708,0,Debit Card,Regular,1
CUST004160,17,138.43268232521805,2500.0916885272413,16,27,0,106.72256169462992,3,4,0.3805644407797469,0.5307701726141171,0,PayPal,Occasional,0
CUST004161,2,119.10292135002874,252.30574863911949,13,148,1,20.645175038628707,2,2,0.27566254979127397,0.14693720624899947,0,Debit Card,Regular,1
CUST004162,19,158.35647198878263,3412.32833180465,12,57,1,44.08494799287149,4,1,0.2017747055126646,0.7211032525589939,1,Credit Card,Regular,0
CUST004163,11,48.44255706024652,518.3660477958051,7,92,1,65.56262960346626,4,2,0.4090063708867699,0.19630253201290168,0,Credit Card,Occasional,0
CUST004164,22,175.4067137073645,4235.179028993432,10,11,3,65.28296637138438,5,1,0.433189176290468,0.1079406725880134,1,Debit Card,Premium,0
CUST004165,11,28.710436366518692,280.38874840264225,11,4,0,93.76743648550377,4,0,0.47511317401796443,0.09750992619408325,0,Debit Card,Premium,0
CUST004166,6,91.72098976880055,631.2020914768007,6,47,1,40.72072932343468,4,1,0.32847194199400076,0.2028010299677948,1,Credit Card,Regular,0
CUST004167,2,81.24486641585844,154.50405157907076,11,46,1,56.09937900677583,2,1,0.12579513448190813,0.4019594758586634,1,Credit Card,Regular,1
CUST004168,9,4.0281031949630055,41.56204691835369,14,7,1,59.339755053984014,5,1,0.09942988874916543,0.242695754050766,0,PayPal,Regular,0
CUST004169,2,53.31705319339336,113.50277419972636,5,43,2,117.11174536906412,4,3,0.17351950295302404,0.2569177435022159,1,PayPal,Regular,1
CUST004170,4,117.88042454162904,447.5328833950402,10,26,0,52.10238548644344,4,5,0.151100440913719,0.26067822141261177,1,Debit Card,Occasional,1
CUST004171,104,54.51596363712448,6032.100033614086,9,3,1,39.81673747224968,3,1,0.46947140758459716,0.3023629906898324,1,Credit Card,Occasional,0
CUST004172,14,213.57101655720263,2755.8942525097386,13,20,1,86.20878613133794,3,1,0.2535996077815102,0.1623332248277077,1,Debit Card,Occasional,0
CUST004173,18,97.27170614702018,1736.4813771815172,8,80,0,51.91849195851642,1,2,0.22648755309591792,0.4142824278290439,1,PayPal,Occasional,1
CUST004174,49,66.75804571689693,3384.435939381312,7,21,2,95.79154163196229,7,0,0.30759327990456886,0.2654395274346954,1,Debit Card,Occasional,0
CUST004175,130,176.05374091214537,21859.493786925508,13,46,0,95.69350610704356,3,2,0.2339014523993485,0.2778660780373899,1,Credit Card,Regular,0
CUST004176,20,58.64604550455622,1235.924184512429,8,0,0,14.599301407036226,2,1,0.3648491987526873,0.07127612719857744,1,Debit Card,Regular,1
CUST004177,40,31.151086590029166,937.5668429912623,9,39,0,174.97094215436442,4,1,0.25175201331844077,0.09218268590769547,0,PayPal,Occasional,0
CUST004178,9,124.54928337724,1210.9426386980724,15,88,0,21.81592791435008,3,1,0.2600684129743871,0.4065233743808767,1,PayPal,Regular,0
CUST004179,8,25.92505910653513,215.43515917728763,4,20,1,58.8884580076294,2,1,0.39376795944130766,0.38852745106652053,0,Credit Card,Occasional,0
CUST004180,12,55.38319880501804,654.3290391499987,14,12,1,34.840401984918124,2,2,0.44580164346885937,0.40486775037656,0,Debit Card,Occasional,0
CUST004181,26,84.89915037760332,2310.478236936725,5,31,0,33.2810499806034,5,3,0.10961948895988055,0.1169221486389937,0,PayPal,Premium,0
CUST004182,27,66.11930377847061,1873.5341780984331,7,74,2,26.007590302221303,7,3,0.32813616782783495,0.3783782260711085,1,Debit Card,Occasional,0
CUST004183,9,483.6878849508456,4430.124446400209,8,5,2,88.8118686404838,2,2,0.057383430622328035,0.5473284443477316,1,PayPal,Occasional,0
CUST004184,3,113.8279344327542,397.80466494288777,13,15,2,41.709139721073655,6,1,0.17475996920650289,0.23929248481463403,1,PayPal,Regular,0
CUST004185,24,75.44680728215161,1837.777045786802,11,5,0,104.41758305205907,8,1,0.5457600383086655,0.2899166843819345,1,PayPal,Occasional,0
CUST004186,3,49.667889343638834,127.99950843421178,8,20,0,40.81968337848,5,2,0.42821056465761925,0.18220214734921872,1,Debit Card,Occasional,0
CUST004187,20,106.71579146326131,1880.8309348494672,9,23,2,40.28917688729787,5,3,0.21781252397184242,0.15169440140561766,0,Credit Card,Premium,0
CUST004188,28,181.15528023329995,4912.6513468926205,11,86,0,28.35927304174359,3,2,0.40576809212682646,0.4023178501698248,0,PayPal,Premium,0
CUST004189,28,17.332276985270948,491.99212386106205,9,15,1,48.35098629232148,3,3,0.05927624121550836,0.3220470495422461,1,Debit Card,Regular,0
CUST004190,33,104.6812420489817,3990.991389467796,10,25,0,12.167052696508843,2,1,0.320354089286315,0.21200401530146354,1,PayPal,Regular,0
CUST004191,49,72.05596651125761,4061.957539389988,11,64,0,102.30281704169371,1,1,0.5419993417958033,0.05376758684638821,1,Debit Card,Regular,0
CUST004192,16,143.4447501490124,2770.6523496225345,11,11,0,65.7218444281394,3,1,0.6297411487956321,0.3426099872375098,1,PayPal,Occasional,0
CUST004193,31,85.69900120347612,2579.6530457061053,11,33,2,52.972210640848836,3,0,0.4383571660839878,0.10339408947801541,0,PayPal,Regular,0
CUST004194,23,116.65272999906816,2885.8630681055665,13,42,1,12.987305864506173,4,2,0.18734172194470902,0.3502441643924429,1,PayPal,Occasional,0
CUST004195,4,284.67921148416127,1318.3602764948005,7,12,1,29.81929524579727,5,4,0.07981500186745939,0.05012558491054436,1,Credit Card,Regular,0
CUST004196,0,146.77284639806322,0.0,5,5,1,9.876614517535288,5,1,0.4750583637122271,0.5167989836614586,1,PayPal,Regular,0
CUST004197,8,65.78533585602908,558.0457266230377,6,20,0,23.374490067041194,2,1,0.5216677629625979,0.23789630525673053,1,Credit Card,Occasional,0
CUST004198,14,35.35527158304117,504.6209027416273,9,13,1,49.64323507503391,1,2,0.07578481461511419,0.06070514605665135,1,PayPal,Occasional,0
CUST004199,23,72.20363534438059,1773.285798591492,8,9,1,67.85518605349688,8,1,0.2550347059410879,0.08991270207286305,1,Credit Card,Premium,0
CUST004200,45,35.858209172885125,1489.1389906821962,8,108,0,29.510373866192012,5,3,0.08325789572590514,0.4063735945670696,0,Credit Card,Occasional,0
CUST004201,5,91.49898471649159,378.40636383373834,10,20,2,26.7703875363063,0,3,0.6222089796831854,0.35835116942811285,0,PayPal,Premium,0
CUST004202,3,91.70027363051216,264.61370257844163,9,58,0,79.44730029938272,5,3,0.091760882882907,0.13670813525587533,1,PayPal,Regular,0
CUST004203,79,21.391070022361024,1807.3721076495137,8,6,1,54.740461484346106,2,1,0.43740616234713825,0.20209131728934912,0,PayPal,Occasional,0
CUST004204,2,89.63706530525297,154.0116029736469,12,84,1,85.03534558886693,5,3,0.12857477949617435,0.38874952835705395,1,Credit Card,Regular,0
CUST004205,15,229.49238023692376,3360.567063236707,13,47,3,115.18943564066932,2,0,0.17208225107448058,0.35623488276754117,1,PayPal,Regular,0
CUST004206,21,87.2096312626129,1703.82728849314,11,49,0,62.329202024034025,4,2,0.3529262307773813,0.2891086702680176,1,Debit Card,Regular,0
CUST004207,18,60.21032377267527,1044.6403496826897,13,14,1,37.40010231354847,4,0,0.2837964407509459,0.5062831975723096,0,Credit Card,Premium,0
CUST004208,2,138.85716522729743,266.8868785712165,4,19,1,44.47766045679341,1,2,0.6264166012252621,0.6238192153641159,0,Credit Card,Regular,0
CUST004209,1,73.43460160389598,64.07738776206136,5,26,2,47.630809903004554,5,3,0.37851570208001756,0.2918878811081891,1,PayPal,Regular,1
CUST004210,2,78.08319362775539,162.36633160944461,10,46,1,43.75442210250283,2,1,0.1313047086771427,0.31119119468550815,0,Credit Card,Regular,0
CUST004211,21,176.05987368105247,3996.0675089595366,14,56,2,66.15801953315108,2,2,0.3558755524027123,0.25923116308808575,1,Debit Card,Regular,0
CUST004212,18,38.12391674948085,647.0389904900306,12,2,2,53.891333651818115,2,1,0.41339235378091294,0.22050338693443378,0,Debit Card,Regular,0
CUST004213,6,156.24293869106646,781.9508379506151,8,70,0,27.405899844666575,1,3,0.25646086637055426,0.17050741088588522,0,Debit Card,Occasional,1
CUST004214,24,20.25576740913059,445.61120126720164,6,83,2,21.09981615903685,1,3,0.2911904024554656,0.598370689760656,1,Credit Card,Regular,1
CUST004215,41,306.2499366306636,13727.183939829185,12,26,0,49.431735348224365,9,3,0.07796001936826866,0.39493459176690054,0,PayPal,Regular,0
CUST004216,1,39.12521183105332,41.08885622317763,11,6,0,8.379856882281578,2,2,0.3826992149554572,0.22886940928645036,0,Credit Card,Regular,0
CUST004217,16,88.58787995137163,1293.594984452785,13,51,0,97.12756411251434,3,1,0.05644479951355578,0.3595887808150824,1,PayPal,Regular,0
CUST004218,28,205.5227128455309,6583.027151678031,11,23,1,33.91568898036299,2,4,0.13695978989845667,0.45284570598412044,1,Debit Card,Occasional,0
CUST004219,6,20.80622040371402,158.59821124702418,13,50,3,126.36583836716868,6,1,0.4124313634503913,0.29311065921636703,0,Debit Card,Occasional,0
CUST004220,8,54.65366056468485,486.52878154444886,9,50,0,107.33212623513697,5,4,0.26832796186497043,0.15189650003290953,1,PayPal,Occasional,0
CUST004221,22,147.77639249184355,3407.9957755183623,8,2,0,108.8160043585981,2,5,0.26517848921686077,0.28841323581971356,1,PayPal,Regular,0
CUST004222,54,13.5447544652609,734.0795592253723,5,28,1,38.08432302789222,3,4,0.40648975884594757,0.4833505351187063,1,Credit Card,Regular,0
CUST004223,39,118.65275237323574,5343.263332011848,14,19,1,22.155867066768757,8,1,0.309486204250889,0.4061335255977416,1,Debit Card,Regular,0
CUST004224,20,106.33972796520983,2277.0095648630318,6,87,0,64.93611091976366,6,3,0.36040587974780236,0.09209371318396041,0,PayPal,Regular,1
CUST004225,31,11.566378830970052,325.52552623290194,7,10,1,74.3402408835397,3,0,0.06817241079107102,0.290597143363644,0,PayPal,Regular,0
CUST004226,10,9.605003833040318,92.43368021202761,16,6,2,21.363010455970645,0,1,0.337675462722633,0.09137239095754358,1,Debit Card,Regular,0
CUST004227,24,8.265593324987927,181.60190647013525,8,68,2,179.72483936640936,3,3,0.22362196022864114,0.07278542530455659,0,PayPal,Occasional,0
CUST004228,15,102.66958401167234,1454.9510699474856,4,4,0,27.697399536801072,2,2,0.09325920828864608,0.44367813224054214,1,PayPal,Regular,0
CUST004229,5,44.485359074118584,185.8587364217077,5,34,1,37.59755961583777,1,2,0.29428577632981173,0.3252044375283867,0,Debit Card,Regular,0
CUST004230,29,18.70827501300006,640.8536370281422,12,10,0,77.72816404067567,3,2,0.22048189907734284,0.22118749292053994,1,Credit Card,Occasional,0
CUST004231,19,164.05737114894046,3248.920256260528,4,25,0,73.3871595153428,2,3,0.20130992167324505,0.15943612804367122,1,PayPal,Occasional,0
CUST004232,10,216.37191144764262,2406.374544444343,8,28,1,43.256801847642414,6,1,0.5432936311438398,0.35285168876891,0,Debit Card,Premium,0
CUST004233,58,207.39862179156705,11496.317320701486,9,16,4,41.94289375854096,2,1,0.2849300241406694,0.17668866451386808,1,Debit Card,Regular,0
CUST004234,0,88.91491632906123,0.0,9,110,1,40.93099497222035,2,2,0.37655627781647855,0.06655640164650652,0,Debit Card,Premium,0
CUST004235,9,10.116796640994513,105.20689890294355,6,4,1,96.68543088281865,7,1,0.5152496946024931,0.3291763432453334,1,Credit Card,Regular,0
CUST004236,1,17.879786130498523,16.928413867971358,5,14,1,63.08851119601505,4,3,0.29506142540546226,0.23551999547176686,1,PayPal,Regular,0
CUST004237,34,28.80760451838393,1069.6705803960913,13,16,1,32.748997184609664,4,3,0.21102025719799947,0.19450634834234543,0,PayPal,Regular,0
CUST004238,29,46.87962660896919,1467.856372197811,11,29,0,50.3744205538755,3,1,0.07680959723808023,0.20944927020944562,1,Debit Card,Occasional,0
CUST004239,9,203.5250515108304,1807.2984382599238,13,15,1,87.1596784356604,3,4,0.3631679370855177,0.28204369520720474,0,PayPal,Premium,0
CUST004240,27,108.6113487511873,3127.0279225564414,11,3,0,37.76885664269531,4,1,0.23491988224177915,0.2572043110327619,0,PayPal,Premium,0
CUST004241,12,85.00101998004472,973.2983661421518,12,88,1,68.87227498035718,4,1,0.24725073418691304,0.27326551658259185,0,Credit Card,Occasional,0
CUST004242,33,92.26191356788188,2543.2795129353267,7,16,0,36.98484209390578,3,2,0.3806604237227983,0.31525249326634436,1,Debit Card,Occasional,0
CUST004243,14,157.57135296555796,2578.2298812273502,14,12,1,23.40987323583978,4,3,0.24924589230279334,0.3953318548135968,1,PayPal,Regular,0
CUST004244,12,150.63690017181696,1563.256097383344,9,17,1,41.562644871803286,1,2,0.3687786185361348,0.2102398218792612,1,Credit Card,Premium,0
CUST004245,65,84.15527079787971,5027.429930419868,16,7,2,61.78765930413832,3,0,0.4114178029016917,0.3819244407631489,1,PayPal,Occasional,0
CUST004246,6,180.40832280568054,1221.1598678670646,10,3,1,177.45992906604374,3,2,0.18824159499798407,0.28076640820114446,1,Debit Card,Regular,0
CUST004247,3,55.51716808915076,167.49870988674556,10,4,0,52.75872178151619,5,3,0.355354814718786,0.3881046304193769,0,PayPal,Premium,0
CUST004248,21,144.43766872663952,3316.3233780662176,8,5,1,46.06933597103669,4,6,0.3484997366933509,0.2866423044047484,1,Credit Card,Regular,0
CUST004249,83,176.9905657227184,15017.680032802737,15,6,1,35.56692670334462,3,1,0.2586091702846196,0.19237130433161206,1,Credit Card,Regular,0
CUST004250,11,156.60447423454366,1754.4380394602435,13,16,1,59.95159018567201,1,5,0.038232825760088004,0.10369611843772666,1,Debit Card,Regular,0
CUST004251,1,34.19977147320702,35.247344183239264,6,29,1,48.94933979191599,3,0,0.07135503870509706,0.3142612224123413,0,Credit Card,Regular,1
CUST004252,9,69.59278256740791,691.0751795477461,12,29,3,42.19859152833454,7,1,0.4677834186868834,0.18436866527717338,0,Debit Card,Occasional,0
CUST004253,16,12.663451481902474,215.26158208465495,12,0,1,33.49542526025949,2,0,0.34954707657754036,0.3291677911195161,1,PayPal,Regular,0
CUST004254,4,23.905938447221864,83.58484751329762,10,76,2,9.83468830214309,1,1,0.4179567505088056,0.3854474341205949,0,Credit Card,Regular,0
CUST004255,25,66.04426755676232,1463.8175176193042,8,51,0,67.88094043299002,3,2,0.2713884827365264,0.44286652534860654,0,Debit Card,Regular,0
CUST004256,146,87.58444707145493,14858.777634454165,10,99,1,41.46931122473545,3,2,0.16225950634587555,0.37655119115261676,1,Credit Card,Regular,0
CUST004257,14,108.28364023013435,1741.7265731948933,13,13,0,21.95055389235195,3,3,0.23355061777778668,0.2639663240602151,1,Credit Card,Occasional,0
CUST004258,10,23.401095899799223,286.26948821668077,11,32,0,45.42646195709767,5,3,0.1826002945713475,0.20088056886865027,1,Debit Card,Regular,0
CUST004259,12,73.76304208508154,864.821481326789,9,5,0,41.767708144140556,3,4,0.41393019356357846,0.24323109986838706,0,Credit Card,Regular,0
CUST004260,2,161.94862840505377,301.26974739164507,11,50,1,8.885169226048331,3,3,0.2540695666567128,0.3313104964622894,1,Credit Card,Regular,0
CUST004261,51,99.39505826926953,5911.605687455108,10,5,0,17.668226264023136,1,2,0.47900258999646317,0.29321728312092804,0,Credit Card,Occasional,0
CUST004262,12,122.805386391221,1432.742389471206,11,11,0,18.677508569825427,7,3,0.3664528081571247,0.1321059948397748,0,PayPal,Regular,0
CUST004263,11,87.63223676275189,945.1972316922618,10,20,1,134.2714776849909,2,2,0.1569483682511365,0.2686913544913117,1,PayPal,Regular,0
CUST004264,25,43.453061858490834,1064.4007067149646,7,27,0,65.26325752963062,0,1,0.45331275529436205,0.09322470181783929,1,PayPal,Premium,0
CUST004265,14,31.604430307063502,503.0268560828072,15,24,1,33.60818317659077,2,1,0.1176055302729799,0.12281565221942413,1,Credit Card,Occasional,0
CUST004266,25,69.54101858954424,1809.4778898498864,11,3,1,43.23122667663426,2,1,0.28401987803964157,0.3244650363191136,0,Debit Card,Occasional,0
CUST004267,1,133.7178983786774,122.15433188193809,13,16,1,49.63877414534422,0,2,0.13875253328488238,0.3647120662426934,0,Debit Card,Premium,0
CUST004268,40,37.50485923015813,1588.169165201511,6,76,1,80.87630282617411,2,3,0.40199825665487865,0.4846259345954415,0,Debit Card,Regular,1
CUST004269,67,54.10432447956951,3811.2257833389285,11,61,0,94.35947265873027,3,3,0.2373643679701759,0.19776868645612436,1,Debit Card,Premium,0
CUST004270,25,83.80433271175004,2614.089047919159,10,26,2,110.64344763420306,4,5,0.4292746250578004,0.3067388494142118,1,PayPal,Regular,0
CUST004271,74,244.09272098427422,15551.090850170101,8,25,1,20.135411935768573,4,3,0.44503179049021163,0.420918391501995,1,Debit Card,Regular,0
CUST004272,3,104.66871041831962,332.1391545551501,7,3,2,44.306226969232526,8,2,0.2319145454211803,0.05827339283020087,0,Debit Card,Occasional,0
CUST004273,15,102.3609444509632,1232.3948111437883,14,6,1,37.026586765358054,2,1,0.4301509051799801,0.39420375914305994,1,Credit Card,Premium,0
CUST004274,22,61.47039051705628,1491.5716490094665,13,8,2,22.935813207763935,2,0,0.5686332584654705,0.3628398319608091,1,Debit Card,Occasional,0
CUST004275,20,250.38620443955298,4666.285350338834,12,20,0,114.81681416044876,5,1,0.37829015752523437,0.3785598170102302,1,Credit Card,Premium,0
CUST004276,12,89.50224783352014,1269.838969103609,11,39,3,102.45435253213606,4,0,0.09189758975784594,0.3493743788670386,0,Credit Card,Premium,0
CUST004277,9,166.5528473486242,1484.9394274572169,8,18,0,82.30152018360101,2,1,0.04952691752604988,0.4521092627308988,0,Debit Card,Occasional,0
CUST004278,3,31.69008372168016,90.89025283440105,8,4,3,106.01144499870398,2,3,0.48639006608060076,0.1438057581320474,0,PayPal,Regular,1
CUST004279,11,75.7903168379949,840.1640049175505,9,17,2,37.658225876815024,5,0,0.3364373472312737,0.22856170526674022,1,Debit Card,Occasional,0
CUST004280,4,444.63014232890083,1752.99783344132,14,5,1,60.6452430130775,3,1,0.173503185112297,0.08106780844005826,1,Credit Card,Regular,0
CUST004281,31,91.29419649633188,2635.4031148408376,9,41,3,105.07353213732492,0,2,0.13062985131064242,0.28194431838438644,1,PayPal,Occasional,0
CUST004282,5,59.47422680260601,280.51938866496016,15,5,0,86.9041634897551,3,2,0.1606287935823397,0.38852763891292086,1,Credit Card,Occasional,0
CUST004283,1,170.9794623572744,174.905727117538,9,19,2,93.78888584139098,4,2,0.4865385404001824,0.23506352329036231,1,PayPal,Occasional,0
CUST004284,19,64.54921925454087,1380.079208662894,9,35,2,72.522878605865,7,0,0.6709695368242173,0.1078250130656952,0,Debit Card,Regular,1
CUST004285,21,68.12598916270453,1389.311820583887,7,7,2,62.234995298695765,0,2,0.5699808824669537,0.2978750972586761,0,PayPal,Regular,1
CUST004286,49,14.046425768723637,737.0356073966311,10,2,2,38.820872836278106,3,2,0.15773307711440374,0.24684352108960333,1,Credit Card,Regular,0
CUST004287,20,7.598072937286291,139.8126405837563,12,24,1,96.53878593906127,5,3,0.2822731807950848,0.20915603659642817,1,PayPal,Occasional,0
CUST004288,10,112.38106643868358,1023.3806844495608,11,1,0,111.43722402712037,2,1,0.30191845782107796,0.17323995388460395,1,Credit Card,Regular,0
CUST004289,38,55.02151236590063,1936.4691380873796,9,26,1,34.284470220248124,1,1,0.3580458135075361,0.4714862754663101,0,Credit Card,Premium,0
CUST004290,18,128.22246130410622,2432.157407863089,12,42,1,50.07505915550333,4,3,0.44427145379480737,0.1523775256946621,1,Credit Card,Regular,0
CUST004291,1,106.62296334099217,105.35650073549728,8,11,1,16.85131456825768,3,4,0.4571670474436932,0.17605783477678122,0,Credit Card,Premium,0
CUST004292,20,87.953179958519,1693.1043650475901,7,20,1,34.089965955894826,3,3,0.2636877679191157,0.3214285358518247,0,Credit Card,Regular,0
CUST004293,57,68.51921097625004,3851.7060185320984,7,79,3,81.76491074557525,4,2,0.23825495417415132,0.2513759835033743,1,PayPal,Regular,1
CUST004294,12,39.95122762494398,496.86719140319474,12,19,2,123.99013299487343,0,2,0.15312954380908309,0.34641913146875347,1,Credit Card,Premium,0
CUST004295,8,36.94073376103891,274.86749502089936,11,170,0,65.56855776230539,1,1,0.449187495799974,0.22587189070883323,0,Debit Card,Occasional,1
CUST004296,3,19.946916459785005,69.95726358110201,5,5,2,63.94111682805865,5,4,0.6601137086359855,0.3239725678465136,1,Credit Card,Regular,0
CUST004297,3,81.0756919637759,239.55539162203007,8,37,1,168.69143422235155,2,2,0.07375354414305137,0.5596706121206283,1,Debit Card,Regular,0
CUST004298,13,244.40635214391526,2946.9091184856566,10,31,1,62.75701069930973,3,0,0.05519507566422434,0.09635263195820612,0,Debit Card,Occasional,1
CUST004299,21,322.053766645198,6263.222545711653,13,61,0,70.3873155904102,6,4,0.09695710375142609,0.20610489868922913,1,Credit Card,Occasional,1
CUST004300,2,38.648232502426374,74.41934375099102,5,2,0,106.39528320580716,3,0,0.348579206356681,0.11916173766611343,1,PayPal,Occasional,0
CUST004301,67,153.6169632348133,10224.74419343508,11,9,0,57.37104348107665,6,1,0.5001159612037601,0.08700700546769861,0,Debit Card,Occasional,0
CUST004302,33,202.2314230194179,6918.6929940909,17,4,0,93.93550929400618,3,1,0.2914785973672741,0.1702136879579169,1,PayPal,Regular,0
CUST004303,21,48.382380857405224,1124.649429904636,13,81,0,77.63233040257349,4,1,0.09841907295772341,0.3735460546437794,1,Debit Card,Regular,0
CUST004304,42,138.4662763645801,5096.454850797835,4,16,1,28.88663140305077,0,1,0.22592334811335163,0.33868002779225354,1,Credit Card,Occasional,0
CUST004305,2,181.2970578807821,426.2153859429968,7,72,2,6.171946835242739,0,0,0.3045518189048928,0.4318158401056161,1,Credit Card,Regular,1
CUST004306,15,19.612728451929947,264.23020038116925,8,10,1,20.790184815421764,3,1,0.2802127787468242,0.40495877659484136,1,Debit Card,Regular,0
CUST004307,23,116.00216738167208,2542.3097792134754,7,4,2,56.91261768077912,2,2,0.36082878914457156,0.3233978188170849,1,Credit Card,Occasional,0
CUST004308,42,32.04540437058324,1509.1148387156202,4,10,2,102.92635204723942,4,0,0.20906504775027637,0.3988471107455813,1,PayPal,Occasional,0
CUST004309,36,119.52555940987995,4417.5908376927055,14,27,0,51.284386583800014,4,2,0.188763619212535,0.16636349630653277,1,Credit Card,Regular,0
CUST004310,7,83.19058510548058,673.5757808553117,6,55,0,51.02067557036744,6,3,0.2673696680216529,0.3276137478085759,1,Credit Card,Occasional,0
CUST004311,67,15.329980968054285,1104.5883951673409,8,14,2,43.875456691829335,3,2,0.5613257673524081,0.3658905545963647,1,Debit Card,Regular,0
CUST004312,3,45.1902894995915,133.95086479240015,11,73,0,38.89082487422485,2,0,0.012025169643081245,0.1902101410168944,1,Credit Card,Regular,0
CUST004313,49,40.481651578709524,2005.6850509415412,6,8,1,212.18870100595012,2,2,0.17526745332509452,0.22633357145798913,1,Credit Card,Occasional,0
CUST004314,84,176.40150989258507,15146.199538117822,9,35,1,133.0871410985001,4,0,0.4249894101700235,0.5388493872156238,0,Debit Card,Premium,0
CUST004315,4,77.40099387328249,271.46554090278084,5,39,0,61.80318633190513,2,0,0.2675947412244355,0.4914610402699368,1,PayPal,Premium,0
CUST004316,30,37.337409599215334,1163.8282862499836,9,9,1,38.286574105733024,2,0,0.29266014937368917,0.17362064530180008,1,Debit Card,Occasional,0
CUST004317,0,129.38668766212447,0.0,7,0,0,60.730273070904424,1,4,0.45642342857448887,0.3021107667429283,1,PayPal,Occasional,0
CUST004318,12,65.76237673748231,782.8433504919304,14,13,1,64.58273565011658,2,1,0.3496942728123671,0.3319133911215522,0,Debit Card,Premium,0
CUST004319,17,96.97098101385359,1787.7871266044106,11,1,1,29.554248823961498,2,4,0.39716975910960545,0.3281244254721953,1,Credit Card,Occasional,0
CUST004320,20,72.55858112025864,1541.139724084575,8,69,2,116.23700441595673,3,3,0.35533219484694084,0.0506220752669232,1,Credit Card,Regular,1
CUST004321,65,314.6589841970825,18647.055331386484,12,92,0,43.42515557921211,4,3,0.24726176838035197,0.14466091388113997,0,Debit Card,Regular,0
CUST004322,26,96.31276474226674,2923.3978414100434,9,39,2,114.529253619135,1,1,0.2074040736756374,0.6136231544568261,1,Credit Card,Regular,0
CUST004323,15,140.36487981673974,2136.9899338949454,12,38,0,39.65607748127113,6,0,0.5488642367156692,0.440537362683996,1,PayPal,Regular,0
CUST004324,39,175.84526579210456,6452.075096842766,11,8,2,34.00604466554733,3,1,0.13259052306412114,0.30552017289983097,0,Credit Card,Regular,0
CUST004325,72,78.05493507325424,5437.700321399036,6,2,2,134.01231420044604,1,5,0.32022128105626474,0.4962512036687044,1,Debit Card,Regular,0
CUST004326,0,205.27180848249427,0.0,8,48,1,118.23047330397628,6,0,0.1288559432669056,0.19068427099074142,0,PayPal,Regular,0
CUST004327,97,154.65490889350502,13818.372502283619,9,24,0,42.89454102802816,1,4,0.505167427098173,0.13248627156718026,1,Credit Card,Occasional,0
CUST004328,2,9.03380675949594,18.349689282972534,11,34,1,38.7586650012804,1,1,0.31550885589793126,0.16203185829155553,0,Credit Card,Occasional,0
CUST004329,40,43.12991165168754,1571.2859540323504,5,45,1,78.21911658448013,2,0,0.48883854323783055,0.020476370348240933,1,Debit Card,Occasional,0
CUST004330,7,79.0079227277068,517.3798847891264,9,15,2,24.739359383601112,1,4,0.47501980207505906,0.3893728029385636,1,PayPal,Regular,0
CUST004331,3,86.28689421930075,267.8171188712146,13,4,1,69.77056606352542,1,2,0.19053200442095783,0.2261310583467445,1,Credit Card,Regular,0
CUST004332,13,49.42332975550053,747.1612816131836,15,47,2,107.56136087180658,4,4,0.39265926458999867,0.3354902201732161,1,Credit Card,Premium,0
CUST004333,24,113.4386371882987,3189.135435448747,8,18,0,44.176550037395394,1,2,0.2615420950510136,0.2125987680262456,1,Credit Card,Premium,0
CUST004334,11,64.26263053978947,703.530210999788,8,52,0,110.02773454736791,1,0,0.21119317751071184,0.16141581931646667,1,PayPal,Regular,0
CUST004335,1,80.71550032289406,86.43321295925857,10,17,3,100.58974236528385,4,2,0.3408932710135146,0.09160733306713839,0,Debit Card,Premium,0
CUST004336,21,62.07328634958631,1323.570431349256,7,7,1,72.11927439316045,3,2,0.27200593189156064,0.3010317599279295,0,Debit Card,Regular,0
CUST004337,55,69.02874215123788,3216.9740577288208,10,5,2,170.6985658175111,1,2,0.431719604362699,0.5701346340070087,1,Credit Card,Regular,0
CUST004338,11,33.8482410917231,339.60511407026087,8,40,1,25.045376660049214,4,2,0.21321647860195572,0.5216675073693919,1,Debit Card,Occasional,0
CUST004339,5,106.4442922775076,576.4358610294456,14,25,0,25.055236067339663,0,1,0.18833374481046475,0.07694327785639606,1,Debit Card,Regular,0
CUST004340,14,124.50906234866672,1835.2714351919278,14,15,1,108.76305642771237,4,2,0.041579108212199,0.1843157296059199,0,Credit Card,Occasional,0
CUST004341,1,23.57134654415621,24.175666660475557,8,20,1,24.70500787403636,6,2,0.19566975571247444,0.08890328643531219,1,PayPal,Regular,0
CUST004342,41,50.459804248471464,2021.2053576499186,7,23,1,50.367252940035385,3,3,0.36956499672851295,0.06709978884186439,1,Debit Card,Occasional,0
CUST004343,42,85.28577117277864,4359.165697108232,14,8,1,60.29194683116345,3,2,0.18662663435743038,0.19767784041170833,1,PayPal,Occasional,0
CUST004344,21,237.2366342636641,5528.495408059959,7,14,2,105.86345156868218,3,2,0.10450890818426423,0.150121782588937,1,PayPal,Premium,0
CUST004345,10,33.37477243634211,281.10746761311015,9,10,1,57.17885545202599,2,5,0.21698377518086448,0.08680958747277649,0,Debit Card,Regular,0
CUST004346,38,63.89483795344242,2386.373621284339,15,14,0,21.76294247396939,3,2,0.21479660583792246,0.20931893749249292,0,Debit Card,Occasional,0
CUST004347,19,55.537370792393595,921.1806066214576,7,20,0,77.87921944942042,5,1,0.13928458453806267,0.10043663515657422,0,Debit Card,Occasional,0
CUST004348,41,101.91720857511588,4443.030920762982,13,5,2,81.72897070834672,5,1,0.24679108642022685,0.2253385186874134,1,Debit Card,Regular,0
CUST004349,23,33.028101282590114,722.5709175245173,10,15,2,55.888881291549964,3,2,0.5498015794179939,0.46151801203532405,0,PayPal,Regular,0
CUST004350,36,47.85191000529237,1853.5699206080628,5,14,4,45.23207467918112,0,3,0.22847596022020883,0.3368423116585727,0,Debit Card,Occasional,0
CUST004351,21,308.8829158770102,6441.090033899848,10,10,1,96.72980370240933,1,4,0.26862199568443035,0.3634267759253374,1,Credit Card,Regular,1
CUST004352,12,10.524881834680803,112.10130852156463,10,194,1,69.35694573213951,4,3,0.39670509772914675,0.2245024360820387,1,Debit Card,Regular,0
CUST004353,76,77.91965929076437,5382.594499745776,9,2,1,52.45709112305381,2,2,0.27994399705803164,0.5051660605099414,0,PayPal,Premium,0
CUST004354,18,81.22854404890828,1608.3637768691906,8,30,2,105.47259444409846,2,2,0.37163010120690276,0.4453348872040154,1,Credit Card,Regular,0
CUST004355,22,57.22451644631008,1324.2395040335214,8,5,0,52.13612556982181,5,2,0.3216729726555731,0.39246960468109104,1,Debit Card,Regular,0
CUST004356,5,173.9946294213152,968.7107856529025,5,54,0,55.331993323671384,4,1,0.14432303971612007,0.2119777285222066,1,Credit Card,Regular,1
CUST004357,23,95.35859046578938,2369.524926523624,7,73,0,33.72169391963191,1,2,0.4164173861521208,0.31016094650891035,1,Credit Card,Occasional,0
CUST004358,20,252.55075997017653,4776.042596534378,6,15,1,100.39712559471181,2,3,0.11596892777165875,0.2839109672887299,1,Debit Card,Premium,0
CUST004359,4,14.969325586492523,58.86204820445786,11,52,0,50.99988716674204,2,4,0.14294130713864633,0.6552417669796007,1,PayPal,Occasional,0
CUST004360,1,113.03707081867967,112.69847211384632,9,8,1,39.985653335394275,2,1,0.613614581095048,0.2780328904554046,0,Credit Card,Occasional,0
CUST004361,22,100.59749324424048,2156.599602641582,7,4,0,85.89143030081031,3,0,0.3009961188263383,0.5595755539740171,0,PayPal,Regular,0
CUST004362,34,120.75137937624889,3356.784482464537,11,11,2,31.92294166050661,2,3,0.08582917051566552,0.25514781821815175,1,Credit Card,Premium,0
CUST004363,17,163.70388417165836,3180.517870176091,6,12,1,59.101988028691075,6,2,0.05349124155921631,0.32683794625586365,1,Credit Card,Occasional,0
CUST004364,6,209.08674587904255,1315.7548971934905,7,15,0,57.189718880591094,1,1,0.19248573006830424,0.05684601274560711,1,Credit Card,Occasional,0
CUST004365,26,283.46798010836545,7693.768997298782,10,14,1,100.62706144999967,2,1,0.6023116170084699,0.13941628914783313,0,Debit Card,Regular,0
CUST004366,2,26.608673044607052,50.283793863315516,13,15,2,53.082497813211674,0,4,0.47621471220169165,0.5101899842488147,0,Credit Card,Premium,0
CUST004367,13,114.67520825620865,1408.871121406574,20,37,0,95.23108500597658,3,3,0.19147667832388085,0.16254385285365944,0,Debit Card,Occasional,0
CUST004368,4,181.2101521144587,723.5326910985585,13,8,0,66.78269354757246,4,4,0.1699583189099154,0.1248711883524902,0,Credit Card,Premium,0
CUST004369,4,76.96090368486912,256.1000663506786,14,0,0,46.24188595165264,2,1,0.18129191009895484,0.13820769884488704,0,Credit Card,Occasional,0
CUST004370,5,36.07192892564574,176.4939267067032,9,20,1,180.69001126539177,5,1,0.38522277415192663,0.552239711519128,0,Credit Card,Occasional,0
CUST004371,11,36.7329431622238,374.4967392973838,7,17,0,58.44439334132994,1,2,0.4683833738323754,0.44393781283503086,1,Debit Card,Regular,0
CUST004372,1,45.90024693519923,40.45415518967263,10,1,1,97.65111225844544,4,2,0.33090336361117606,0.3626112991172602,0,Debit Card,Regular,0
CUST004373,12,107.48924451566279,1532.6473766101742,9,4,0,48.13857914293255,5,1,0.33114189165580055,0.2599266668646377,1,Credit Card,Regular,0
CUST004374,17,48.15682084437557,941.7300640631385,7,21,0,7.8028388383794205,1,2,0.3163864395356383,0.24698994002482508,1,PayPal,Regular,0
CUST004375,15,84.63908690068848,1153.2642481697228,10,8,1,72.02218417186948,1,2,0.10358106070157964,0.5256532687753246,1,Debit Card,Regular,0
CUST004376,11,19.646888109474695,219.76424021571287,9,63,1,18.266940419394796,4,3,0.5699314241828787,0.17014850560371275,1,Credit Card,Occasional,0
CUST004377,43,19.570974636309796,562.5893249033104,8,5,1,50.59893400701136,2,3,0.21484265077461767,0.33132168578451465,0,Debit Card,Regular,0
CUST004378,3,129.6541742675775,380.1791430214929,15,0,0,51.869276528790294,3,1,0.3868658833979314,0.3834607997505746,0,PayPal,Occasional,0
CUST004379,16,3.408424207649689,59.165384160135844,13,17,1,15.081540275932126,3,1,0.4954834832782258,0.35026660153258615,1,Debit Card,Premium,0
CUST004380,1,217.9906686759219,205.47976528850685,10,128,0,56.278121302614544,6,3,0.2303153978999311,0.17021998659203746,0,Debit Card,Premium,1
CUST004381,1,108.33238610474855,111.29801937661402,8,30,1,49.497065670861886,4,0,0.3509484729948614,0.35871900057979167,1,Credit Card,Premium,0
CUST004382,20,24.05970835066785,469.36053697454605,12,13,3,45.89593902307382,1,6,0.1785613048295544,0.4530939760255201,1,Debit Card,Premium,0
CUST004383,20,103.73691650210016,2121.19099643892,11,0,0,40.016466893985154,1,2,0.5166185426581078,0.1569681142551871,1,PayPal,Premium,0
CUST004384,50,56.99865865655478,2914.783618817834,11,19,3,49.09502624445704,3,2,0.10305667617926349,0.18024161738582772,0,PayPal,Premium,0
CUST004385,19,35.077490903806066,533.0483149159209,9,6,1,73.01105026919508,2,3,0.1590366536626691,0.38898673149922497,0,Credit Card,Premium,0
CUST004386,77,187.3260312195657,14269.54121073683,8,31,2,122.50559238914384,2,1,0.2300149874950968,0.3123376410273116,1,PayPal,Occasional,0
CUST004387,1,121.74667622809518,145.0973488547852,12,26,1,67.5910490047382,5,1,0.2458956790597373,0.11662729447131714,0,Debit Card,Regular,0
CUST004388,2,49.581782751327864,83.17130585490563,13,9,0,81.96216052960095,2,1,0.29794243349797506,0.2921036064467551,1,Credit Card,Occasional,0
CUST004389,1,41.91304145978289,43.98762237059168,11,2,0,29.947122787461396,3,2,0.3416211641663599,0.337349749635255,0,Debit Card,Regular,0
CUST004390,4,262.3094241951996,1128.087171591062,12,42,0,134.9420907618458,1,0,0.33186633281730216,0.2828466444162705,1,Debit Card,Regular,0
CUST004391,18,110.4528425471459,1523.4782894833131,10,26,0,22.086376506972492,3,1,0.5112326430329385,0.4578930856354101,0,Credit Card,Occasional,1
CUST004392,24,86.02201514610871,2231.1485425989367,7,55,0,91.49557878821305,2,1,0.06367704729510709,0.08225830916559267,1,Debit Card,Regular,1
CUST004393,1,41.496699307836224,43.164134275465855,6,9,1,23.92649209766227,2,5,0.12093854521653855,0.3439297603935938,1,Credit Card,Regular,0
CUST004394,70,40.78170847466207,2736.553967610245,8,31,2,10.156640091653617,4,1,0.5837639158024387,0.11253137819923573,1,Debit Card,Regular,0
CUST004395,44,310.64013782120526,13712.962585033614,9,3,0,17.72632133921845,1,4,0.07650347020314145,0.33071014701430596,1,Debit Card,Premium,0
CUST004396,8,134.40064655446443,1095.284238091586,11,10,1,158.35063267382384,4,2,0.20307008434591378,0.3717125584151022,1,PayPal,Regular,1
CUST004397,1,79.94876655245692,77.77818503326847,12,32,2,43.14281120217611,4,5,0.5858630929804733,0.09945470601736295,0,PayPal,Regular,0
CUST004398,4,21.959811330037063,75.2067917216069,12,52,0,69.49684862791835,3,4,0.3278964112835722,0.41347351474773686,1,Credit Card,Regular,0
CUST004399,3,54.02735578206175,197.1013067629182,7,11,0,47.04079043859771,4,1,0.2444168471791674,0.06702998942494026,0,PayPal,Premium,0
CUST004400,3,109.97362985526841,326.0067667259341,9,48,0,26.356676567465662,2,0,0.25802077050229744,0.1772437242123315,1,Credit Card,Premium,0
CUST004401,17,181.01145263734608,3016.5110059247254,17,33,0,81.5424366509019,0,1,0.2572605455000031,0.15800564492452646,1,PayPal,Occasional,0
CUST004402,6,90.8707289955308,447.9208231057933,8,12,1,63.21307019519807,2,3,0.30964343422537677,0.3293914197554433,0,Credit Card,Occasional,0
CUST004403,10,179.1692852802099,1985.3069330973885,10,62,2,44.36039171454883,6,3,0.45142248141745583,0.5343727474938048,1,PayPal,Premium,0
CUST004404,109,91.53125832587891,10294.697516660854,6,21,0,1.5441314199390779,5,3,0.21965657187274565,0.3585201536392277,1,PayPal,Regular,0
CUST004405,27,168.7404889182733,5080.754108331385,10,31,0,49.32777380148931,4,1,0.4339893704516164,0.03816778782024975,1,Credit Card,Occasional,0
CUST004406,71,67.52141880022194,4476.981234149246,8,20,0,28.68699263348974,1,2,0.4584806810495896,0.31830837180262705,0,Debit Card,Regular,0
CUST004407,3,169.00635573442722,404.4176133356015,9,18,2,90.80577807698592,5,2,0.4473584434128522,0.48618349731051413,1,PayPal,Premium,0
CUST004408,11,56.44926584825304,587.8587427187689,11,56,0,43.35760834920044,4,1,0.30123279610229703,0.15375877249542105,1,Debit Card,Regular,0
CUST004409,19,139.19393289030225,2901.3420017719554,8,10,0,64.88544273752183,2,4,0.2067580207834178,0.5008441626450504,1,Debit Card,Regular,0
CUST004410,1,97.42888893275125,91.15082079904953,16,1,4,32.25643086511124,3,4,0.2465741889690526,0.41567815580867823,1,PayPal,Regular,0
CUST004411,0,6.830531347215592,0.0,10,63,0,17.524011121346327,1,0,0.11156484505153665,0.3352621853389653,0,PayPal,Premium,1
CUST004412,26,43.94151544889969,1074.8921509352801,14,52,0,62.89945297037502,4,2,0.29044543997643,0.24589079362203736,1,Credit Card,Occasional,0
CUST004413,24,386.48453902406004,8633.394031374635,7,13,0,60.94417927571088,3,3,0.40459676398239114,0.27531866214135337,1,Debit Card,Premium,0
CUST004414,12,121.1331017435148,1505.8598651467626,11,6,1,55.89106551463545,0,4,0.1854921463427811,0.2734972735721217,1,PayPal,Premium,0
CUST004415,16,54.12727577516233,835.9475351866611,17,33,3,73.50435524241432,4,1,0.4440372022605107,0.3207420287482127,1,Debit Card,Regular,0
CUST004416,12,21.443955896357974,242.88485928848763,10,2,0,41.46301196231606,2,3,0.4618007835325951,0.7278990477916222,1,Debit Card,Regular,0
CUST004417,0,88.54220811067755,0.0,4,16,0,42.32010519827362,3,4,0.21368567782823425,0.11930590176128755,0,Debit Card,Regular,0
CUST004418,9,119.76746862716969,950.24582002848,8,2,3,131.05961392899007,2,1,0.2490880457372236,0.35834757622698293,1,Debit Card,Premium,0
CUST004419,4,53.621573385724396,227.4476614599467,7,27,0,35.17229091580568,4,2,0.15239326930302713,0.1284846871374058,1,Debit Card,Regular,0
CUST004420,2,101.93244087485944,217.51427977312093,8,0,1,46.00997516061645,3,3,0.2808427432873524,0.2929067203898076,0,Credit Card,Regular,0
CUST004421,75,188.46784493198342,13639.533488085548,11,29,0,90.96939311043288,3,2,0.47126121616512245,0.1194999015443253,1,PayPal,Regular,0
CUST004422,21,37.70513845160717,683.1877471448952,12,33,1,77.77652207323415,1,3,0.06692143155981316,0.46733616470435074,1,Credit Card,Regular,0
CUST004423,31,51.56319461809432,1568.9912371487283,8,20,2,51.49577823719001,4,3,0.09729621532741613,0.14467835970941717,1,PayPal,Premium,0
CUST004424,9,16.62576618118831,163.63512756858788,7,5,0,47.20229359797521,2,4,0.4303960297294262,0.16349411748147033,1,Credit Card,Regular,0
CUST004425,11,194.56447726381586,1661.3577950020724,14,3,1,38.573637653003516,1,1,0.16154536557533852,0.17362699591610467,1,PayPal,Regular,0
CUST004426,6,60.860425731705845,310.76993662848645,5,11,0,74.76968014393199,4,3,0.12203602880211993,0.12845677954778517,0,Credit Card,Occasional,0
CUST004427,2,245.48906343396544,475.82649863844716,6,18,0,66.33803967097074,4,1,0.15170267814068114,0.31529317419979713,1,Debit Card,Premium,0
CUST004428,4,5.126522862603553,19.30164441688865,9,30,1,27.86136379852094,2,1,0.02021853327765211,0.11425630733775702,1,PayPal,Regular,0
CUST004429,38,106.1735725784005,4249.830636743173,8,0,3,74.07185210586047,3,0,0.1546279352288038,0.2412245207209788,1,PayPal,Premium,0
CUST004430,27,127.35657373431384,3284.377681815397,9,37,2,75.07905800614928,2,5,0.644662762304677,0.22998266973977166,1,PayPal,Regular,0
CUST004431,19,121.28022538915071,2454.6966396342773,15,37,0,56.831482888440746,0,2,0.442619966781939,0.31162201721397476,0,Debit Card,Premium,0
CUST004432,15,153.0035963578949,2406.932710451751,14,17,1,51.91387855922397,4,1,0.1936945362087342,0.14274064298903982,1,PayPal,Regular,0
CUST004433,61,97.59017334981557,6018.317984199518,8,12,0,147.80716431765745,5,2,0.22912982138695004,0.3351929225250776,0,PayPal,Occasional,0
CUST004434,1,93.34924485042436,84.58548333258905,8,55,1,51.147139407802996,2,1,0.4699708510430974,0.5978636479885301,0,PayPal,Regular,0
CUST004435,7,17.901446151936977,127.17984991030669,8,46,2,44.808138879385766,3,4,0.6709864639685191,0.19545268931415166,0,Credit Card,Occasional,0
CUST004436,10,75.76234403412678,781.3088226639327,13,122,2,68.93638041208703,4,0,0.3811719084242585,0.6193593592437127,1,Debit Card,Occasional,1
CUST004437,36,95.15852989420056,3585.696050769296,8,13,1,39.25228704371566,9,0,0.14545646219175434,0.3754746663132145,1,Credit Card,Regular,0
CUST004438,117,45.104145494814865,5497.27336580104,11,71,2,57.462739800113425,4,3,0.3114564757260134,0.1470186954301405,0,Credit Card,Regular,0
CUST004439,6,39.588346721668216,276.3650331544855,8,2,2,71.27699033532467,6,0,0.3295775110209374,0.24414492712200672,1,PayPal,Regular,0
CUST004440,49,120.0157612387446,6088.538263752271,9,15,0,132.15792958145872,1,6,0.1001345440313196,0.36345832753116475,0,PayPal,Occasional,0
CUST004441,42,142.58979652536323,6526.553563337702,6,18,0,58.40282266403533,4,5,0.19690269634813823,0.1624389663979422,1,Credit Card,Premium,0
CUST004442,6,42.13371485430045,245.70939341425603,9,17,0,74.14310757726136,5,1,0.4623926515186212,0.44641572220681586,1,Debit Card,Regular,0
CUST004443,12,68.68630993905744,706.6504908701206,5,29,0,42.45318394970993,4,2,0.13092703878524345,0.20668861409403305,1,Credit Card,Regular,0
CUST004444,12,107.83854159569269,1238.8733051849374,9,5,0,81.59314245228532,3,2,0.39432607439818407,0.1515421802450696,1,Debit Card,Occasional,0
CUST004445,91,45.87966045073414,4035.4610010689885,12,60,0,85.92354353148824,2,0,0.050116540405136425,0.6268757076307949,0,PayPal,Occasional,0
CUST004446,4,82.1315931540063,280.84703756485766,17,24,0,83.76037093479218,1,1,0.296401475471839,0.12555642673731943,1,PayPal,Regular,0
CUST004447,38,99.77217518104953,3682.909360194161,10,70,3,54.27673950653979,4,3,0.31042296406609104,0.18739036736504436,1,Credit Card,Occasional,1
CUST004448,9,275.31319210267225,2249.5201786771936,9,0,5,58.21517933359694,8,5,0.22402814861592898,0.26184730502498,0,Debit Card,Regular,0
CUST004449,31,69.54052358988415,2164.117854530765,11,29,0,57.111957789551994,2,4,0.2778833701283415,0.12009312615280321,1,Debit Card,Regular,0
CUST004450,13,14.118728466915417,185.02345204910483,10,15,1,28.123065284703625,3,2,0.16315824200760806,0.24555273918737408,1,Debit Card,Regular,0
CUST004451,20,19.07000664794854,393.1801474969284,5,21,1,70.60036314745872,0,1,0.12497410404297106,0.14430859931083087,1,Debit Card,Regular,0
CUST004452,42,45.67067491560683,2169.9361674094466,11,40,2,26.763837318030646,4,1,0.2236688918634138,0.15549709114636742,1,Debit Card,Premium,0
CUST004453,39,62.274158265313105,2606.242836579712,9,7,0,59.97286081123049,3,0,0.0695454388226435,0.32252834772633227,1,Credit Card,Occasional,0
CUST004454,48,180.68402865288476,7331.341062614953,5,6,0,54.00802097186178,1,1,0.5610385771036983,0.3210885461060222,1,Credit Card,Premium,0
CUST004455,1,72.5480036739328,68.14172779881417,15,36,3,96.45801920627697,4,0,0.08375656222501378,0.044375214074679384,0,Credit Card,Regular,0
CUST004456,28,121.78881343249401,3426.4291597897904,13,22,0,52.174812302682874,0,3,0.10523671472180747,0.4495445390179207,1,Debit Card,Premium,0
CUST004457,3,212.4140521837861,672.5550056084747,10,7,0,116.83838738956332,1,1,0.6200501067936239,0.31216941403777937,1,Debit Card,Regular,0
CUST004458,12,138.81219453720226,1822.343571781911,12,19,0,48.39557430113554,2,1,0.24670715066866694,0.17638076270903663,0,PayPal,Regular,0
CUST004459,19,63.49572570545593,1187.9893659362144,10,18,1,27.368636659095564,0,4,0.21512096910513984,0.6533891343142056,1,Debit Card,Regular,0
CUST004460,12,76.19034435945153,945.471224053847,10,35,1,14.221454187093233,2,2,0.06416639800114152,0.10257637928438738,1,Debit Card,Regular,0
CUST004461,17,82.6125182666043,1380.4163346019996,11,0,0,121.45204779798044,1,2,0.44219744247594545,0.13601286976069982,1,Credit Card,Regular,0
CUST004462,135,222.02299702525866,32651.64916751239,6,26,1,24.74548071237811,0,2,0.17662288274125046,0.37404226592141704,1,Credit Card,Occasional,0
CUST004463,3,169.86819244496698,462.8453591227898,13,27,0,54.861472722894156,6,3,0.31181042238951595,0.4226538038060442,0,PayPal,Regular,0
CUST004464,27,163.07772849463126,3865.8200605178013,7,41,1,30.55591012433649,6,5,0.5440611293438214,0.1632652502532203,1,Debit Card,Regular,0
CUST004465,12,115.35690801432817,1541.7467740142968,11,66,3,84.35402245121209,4,2,0.1503490096772508,0.2967024917645261,0,Debit Card,Regular,1
CUST004466,3,98.02578544178147,260.8076948510903,15,17,2,49.63355567234043,2,2,0.33004202055366433,0.20088359906078904,1,Credit Card,Premium,0
CUST004467,4,73.07713091074052,280.18265512539335,12,12,1,7.115970457680386,1,2,0.5441388335765956,0.3196058374831322,0,Credit Card,Premium,0
CUST004468,71,27.54562708229552,1910.5329268066812,9,3,1,120.02380315327402,3,3,0.3885610225925331,0.5529992759568051,1,Credit Card,Regular,0
CUST004469,50,136.47920824449443,6665.426929787575,7,12,2,34.549642874713314,4,0,0.26000839381097784,0.18375053059458896,1,Credit Card,Regular,0
CUST004470,57,52.84054415629228,3037.7052217331957,6,2,1,55.860671085644185,2,2,0.07821173322633171,0.09068900634941052,1,Debit Card,Premium,0
CUST004471,114,151.34308737926406,16647.55564107506,10,48,0,53.658073061545664,1,3,0.6422674916362818,0.28011874141632426,1,PayPal,Premium,0
CUST004472,5,10.748152299602138,46.829013447507606,7,49,0,25.014124387214395,2,3,0.32799389666376394,0.15287406657115238,1,Credit Card,Occasional,0
CUST004473,10,32.97787742768348,358.5172695554634,7,16,0,89.0928617951559,4,0,0.5331675186986441,0.31496781367128507,1,PayPal,Regular,1
CUST004474,26,165.98171529637526,4618.528441746215,5,9,1,25.420777225068136,4,1,0.3104272685474125,0.09948854354212419,0,PayPal,Regular,0
CUST004475,15,222.70228019523694,3332.7203074044623,10,3,0,120.78204542517116,2,1,0.313483444074067,0.4201730771618581,0,PayPal,Regular,1
CUST004476,13,150.48159154543595,1984.5187272420649,17,57,1,58.012359294527236,1,3,0.4352525640920738,0.2443880829164479,0,PayPal,Regular,0
CUST004477,10,37.71694852805691,417.2104130920623,6,62,0,47.50875274281968,3,1,0.16368257890681046,0.28337107537352607,1,Debit Card,Occasional,0
CUST004478,21,175.23363767067067,3847.2778379405568,7,9,0,53.77077022143251,3,3,0.2981011135266761,0.22112905373129316,1,Debit Card,Premium,0
CUST004479,20,40.2362867723908,807.5419572911962,8,29,1,44.54143134097146,2,3,0.4279886079935505,0.31450858462698345,1,Credit Card,Regular,0
CUST004480,4,176.59913621879008,855.10971721374,12,8,0,66.35055735898177,1,1,0.4542316311500361,0.4213654878332001,0,Credit Card,Regular,0
CUST004481,15,30.408316683857883,438.21640261605194,5,7,1,26.136447614321074,2,1,0.0896018835381069,0.4539184058277795,0,PayPal,Regular,1
CUST004482,19,58.495618289149576,968.7331567876535,7,0,1,126.2239717686392,1,2,0.45661235990443577,0.4605997894293075,0,PayPal,Regular,0
CUST004483,20,3.7668026578574945,77.0981510098911,10,25,3,52.86342568680429,4,4,0.13445802225410008,0.16228680222992553,0,PayPal,Occasional,0
CUST004484,5,32.64424011853851,148.83590052308085,13,4,2,55.811850812199644,4,2,0.17399877952002407,0.25617259117953495,0,Debit Card,Regular,0
CUST004485,32,135.54397781166801,4445.794648030106,11,0,1,43.21285454223951,1,1,0.4324512719718009,0.7018704740967389,1,PayPal,Occasional,0
CUST004486,0,291.8635891954586,0.0,10,3,1,68.7232076376339,4,3,0.2601679956192314,0.3386769561407251,1,PayPal,Regular,0
CUST004487,10,184.54128330921006,1981.4748960042389,9,11,2,70.42558129945118,2,0,0.3671666348739221,0.23088093576649432,1,Debit Card,Regular,0
CUST004488,36,146.54523654284546,5509.709813919354,17,33,1,73.58854569947964,4,0,0.2364671346611395,0.2024810724007548,1,Credit Card,Regular,0
CUST004489,19,19.282463183509687,379.53432291853494,4,6,0,26.597732799412135,0,3,0.3627254727940435,0.46439471760845985,1,PayPal,Regular,0
CUST004490,7,59.301399156278066,447.4859058532261,14,65,1,21.26287687049257,3,2,0.08062233685392511,0.2307702220614943,1,Debit Card,Regular,0
CUST004491,28,249.1355765278477,7559.127649474194,13,10,1,94.85358104065597,3,2,0.0368294020210663,0.2163156389203018,1,Debit Card,Regular,0
CUST004492,20,86.68242146069323,2023.88520556272,6,12,1,109.85399111578815,3,2,0.3640662612740852,0.3965286330748927,1,PayPal,Occasional,0
CUST004493,38,26.532543360942174,1107.9651220043802,11,7,2,28.52699674147159,4,2,0.2609855488771839,0.2490977745269414,1,Credit Card,Premium,0
CUST004494,31,59.049865651991965,2052.512791879543,10,8,0,34.89491810927204,3,1,0.15173299900650528,0.39528598055289,0,Credit Card,Regular,0
CUST004495,22,8.288561182608033,165.4695926200858,11,2,3,20.151850179825548,1,4,0.10003007018677014,0.3955340768238195,0,Debit Card,Regular,0
CUST004496,16,157.6770226407112,2850.88542264641,7,10,1,64.25585933691336,6,3,0.2713155405844834,0.18864936443589866,1,Credit Card,Occasional,0
CUST004497,3,21.636309107335883,72.32838526087687,14,58,1,41.80009117684045,1,1,0.16394481874910638,0.37519280789387166,1,PayPal,Occasional,1
CUST004498,7,83.59105904184979,605.3544596211143,11,34,1,24.441733393168697,3,1,0.5253661960522499,0.1596745879080393,1,PayPal,Occasional,0
CUST004499,13,25.660510477152382,396.7759344627926,9,62,1,15.877113284431466,3,1,0.06614006615695364,0.10424819619475648,1,PayPal,Regular,1
CUST004500,21,95.68193924371462,2105.1846866260385,11,3,1,35.35033946617679,5,1,0.5099602665724342,0.26615706372717435,0,Debit Card,Regular,0
CUST004501,17,151.58326536589553,2462.8033511744015,8,18,0,47.454468310152045,6,2,0.04212798412921925,0.05083121798347378,1,PayPal,Occasional,1
CUST004502,8,53.24651726124918,423.5324295806193,11,7,2,19.82959488381804,5,3,0.5608536484247992,0.2264419471512744,0,Debit Card,Regular,0
CUST004503,0,206.35937788027655,0.0,11,38,1,27.884065284967846,1,1,0.13845790963517154,0.460210168270137,1,PayPal,Occasional,0
CUST004504,16,140.550105229406,2680.2467708314803,11,105,1,116.24288411741543,3,3,0.27830201903037777,0.2167461177283163,0,PayPal,Regular,0
CUST004505,8,123.86325943367447,996.4820946593876,11,50,2,20.747055239337104,4,0,0.04001403811436055,0.41740276826989703,0,PayPal,Regular,0
CUST004506,31,201.803225699481,7121.1528278409205,8,1,1,37.68293762123421,1,0,0.5097753181697398,0.4651048176103681,1,Debit Card,Regular,0
CUST004507,0,96.98138005799267,0.0,10,11,0,36.76601333064315,3,3,0.33218533332532263,0.23916523873953707,0,Credit Card,Regular,1
CUST004508,21,62.432360673433266,1453.4772904226195,11,0,1,83.2836205346743,4,2,0.16219828063761985,0.13295818990345273,0,Debit Card,Regular,0
CUST004509,68,112.14260638559455,7227.920709588028,5,1,1,10.198373551344805,0,1,0.11255603174948,0.2220535724479202,0,Debit Card,Regular,0
CUST004510,4,27.268638102361457,120.31265022506125,7,2,2,79.60329126169073,1,5,0.10272570280649214,0.16576961934006387,1,PayPal,Premium,0
CUST004511,15,162.10715630420697,2298.697731290901,11,9,0,159.2532967219119,6,3,0.20165529650941205,0.09169197261662822,0,Credit Card,Regular,0
CUST004512,2,162.25750217652916,295.3984855114197,10,10,0,54.563674787348766,4,2,0.0842824670319037,0.13401846863059577,0,Debit Card,Regular,0
CUST004513,23,69.71404857435377,1567.026944890409,8,15,0,82.58566656338886,4,1,0.2312085520845292,0.31963527566958655,0,Debit Card,Regular,0
CUST004514,19,50.14496971692453,1204.2078329666701,7,15,2,96.74226432447952,5,1,0.4606792665416071,0.2738507198360081,0,Debit Card,Regular,0
CUST004515,12,99.02955674520439,893.192640061776,9,44,1,52.18077926778047,4,0,0.12697404927250588,0.20631712720086104,1,Debit Card,Occasional,0
CUST004516,17,23.153590995950903,389.0054323434321,10,4,1,33.514804645197586,4,2,0.16195855964865039,0.22409245993698004,1,PayPal,Premium,0
CUST004517,54,61.258672066423884,3307.151213460532,13,5,3,49.21432088972304,1,1,0.34771731351544216,0.3733199063104227,1,Credit Card,Regular,0
CUST004518,5,194.65365246034304,1043.289876741841,13,29,2,71.34144960238211,1,5,0.2376592824130913,0.174742075415272,0,PayPal,Regular,0
CUST004519,0,33.18850181327475,0.0,11,25,0,36.640615268210816,1,1,0.4576921807051413,0.1805933557997602,1,PayPal,Occasional,0
CUST004520,47,212.91844188365556,11383.084136328815,15,5,2,6.393462902396035,4,1,0.4784540106104707,0.37167389760159325,1,Credit Card,Regular,0
CUST004521,20,116.37281111955087,2199.638742112692,11,57,1,28.06314673672552,2,1,0.25865252137563277,0.3198296706587015,0,Credit Card,Regular,0
CUST004522,53,127.57097372755055,7370.781729889007,9,11,2,59.137314729067484,3,2,0.25275041428572353,0.30022849504874766,1,Credit Card,Premium,0
CUST004523,21,50.83230141206958,1133.0867181795452,6,13,0,57.51732061093734,3,2,0.3198838087797138,0.4258620521896276,0,Credit Card,Regular,0
CUST004524,39,38.155779880839596,1641.7495193590323,12,16,0,26.899889841714728,1,2,0.5632093659810373,0.18206154954106035,1,Credit Card,Occasional,0
CUST004525,13,66.95882808751533,787.1583512345597,13,11,0,37.64537916364207,2,1,0.10780055243060277,0.2461203647568603,1,Credit Card,Regular,0
CUST004526,33,255.77718538435653,8394.745915782732,14,24,0,15.67429738193786,3,5,0.44465242857141296,0.0589333859814638,0,Debit Card,Regular,0
CUST004527,58,48.43938335131663,2206.9026809317543,12,14,2,46.00832389342418,0,3,0.38841493333069166,0.4998418128554527,1,Credit Card,Occasional,0
CUST004528,20,6.411511432481622,164.9169475820178,14,9,1,38.94954465699478,3,0,0.15901296173891316,0.3740835461313452,1,Debit Card,Occasional,0
CUST004529,4,91.28450525142196,390.61096819381856,13,70,0,42.20652728514455,0,1,0.5927011465278722,0.325268221270908,1,PayPal,Regular,1
CUST004530,7,186.07763750982443,1181.6967478621768,11,11,1,153.89298834763449,6,0,0.25798188410038714,0.37469928951982046,1,Debit Card,Occasional,0
CUST004531,5,99.83767723474745,514.3817130749032,11,35,0,54.79605867106913,2,3,0.3391846518310005,0.4496591989361897,1,Debit Card,Premium,0
CUST004532,6,267.3137820342743,1362.5115549284033,15,12,0,21.092363398084544,6,2,0.38251436294129515,0.3305315243857974,1,Debit Card,Occasional,0
CUST004533,8,134.48965773134432,1096.3456678497814,7,17,2,63.16034885257771,3,1,0.31732055978325563,0.23678426548949763,1,Credit Card,Occasional,0
CUST004534,19,100.81946770697994,2066.4549939214226,6,8,0,42.65475139925055,4,2,0.583194812671143,0.27568822255516445,1,PayPal,Regular,0
CUST004535,21,66.24643327797364,1502.2313895038933,14,41,1,31.487190131468843,1,4,0.20142425091561916,0.3490453833471943,1,PayPal,Occasional,0
CUST004536,13,122.60953316525163,1733.2054574109682,10,40,1,48.59482951602642,2,3,0.17364513948347268,0.2588499516744457,1,PayPal,Premium,0
CUST004537,22,18.289780120316117,310.71023706449495,7,0,3,106.58734441014929,5,4,0.4441204652156342,0.17306536959160437,1,PayPal,Regular,0
CUST004538,2,256.10202003199726,585.8781333649924,5,1,1,15.73574409475241,3,0,0.3027777648862822,0.3245055578471095,0,PayPal,Occasional,0
CUST004539,2,151.96305239706552,303.2392903075383,13,76,1,9.693595280985392,2,0,0.2516585067233858,0.2568383601359898,1,PayPal,Occasional,1
CUST004540,4,151.35449498025608,610.4516125568873,10,65,1,32.568866759452995,3,3,0.22599213331448267,0.12369644846216657,0,Debit Card,Regular,0
CUST004541,17,80.78860480114932,1319.8514659266823,17,21,0,45.15284619978785,1,4,0.07706842854251059,0.4973860199856885,0,PayPal,Occasional,0
CUST004542,5,208.82920291108888,1204.8855610760174,10,20,1,41.12682054691903,2,2,0.20832781057783478,0.2328783968381626,1,Credit Card,Occasional,0
CUST004543,7,72.12781948327817,516.6388494694836,9,50,0,39.94390804274261,2,0,0.1933519989800518,0.08505288172575538,1,Credit Card,Occasional,0
CUST004544,12,53.75234388732003,500.61818700739576,12,4,0,33.18272051361469,3,3,0.2901047660429331,0.20222918425037326,1,Debit Card,Regular,1
CUST004545,40,87.25706306686243,2803.0603775229806,10,31,1,86.92217924755161,3,0,0.2474191713317047,0.5332514142764382,0,PayPal,Occasional,0
CUST004546,0,155.62354767022296,0.0,9,19,1,58.18488046121583,5,2,0.28253884813421476,0.3086611018172477,0,PayPal,Regular,0
CUST004547,25,46.01752113297765,1231.9619910364622,8,40,0,96.57519663515744,2,2,0.3643103248019221,0.2552795903962354,0,PayPal,Occasional,0
CUST004548,26,39.41690976758365,1026.3359472706622,6,0,1,10.981638994919788,1,1,0.6309241745261523,0.47617975756389463,0,Credit Card,Premium,0
CUST004549,38,38.05152684145498,1409.4875897046115,10,26,2,38.951340112440775,0,4,0.18588526395958974,0.4853893927565271,0,Debit Card,Occasional,0
CUST004550,64,57.08662166583215,3802.6791969040364,8,24,3,55.25898482980806,5,2,0.40677993726955197,0.6407137452584974,0,Credit Card,Regular,0
CUST004551,0,166.583589210841,0.0,14,55,1,21.44479913871954,2,2,0.38895513385613834,0.16686594654843237,1,Credit Card,Occasional,0
CUST004552,4,96.03710606623125,352.5009266709929,7,33,0,41.26412410643769,4,1,0.19584538693882966,0.43023780320880517,1,Credit Card,Premium,0
CUST004553,52,28.45185876024433,1379.5578057249159,13,63,3,66.34603965425033,3,2,0.08364062135238959,0.31612849534224297,1,Debit Card,Occasional,0
CUST004554,14,354.621432437396,4736.4509277467505,12,65,1,111.88143740959114,6,1,0.6743068308374455,0.10624045988031657,1,Credit Card,Regular,0
CUST004555,19,24.339731626574405,562.8606607104989,12,15,2,110.29295352082046,1,1,0.0784508626081547,0.24775234361306772,1,Debit Card,Occasional,0
CUST004556,26,57.44829473937722,1642.061554850358,2,4,3,102.10369897756368,2,2,0.3942022910664287,0.09413484135168193,1,Credit Card,Premium,0
CUST004557,27,36.66374597028778,920.0712636484795,6,29,1,120.38447185680997,3,0,0.0989378045729943,0.40091562698119404,0,Debit Card,Occasional,0
CUST004558,64,47.122432583395835,2967.3467276935057,8,62,0,7.8924569937204225,4,2,0.4374003077495893,0.16447706663652653,1,PayPal,Occasional,1
CUST004559,139,88.02934413505744,11121.038169000432,10,2,1,14.452162853036317,5,3,0.47585274304189956,0.27416003629443614,1,PayPal,Occasional,0
CUST004560,30,70.31143194950545,1957.3933516788131,12,24,1,38.0524328090476,2,0,0.18404424570920974,0.3707241866308184,0,PayPal,Premium,0
CUST004561,8,42.31910283841624,335.48222047318,8,3,0,23.113047405674916,3,2,0.4295382761810021,0.28372953988689026,0,Credit Card,Regular,0
CUST004562,50,106.16759141900216,5530.632833210299,13,0,1,59.40258789834058,4,1,0.24678364056274976,0.42054942243017707,1,PayPal,Occasional,0
CUST004563,1,118.25038855954126,122.80361989878357,6,34,1,145.85663662210715,2,0,0.09125409476106311,0.1815124234416201,1,Debit Card,Occasional,0
CUST004564,6,134.10876453193765,835.434377102508,8,34,2,12.53985469914948,2,2,0.19664215682302097,0.12915802092973847,1,Credit Card,Regular,0
CUST004565,54,89.1237358419353,5115.001195510997,7,27,0,34.13236165585624,1,1,0.29084789746378614,0.1612528423410168,0,Credit Card,Regular,0
CUST004566,7,114.65413200744479,659.8297026960336,9,58,1,45.8772481301116,2,2,0.2533210540680565,0.1646663129522487,1,Debit Card,Regular,0
CUST004567,5,131.78589623481258,604.8110145187169,7,2,0,15.637752377741736,3,1,0.3011301591145701,0.2997719731527508,0,PayPal,Regular,0
CUST004568,3,47.89552332657852,148.2334099423156,11,3,0,76.1375679149437,2,2,0.20623073918170928,0.33519675721711917,1,Debit Card,Regular,0
CUST004569,47,300.7350744021195,15266.96542039006,6,59,0,50.341555816912226,2,4,0.10371063234034258,0.20446601864355113,0,PayPal,Occasional,0
CUST004570,16,249.85696348551608,4225.008115652226,10,20,0,36.583728142412696,2,1,0.1950555545198774,0.18422998255674602,0,PayPal,Premium,0
CUST004571,26,153.98524994285324,3213.1059016282393,7,9,1,63.88081824092312,5,2,0.14676681093612035,0.3018334202494479,1,Debit Card,Occasional,0
CUST004572,6,62.802143130702746,345.0691321855047,7,40,1,82.06323886487613,5,3,0.31850440917543166,0.38254348801605037,1,Credit Card,Regular,0
CUST004573,34,10.926744036853592,341.59634951036236,10,67,2,56.33963759670061,6,1,0.017767767407060542,0.32668627331318645,1,Debit Card,Regular,0
CUST004574,34,14.422557941891293,484.6242365359079,13,35,0,57.64944509048716,3,2,0.4972579796448189,0.32656207264143344,1,Credit Card,Regular,0
CUST004575,8,66.87492815262515,500.5744014850354,8,47,1,49.45152295545681,3,2,0.335072702015507,0.22683375317397345,1,Debit Card,Occasional,1
CUST004576,12,251.12200114842173,3334.674770971005,8,9,3,59.64401226119059,0,1,0.590823534334822,0.2254747407827472,0,Debit Card,Premium,0
CUST004577,5,72.7180690873994,405.19888442024285,10,10,0,92.72023863417168,4,2,0.1789840399058847,0.5941226785849935,0,Debit Card,Occasional,0
CUST004578,90,36.20348989472465,3420.4842328660197,15,59,0,149.38486854741933,3,0,0.3695448998987129,0.39300884031453404,1,PayPal,Occasional,0
CUST004579,24,38.34401598246779,1035.7053536527792,8,28,0,180.85252863829038,5,5,0.03350831133985982,0.122082217462235,1,Credit Card,Regular,0
CUST004580,65,247.54389317566213,17764.069316259294,11,8,1,57.82334951722071,3,3,0.18453098224710307,0.14563142557311898,1,Debit Card,Regular,0
CUST004581,8,68.03794883023696,555.6107266306824,11,22,1,58.23705122044643,2,2,0.4452482805087182,0.2995408122707834,1,Credit Card,Occasional,1
CUST004582,36,237.56953477858417,9011.444268453079,9,34,0,97.06078751027376,3,3,0.1035199241637572,0.27253776834640814,1,Credit Card,Regular,0
CUST004583,34,34.297585831723374,1067.0828171130454,10,7,0,26.661182250631754,1,1,0.18236323252304892,0.1959040870391607,1,Debit Card,Occasional,0
CUST004584,28,40.172178011784624,864.4912694522554,9,31,0,128.36442827489813,4,1,0.396684476296485,0.05932928112865791,1,Debit Card,Regular,0
CUST004585,80,55.9247486485242,4431.958905047562,11,1,0,55.4539118671832,3,2,0.2448828957720585,0.4614293304630683,1,Credit Card,Regular,0
CUST004586,12,120.54481903416978,1637.4431283979675,11,10,0,20.278399768980133,4,2,0.1357634815455419,0.2127332485511038,0,Credit Card,Occasional,0
CUST004587,3,142.32736914227598,331.57745324123175,3,33,0,13.878187051143822,4,3,0.37187225234293125,0.3431185336419109,1,Credit Card,Regular,0
CUST004588,26,44.725494434809306,1087.388244760075,9,4,1,32.88290518457487,3,0,0.4757609548229116,0.1805645091151294,0,Credit Card,Regular,0
CUST004589,31,49.752858582891385,1558.3354546196244,15,7,0,38.439580815485044,4,3,0.48532476345007636,0.2730376514128637,1,Debit Card,Regular,0
CUST004590,20,20.41687826834791,287.2709101523635,12,63,1,57.60466264575777,4,0,0.5304960071254449,0.24535426262030466,0,Debit Card,Occasional,1
CUST004591,5,19.67332397464824,129.69161100708465,8,33,2,101.81026232543338,6,1,0.17494378501235167,0.32096256829121506,1,Debit Card,Regular,0
CUST004592,16,36.958768157434854,512.5241022511492,8,20,1,66.14317820901204,1,1,0.36553790935362823,0.26932573694689993,1,PayPal,Occasional,0
CUST004593,8,222.26124708705206,1813.7779115260225,9,7,0,84.0822980547375,2,1,0.36963687882965157,0.15008882964911244,0,Debit Card,Regular,0
CUST004594,13,36.470303114986855,413.68437921223,7,12,3,73.01117176339481,5,2,0.041634734646537615,0.4190467534051616,0,Debit Card,Occasional,0
CUST004595,24,89.44877504841273,2116.3983731756925,9,25,0,19.507949301907335,4,1,0.2025056348691889,0.13252140674594723,0,Debit Card,Premium,0
CUST004596,32,61.98078045828752,2257.7040970769394,5,5,0,47.221469221794436,4,1,0.27792492150402043,0.35716088922356193,1,Credit Card,Regular,0
CUST004597,6,33.987105048717034,187.05742128403537,13,19,0,23.45073291287668,1,3,0.4251179796885998,0.625957611742283,1,PayPal,Occasional,0
CUST004598,12,129.47011354660503,1656.111403764163,6,15,0,50.348891232441694,1,1,0.12881614630854452,0.293671956808644,0,PayPal,Premium,0
CUST004599,7,51.07622797145343,313.9603007726116,11,19,0,44.83073625629876,4,1,0.13007255481603866,0.3487687767556498,1,Credit Card,Occasional,0
CUST004600,5,159.60472641799853,829.7782949401682,8,3,1,41.75233531801098,4,3,0.43243638461393225,0.47353806215670335,1,Credit Card,Regular,0
CUST004601,36,163.0268348026483,6272.305550198143,10,3,0,99.58265610987459,4,0,0.5037019534663759,0.3554967132823639,1,Debit Card,Occasional,0
CUST004602,57,52.9167978959179,3138.495639358144,8,99,0,63.083744065381794,0,2,0.21051692415797926,0.40631938547625057,0,PayPal,Regular,0
CUST004603,11,144.8550043104612,1478.770354481804,7,116,0,119.84578025964947,0,0,0.19164652771930116,0.2983953972538988,1,PayPal,Regular,0
CUST004604,33,144.36991305713863,4065.4430705018194,12,16,0,39.63681820831998,3,1,0.17685155064821556,0.6203018707008888,1,Debit Card,Premium,0
CUST004605,54,65.35162544910993,3596.950338270147,15,46,0,29.995144556455656,2,1,0.11687423010743854,0.5299736550859302,1,PayPal,Occasional,0
CUST004606,44,58.55888717832146,2483.362122455854,7,31,0,23.317714322275798,2,0,0.1284961890263684,0.3293749211727243,1,Credit Card,Regular,0
CUST004607,4,106.42745986677222,441.4091473694901,11,3,2,87.06937819710976,0,4,0.24294921287791987,0.2760451799845818,1,PayPal,Regular,0
CUST004608,75,285.8869267558884,25141.890172829982,8,10,1,36.4108561018669,4,3,0.267221278930807,0.2523592922540473,1,Credit Card,Regular,0
CUST004609,11,184.88918532516556,2344.7238666878716,8,11,0,49.33222131743886,4,2,0.527751142873931,0.13215510420661278,1,PayPal,Regular,0
CUST004610,9,87.80909198784198,716.4474224509007,11,27,0,10.972432207312064,3,3,0.25826915845124265,0.435365393287682,1,PayPal,Premium,0
CUST004611,1,10.899473994004298,11.918255443668194,9,26,0,112.74764510729518,3,2,0.1980715788843773,0.3429289868732956,1,PayPal,Premium,0
CUST004612,15,80.9310421040289,1283.355586723944,8,77,2,85.71188534501759,3,1,0.31559084018701566,0.21125374255343207,1,Credit Card,Regular,0
CUST004613,2,10.707507773298627,21.61861127512621,8,46,1,20.227573006211802,4,3,0.2713462726320586,0.3534113650947845,1,PayPal,Premium,0
CUST004614,6,17.034713292410174,109.03096542999845,10,58,0,71.88641103776318,4,2,0.12450450088438848,0.24031471949103908,1,PayPal,Regular,0
CUST004615,9,41.551322307220076,330.5735528271939,14,66,1,57.54342266258318,4,3,0.5233839573018273,0.3751387768205262,0,Credit Card,Regular,1
CUST004616,39,89.5784110645545,3734.0306408039255,11,48,0,115.79559944366395,3,0,0.3758703208863128,0.33400052437960787,1,Debit Card,Occasional,0
CUST004617,50,46.16425385496533,2416.0797921359144,12,12,3,40.454154766603345,3,1,0.11897487177577619,0.0898661408927769,1,PayPal,Regular,0
CUST004618,8,197.43749010205434,1629.3975179813408,10,7,0,54.71386236501543,4,3,0.09786944439952373,0.43892454050131163,1,Credit Card,Occasional,0
CUST004619,46,81.41080310628166,3682.769020389921,9,25,0,109.36570425242076,2,2,0.5501828281681993,0.17224414240736696,1,PayPal,Regular,0
CUST004620,46,47.93888370447426,1971.8731269177233,9,35,3,49.716389594392695,3,0,0.12682965170344132,0.3340424703475594,1,Debit Card,Regular,0
CUST004621,34,136.802198434359,5064.186760536161,13,14,1,56.57113414966885,3,5,0.3881325528133388,0.32501526987838825,1,Credit Card,Regular,0
CUST004622,3,43.29679443294703,125.43040929000169,15,56,2,58.75467408039037,1,5,0.6056942372924602,0.31114124154759254,1,Debit Card,Occasional,0
CUST004623,28,91.25843517154364,2525.7995128066395,15,96,0,105.30159423345658,2,1,0.2539672127831288,0.3444723931450342,1,Credit Card,Regular,0
CUST004624,69,4.981057285481756,363.44310465902157,9,25,1,29.405972056514713,4,1,0.08956966107868088,0.45868605906891124,1,PayPal,Regular,0
CUST004625,27,42.6575541605024,1116.7543878691617,11,18,2,116.91707441958664,4,2,0.14261035238842942,0.3563303091409461,1,Debit Card,Occasional,0
CUST004626,9,188.71674514250452,2009.7632808955782,12,55,2,57.38561616365584,4,3,0.2377985864850429,0.21816054773667745,0,PayPal,Regular,0
CUST004627,16,116.07909538441683,1726.1669938474072,8,0,3,183.55982624591917,3,1,0.5536552909588618,0.3216705093338152,0,Credit Card,Regular,0
CUST004628,24,99.09861775113679,2871.453429721244,7,4,1,131.1613025342798,2,1,0.3258288032422722,0.24240325485583109,0,PayPal,Regular,0
CUST004629,17,129.87757724007517,2320.775057105654,9,56,1,59.19150286165839,3,2,0.7399607167147081,0.40681855271132916,1,Debit Card,Regular,0
CUST004630,3,189.81085587418093,484.6025002551457,10,39,0,50.85417593601161,3,1,0.5728162371377553,0.12726340709876025,0,Credit Card,Occasional,0
CUST004631,8,80.09702260476341,556.0384766663261,12,16,1,35.72639420496033,1,3,0.36216030062842686,0.6474016474163309,1,Debit Card,Occasional,0
CUST004632,38,52.9395519785253,2082.8193498919272,9,65,1,44.631466715331534,3,1,0.3306096182125859,0.1773284109122495,1,Credit Card,Regular,0
CUST004633,47,143.82826294328686,7126.153144130478,9,12,4,20.717811776930883,0,3,0.16274910717397517,0.5277030669095186,1,Credit Card,Regular,0
CUST004634,3,70.00374515531067,195.32991589951592,9,30,1,8.614780514071986,6,2,0.46280887287812533,0.3177441147112709,1,PayPal,Regular,0
CUST004635,73,51.97486572303082,3632.406662180558,8,30,1,121.5279249846898,3,2,0.23932045638384508,0.40606398507767916,1,Debit Card,Regular,0
CUST004636,9,63.07450641088904,605.4970479521232,4,6,1,66.48166212767808,2,0,0.18423242495153888,0.19849791691295046,1,PayPal,Premium,0
CUST004637,26,115.61645682384523,2910.1146355082406,9,10,2,75.44803620202605,5,3,0.5339164741027372,0.4968610615080686,1,Credit Card,Regular,0
CUST004638,33,12.989037881902227,401.13306106915314,10,74,1,49.4752433628655,6,1,0.05808721931836744,0.2484580189783878,1,Credit Card,Regular,1
CUST004639,40,117.14489035745655,5204.484261377621,10,6,0,38.88498518351787,4,2,0.5010936071917672,0.20270260280221788,1,PayPal,Occasional,0
CUST004640,69,29.764657814715616,2262.3484025598223,16,5,1,70.93486400759244,4,0,0.5858433470840816,0.30662070114378526,1,Credit Card,Regular,0
CUST004641,9,45.94597428303604,425.1969526460538,6,19,1,25.10778297821892,1,1,0.29478498723326624,0.3969474710853916,1,Debit Card,Regular,0
CUST004642,46,23.046712345211482,1113.0636958485404,11,2,2,139.0030123705514,5,4,0.028999269993892327,0.2938294343428614,1,PayPal,Regular,0
CUST004643,3,133.67255926122505,421.44963376276064,12,67,0,62.32254895591009,3,1,0.5008860153912258,0.3689146374432047,0,Credit Card,Regular,1
CUST004644,29,99.37339804292078,2699.688639798967,10,3,5,61.955781704642206,2,2,0.17443685000386958,0.19122438851501347,1,PayPal,Regular,0
CUST004645,32,29.85888337137511,1109.6527458551052,10,28,2,83.5701704741585,4,2,0.0555386297127295,0.4421298081346018,1,Credit Card,Premium,0
CUST004646,27,149.1367623403403,4670.119883744826,5,12,0,97.63596346815108,4,1,0.4446171420880541,0.2886276421297069,0,Debit Card,Occasional,0
CUST004647,6,17.310473971396934,92.46394690411582,12,48,1,42.551710356621335,2,2,0.102755280658808,0.5276109933555211,0,Credit Card,Regular,0
CUST004648,49,59.97997252484753,2895.9018754115873,10,26,0,20.963440926587474,5,0,0.1448708613702065,0.24050101737508212,0,Debit Card,Regular,0
CUST004649,4,21.64121143953715,74.07661061911541,11,14,2,40.5110345037021,6,4,0.31722646300679647,0.16786669358872075,1,Debit Card,Premium,0
CUST004650,1,71.45064141615202,69.23197732495305,11,123,2,23.58539071412054,3,1,0.35587318962859643,0.29019427034443435,1,Credit Card,Occasional,1
CUST004651,30,52.01800642399963,1590.8471600541473,10,2,0,49.88777019285613,3,1,0.4579494893010896,0.25124567178698193,1,PayPal,Occasional,0
CUST004652,15,26.886419747877817,346.5973865899241,11,25,0,31.57074835193072,2,1,0.26628102210073706,0.33526349391110416,0,PayPal,Occasional,0
CUST004653,45,82.24828534655832,4364.142547803717,15,136,0,70.05476336821528,3,1,0.2034591574773671,0.32340586749950645,0,PayPal,Regular,0
CUST004654,11,31.97804958189151,398.62110724350725,6,35,3,21.401828505077425,2,1,0.019934153000939304,0.44932501789566404,0,PayPal,Occasional,0
CUST004655,4,7.148581369664514,27.29116565882292,12,40,1,128.26521579637887,7,0,0.35200115285790823,0.24828259857915458,1,Debit Card,Premium,0
CUST004656,43,16.628642532305694,771.7053990016019,8,0,1,64.99015320110755,0,4,0.272334387155653,0.3247626949287574,0,Credit Card,Regular,0
CUST004657,19,59.14244581322541,1315.5057516452596,6,0,2,67.74153034249048,6,3,0.30668767224008175,0.5096643789498914,1,Credit Card,Regular,1
CUST004658,5,66.13928401800841,343.241218678063,11,1,2,56.39914032820187,4,2,0.2976749394117413,0.311110297156435,1,Credit Card,Premium,0
CUST004659,30,39.76429664358105,1114.8876610220636,4,143,1,94.1430272263674,1,1,0.08600846249674365,0.12736029778163,1,PayPal,Regular,1
CUST004660,17,214.31221849977797,3852.544545235969,10,116,1,54.12627082086941,5,1,0.16052679495369276,0.38812308234175835,1,Debit Card,Premium,0
CUST004661,22,104.90506386305462,2068.4895433583224,7,12,0,46.69630587447113,3,5,0.1794174921748284,0.22481302856809948,1,PayPal,Regular,0
CUST004662,14,111.01104361966956,1664.160921885055,5,10,1,56.96760693825246,5,3,0.10844466304432773,0.07127734219127503,1,Credit Card,Occasional,0
CUST004663,42,36.19675500581667,1409.277255409455,12,4,0,52.27707895756751,4,4,0.4511597295296728,0.3716412444611697,1,Credit Card,Regular,0
CUST004664,42,32.158458289116965,1334.2964512772353,7,11,2,35.04091644332253,3,4,0.05944754584134372,0.3889361105971198,1,PayPal,Regular,0
CUST004665,29,94.35106356387169,2665.2253520164386,8,13,2,115.36306295527285,5,3,0.3938175501459356,0.46894024185891175,1,Credit Card,Regular,0
CUST004666,2,65.27132810271304,142.11542017414692,10,41,1,60.5294041303251,1,3,0.529369303446267,0.6680405095824017,1,Debit Card,Regular,0
CUST004667,43,101.00371135639412,3956.3530110902693,10,60,2,47.91407790912298,1,2,0.23122279895072706,0.1056532920943283,0,Debit Card,Premium,0
CUST004668,26,64.57966975325374,1633.5543397099607,9,41,1,26.126773919106206,6,6,0.4919511249779887,0.21524823151007516,1,PayPal,Regular,0
CUST004669,28,137.69797818635678,4081.176683525635,4,31,0,10.394052557999842,2,2,0.12279841546204441,0.5223246873909307,0,Credit Card,Regular,0
CUST004670,10,82.86684079214866,760.568884537344,11,43,1,80.65562081489625,3,3,0.29412685996763327,0.1748867027420509,0,PayPal,Premium,0
CUST004671,50,71.52133886705559,3298.4984499904604,11,40,0,41.64624675651423,4,3,0.4398151328157517,0.41695577685875196,1,Debit Card,Regular,0
CUST004672,31,117.65291723655618,3627.4976601163585,7,19,0,37.53351218008069,2,4,0.29424671792258533,0.4047488457079041,0,Credit Card,Premium,0
CUST004673,2,234.3212488143299,512.1165943118583,13,12,1,87.89157401633605,3,2,0.49772481566245014,0.47063434114468916,0,Debit Card,Regular,0
CUST004674,12,131.89226522461254,1579.7406959607406,7,9,0,6.169391808462473,3,2,0.28636551802519516,0.20012230934525416,0,PayPal,Regular,0
CUST004675,52,25.00866200619678,1148.5879737665516,12,34,1,11.282503288942646,2,3,0.29526057100666075,0.3441434762355995,1,Credit Card,Occasional,0
CUST004676,1,69.85534697611399,67.8713906999838,14,96,0,38.79367150705414,2,1,0.5779581434340811,0.1609906813451434,1,Debit Card,Regular,1
CUST004677,78,71.72309803839431,5965.916052546611,8,26,0,55.00871805840795,3,0,0.24425629632543458,0.2696481873404243,0,Credit Card,Regular,0
CUST004678,27,103.00380134699991,2485.805745829246,12,73,3,33.64028062026657,3,2,0.08848163092941992,0.1837419188762933,1,PayPal,Regular,0
CUST004679,23,58.82638890202948,1537.9387910807595,10,0,1,50.446468751920655,6,4,0.6724036085601399,0.24783280682336525,1,Debit Card,Regular,0
CUST004680,7,80.96538327373489,430.6299983553727,10,47,1,38.467365686427534,2,1,0.4513131091132812,0.22736926465691415,1,Debit Card,Regular,0
CUST004681,6,86.04509414728184,546.2404464972981,10,57,1,60.586729724382934,4,5,0.25161447287436683,0.25893781459086085,1,Credit Card,Regular,0
CUST004682,68,99.00213371083609,7618.672054585712,9,29,1,29.47091366044421,0,1,0.11785998821262753,0.3129665379839075,0,Debit Card,Occasional,0
CUST004683,8,24.860229245051517,221.38809101635738,13,81,1,67.31652554233555,1,1,0.19101180639579343,0.4553417005258545,0,Debit Card,Regular,0
CUST004684,35,28.41636389662697,993.2952322086707,5,26,0,17.623772132231515,8,2,0.22012530668818403,0.09115584333797173,0,Credit Card,Premium,0
CUST004685,11,282.7854903099731,3143.2710155177147,8,8,3,37.523913269612684,5,1,0.3374212495663916,0.25563614004681623,0,PayPal,Occasional,0
CUST004686,3,9.592558026953746,30.826328804208547,11,7,0,78.55367342976203,4,1,0.1805903906511996,0.07051335257205996,1,Debit Card,Regular,1
CUST004687,0,85.31264050139198,0.0,6,24,1,128.66880784903825,1,2,0.17299182566394955,0.2725980527060112,0,Credit Card,Regular,0
CUST004688,18,131.84431883869752,1973.119101005222,13,71,2,104.90398609238737,3,5,0.2209845364530072,0.19009033046103122,1,Debit Card,Regular,0
CUST004689,89,33.72620360755962,2912.73838153636,11,2,1,25.4696709398769,2,3,0.2391722591836591,0.37069932043496817,1,Credit Card,Occasional,0
CUST004690,11,184.3225433694079,2103.8002893358994,8,27,1,53.29333964634227,0,5,0.3479423868218005,0.31429157961801774,0,Credit Card,Occasional,0
CUST004691,10,83.38986496061884,820.6057885675813,10,44,1,78.52277962819868,6,1,0.39699922888472783,0.14796061515686534,1,Debit Card,Regular,0
CUST004692,10,239.3238194986684,2598.7484066041725,9,3,0,56.779954131553616,2,2,0.2894233678573816,0.28292667610448163,1,Credit Card,Occasional,0
CUST004693,17,36.697242186152884,690.4080820652246,9,3,3,26.754482831524022,0,1,0.09838920274786248,0.3171839931836317,0,PayPal,Regular,0
CUST004694,13,70.4873705779384,809.7071530372272,10,13,1,22.500436390112938,2,0,0.374034588218719,0.3010709293193286,0,PayPal,Regular,0
CUST004695,50,54.32325753776649,2541.68293234629,11,9,0,25.171054481380413,6,2,0.5793030319623991,0.22166593072559485,1,PayPal,Regular,0
CUST004696,16,48.18224415806032,806.8516343857453,5,6,3,119.98463592114555,2,1,0.09411296650794486,0.3579677588748113,0,Credit Card,Occasional,0
CUST004697,17,50.64573206787767,968.8851522811602,9,6,1,66.7526315729105,1,4,0.06158132010125816,0.2513860963415483,1,PayPal,Premium,0
CUST004698,3,62.37651625934026,210.25852856501092,14,4,1,53.3910023996571,2,0,0.4621791783345288,0.24990942260596197,0,Debit Card,Occasional,0
CUST004699,97,58.591686048395395,5490.953181366374,6,28,0,89.68622252539518,2,3,0.40172893214393723,0.41674436183316876,0,Credit Card,Occasional,0
CUST004700,6,142.75566526760372,809.267439882395,15,34,1,56.3082528923528,7,2,0.27782104440027605,0.22886880144740618,0,Debit Card,Premium,0
CUST004701,1,134.6614535279783,141.09961226568836,8,36,2,59.68966520035059,5,1,0.20009796717816689,0.17363293176786002,1,Debit Card,Regular,0
CUST004702,26,18.367134197987724,505.4940691496342,6,22,1,47.98449999482749,1,3,0.28545108129894764,0.3372243858059685,0,Debit Card,Occasional,0
CUST004703,21,50.589717711654856,1203.7062045154967,17,91,0,14.031733100614211,4,1,0.3359004479993312,0.06683740746826589,1,PayPal,Occasional,0
CUST004704,12,106.8415084149371,1213.9046211048199,7,63,0,29.137393438546752,6,3,0.45986449428629295,0.45447515074460426,1,Debit Card,Regular,0
CUST004705,13,99.73074615666052,1374.486677739072,14,94,0,39.16185933475063,2,1,0.10664023439065826,0.3636710431028748,1,Debit Card,Premium,0
CUST004706,36,67.55859359166324,2406.5058378947338,14,14,1,79.65926920434272,3,0,0.1943654179283391,0.12418903823856671,0,Debit Card,Regular,0
CUST004707,5,80.71169265046471,412.4317360679085,11,63,2,87.39634909399325,4,3,0.2983530988223625,0.3676957375613814,1,PayPal,Premium,1
CUST004708,41,59.88616142780167,2243.7253914225275,9,43,2,15.407934119218867,2,0,0.39263312537780765,0.10831397734347616,1,PayPal,Regular,0
CUST004709,25,151.67439674291919,3586.5110806290577,8,12,2,33.679605641269426,3,2,0.2881984046077865,0.38231751960435134,1,Credit Card,Regular,0
CUST004710,13,140.38153197034688,1757.87589287166,7,3,2,49.186843477503366,3,1,0.348876463960622,0.4641022019397263,1,PayPal,Regular,0
CUST004711,14,63.914722179314396,832.8255820735782,8,34,2,22.12650936838136,2,3,0.30845888403833815,0.11685040683850562,1,Debit Card,Regular,0
CUST004712,7,77.69877826887213,566.0969317708729,12,4,0,76.56697940086858,4,4,0.14419954848543923,0.2566774547770882,1,Debit Card,Occasional,0
CUST004713,33,64.10258132186473,2299.156685209933,6,10,1,95.39165801798322,2,4,0.4747579381403656,0.39288991653905575,0,Debit Card,Regular,0
CUST004714,17,72.68998233117786,1264.5677051337193,14,20,3,206.72944755943507,2,1,0.0951551187185543,0.430164157470459,0,PayPal,Regular,0
CUST004715,9,167.85484130784653,1630.2883778672567,9,34,0,47.37895465861075,6,4,0.04642635138174547,0.13229266540521364,0,PayPal,Regular,0
CUST004716,21,58.58796827684327,1468.9524964232785,8,78,1,48.93420434869533,2,0,0.42871324060621824,0.2955937471946965,0,Credit Card,Regular,1
CUST004717,130,48.546916218925986,6534.450384595712,7,26,0,107.04063335807109,1,0,0.176447899237115,0.509172799562293,1,Credit Card,Regular,0
CUST004718,13,77.28329112708664,1013.1884789386178,13,33,1,99.21775231138494,4,1,0.2835500588901715,0.4439980823488445,0,PayPal,Occasional,0
CUST004719,60,63.57845002361107,3757.31122430699,9,11,1,73.17127603242243,1,0,0.40477244064736717,0.36221460118325277,1,PayPal,Regular,0
CUST004720,10,42.60147284295898,507.5574486390108,14,34,0,36.31694364121025,1,1,0.08974401288114277,0.19876954974656955,1,Credit Card,Premium,0
CUST004721,1,127.54193819466646,128.77339630101451,14,17,2,34.562267062849585,2,4,0.2614781758925262,0.336711153253729,0,PayPal,Regular,0
CUST004722,5,137.61537141647784,752.3620095270984,10,58,2,44.57950167519492,6,2,0.19673878309537704,0.3886206369854432,1,PayPal,Regular,0
CUST004723,13,89.02463137238824,964.9611692454807,14,14,0,55.27270794802693,3,2,0.2962406846319298,0.2691301151052456,0,Debit Card,Regular,1
CUST004724,5,46.50756376135229,212.35945031334626,9,18,2,66.11357666492881,1,7,0.49860396483964786,0.32086498653067286,1,Debit Card,Occasional,1
CUST004725,0,152.28877026067443,0.0,5,17,1,70.5514173277804,4,0,0.10124210357126562,0.18965212680601126,1,Debit Card,Regular,0
CUST004726,59,27.161809660574292,1537.5183966361747,12,49,1,57.95622232334851,5,1,0.25745726737417857,0.21921516346935432,0,Debit Card,Occasional,0
CUST004727,44,68.26879972748138,2518.86668748805,8,92,1,39.8478738594346,3,1,0.5548845545450322,0.2354324982187135,0,PayPal,Regular,0
CUST004728,32,276.8142545008166,8732.821993617754,5,11,0,14.38229397597944,7,2,0.1624735828141285,0.03814948619619183,1,Credit Card,Regular,0
CUST004729,4,90.59144063238824,316.6988245870215,8,19,0,77.15755235254059,2,2,0.5556757428848652,0.7129583920630013,1,Debit Card,Occasional,0
CUST004730,3,61.4409730865399,188.08705098229163,9,36,0,55.573651587501985,3,1,0.12360965883412046,0.4704448003190575,0,Debit Card,Regular,0
CUST004731,1,111.02995527961434,123.01560169751387,10,67,1,52.49894497299561,1,2,0.07947344217184757,0.3254598989974861,0,Debit Card,Regular,1
CUST004732,30,110.9298246378257,3103.301878255568,7,20,2,44.779804610074265,4,3,0.27066144342298404,0.3874627214993922,1,Debit Card,Regular,0
CUST004733,63,180.34313392524516,12659.493026187287,6,3,2,169.48854394166983,2,3,0.2713000303830102,0.24861172512212756,1,PayPal,Occasional,0
CUST004734,13,40.04950027113118,563.037143307785,11,13,1,110.43412018688417,1,2,0.4968393118470496,0.18026012841755265,1,Credit Card,Regular,0
CUST004735,3,113.82785220983851,266.5889221651403,10,23,1,79.79781781288463,4,2,0.36926546543175354,0.10787371649558702,0,PayPal,Regular,0
CUST004736,17,77.2139243954958,1474.4774577061244,3,16,0,68.39415485099701,7,5,0.19974075502859462,0.3586738518543751,1,Debit Card,Regular,0
CUST004737,10,84.60782013150863,876.4868783941822,10,6,0,57.39366939666945,4,0,0.1546625869960014,0.23132993815855674,1,Debit Card,Regular,0
CUST004738,11,75.0331096256746,845.7282366333575,11,1,1,28.673777680593936,2,0,0.45567607925279796,0.44074554900436547,1,Debit Card,Regular,0
CUST004739,23,74.0571726852015,1761.6944057119788,11,34,4,41.33046629784072,2,6,0.28988634754537107,0.22914575060503478,1,Credit Card,Occasional,1
CUST004740,30,18.711153261184002,590.6286991411023,10,147,2,103.25062684633112,4,5,0.3196120884438492,0.25062508401802563,0,PayPal,Occasional,0
CUST004741,2,56.349519717465455,120.9720806984553,8,75,0,54.39748929225051,2,3,0.4936313571035606,0.3283157257097999,0,Credit Card,Regular,1
CUST004742,0,75.53115475909063,0.0,14,34,0,111.99689797524488,4,2,0.34665689485199697,0.0937975736467262,1,PayPal,Premium,0
CUST004743,124,103.63663168610616,13808.343634694913,8,55,1,57.609377911143625,2,3,0.32226926248816445,0.17958548390625573,0,PayPal,Premium,0
CUST004744,6,85.07719687243677,494.4991445303695,7,8,1,11.901121094713037,3,3,0.09899663987981488,0.4947654749207903,1,Debit Card,Regular,0
CUST004745,1,82.59904778104678,74.22141290735112,6,29,0,77.67207919816114,4,1,0.13295144603620795,0.4024662639196366,0,Credit Card,Regular,0
CUST004746,5,120.84235565625126,598.6402105976299,8,1,1,56.127228767137765,5,6,0.6065972767385532,0.08677374121254279,1,PayPal,Occasional,0
CUST004747,0,202.9067095245482,0.0,9,36,0,177.83364729099134,0,3,0.7457999892259082,0.1906396859436686,1,Credit Card,Premium,0
CUST004748,11,67.94968471634353,761.0654415193752,8,105,0,47.560661488715574,2,4,0.390581678248154,0.4243899434243245,1,Debit Card,Premium,0
CUST004749,38,39.5333201865447,1557.7814231233722,6,59,2,44.26683321079962,1,4,0.1633345983758255,0.26655701333411264,1,PayPal,Occasional,0
CUST004750,10,151.0928593644036,1409.603413419455,7,22,0,43.51055449196599,2,1,0.2471790948103663,0.47113970359584845,0,Credit Card,Occasional,0
CUST004751,14,112.96361083798713,1734.5865492161338,9,46,2,37.43755014281145,3,3,0.32367608804837394,0.2145478382899508,0,PayPal,Occasional,0
CUST004752,27,63.91272291203857,1478.9444040458284,10,86,2,102.49235704024619,1,1,0.09495964504512118,0.2345570132510136,0,Debit Card,Regular,0
CUST004753,17,154.0776451552457,2772.877399107731,11,7,0,249.53399404892957,1,2,0.3579856456727481,0.5026327366524319,0,Debit Card,Occasional,0
CUST004754,47,38.39422545585596,2066.95658535357,10,47,0,60.73674592223817,4,1,0.2930824196834192,0.3557950827339995,0,Credit Card,Regular,0
CUST004755,48,68.37617243263563,2930.340679773791,10,9,1,79.88101635118394,1,2,0.5648511768311214,0.26941094189444875,1,PayPal,Occasional,0
CUST004756,0,62.18628962927924,0.0,10,62,2,45.95999788538256,1,4,0.09470872281449731,0.40899036510291586,1,PayPal,Regular,1
CUST004757,36,159.30713572671903,4930.0564981337,12,3,0,142.35069542661034,4,4,0.19902455559966628,0.40853533209432497,1,Credit Card,Regular,0
CUST004758,14,98.44597249958362,1314.2484800915431,11,5,2,71.38942317090414,6,1,0.6037920762238435,0.670568349802437,1,Credit Card,Regular,0
CUST004759,107,28.930241555201608,3055.724091744441,9,38,3,45.22617617293608,4,2,0.08931013150717629,0.12137578084092257,0,Debit Card,Regular,0
CUST004760,15,335.96101814294343,5148.124956152481,1,5,0,99.80953553204873,5,1,0.4478590107088379,0.42952641638892264,1,Debit Card,Regular,0
CUST004761,104,117.56602275711741,12617.74121749088,7,5,2,56.67145028473105,1,1,0.5508531843056653,0.2595737740189752,1,PayPal,Regular,0
CUST004762,33,45.96609628413253,1812.6414148962865,14,24,2,14.422537673637079,4,1,0.22942737070399968,0.16338650673312483,1,PayPal,Occasional,0
CUST004763,6,192.79619549511105,940.9274110717406,7,54,1,26.47156489258172,3,5,0.16525814652317003,0.20464635801544295,0,PayPal,Occasional,0
CUST004764,18,79.78647844767764,1707.7559843910274,2,9,1,22.161904668939133,3,1,0.1421204954276221,0.40710044163365805,1,Debit Card,Regular,0
CUST004765,116,71.48813927391804,7957.744807117682,13,55,1,108.13885718179267,3,4,0.3446180557801281,0.11158669173573511,0,PayPal,Regular,0
CUST004766,46,74.93055446272861,3044.384481029825,10,49,0,35.796420213527526,4,2,0.18219351788385227,0.42506751797070325,1,PayPal,Regular,0
CUST004767,2,79.14875637119908,138.70376088853232,10,25,0,23.65503098487754,3,2,0.342192998690925,0.11789500289784052,0,Debit Card,Regular,0
CUST004768,29,77.25154238864418,2225.871436306761,6,31,1,70.0322935812176,2,2,0.5080476386464807,0.057224199731878825,1,Debit Card,Regular,0
CUST004769,10,72.14574131569067,671.2349277002393,7,1,1,66.15569451871906,3,2,0.48332445410428154,0.37864440634665336,1,Credit Card,Regular,0
CUST004770,0,52.437710025239156,0.0,11,13,1,101.04045668054589,5,2,0.16179608921941893,0.265820063209993,1,PayPal,Occasional,0
CUST004771,12,43.12504533371184,532.4245623704742,8,9,0,116.95599856565516,0,3,0.4227304987296972,0.10812977832590491,0,PayPal,Regular,0
CUST004772,6,89.8478818312145,493.5703827347093,14,4,0,47.91371141405005,0,2,0.11346372263653319,0.36939916347405105,0,Credit Card,Regular,0
CUST004773,41,43.832403224386134,1719.0623390768476,7,14,0,131.95457071965333,2,2,0.38040020292039434,0.3220838105942873,0,Debit Card,Regular,0
CUST004774,9,100.89992795736227,845.5044331408466,13,13,2,105.34737859704975,4,3,0.2578295355073821,0.16265186976335153,1,PayPal,Regular,0
CUST004775,42,186.5574708360272,7796.1189013783005,11,39,1,14.117232197655056,6,2,0.5248723357180011,0.28971636155203745,1,PayPal,Occasional,0
CUST004776,0,78.91458067279461,0.0,4,27,0,77.13072959288138,4,2,0.22010643874843175,0.49176230902129814,1,Debit Card,Regular,1
CUST004777,8,92.8551908057215,701.5733825332792,9,73,1,32.63677522080821,0,3,0.12840505792188397,0.18870220777273647,0,Credit Card,Occasional,1
CUST004778,6,159.63195197178968,887.000532290013,11,4,2,30.38850500377276,2,3,0.49144385804961377,0.5001474727525428,1,Debit Card,Premium,0
CUST004779,6,67.41594450547105,413.32216476867757,9,1,2,127.81302202663554,1,2,0.0687207650409456,0.3627987010352943,1,PayPal,Regular,0
CUST004780,1,49.99912375473745,52.19363619036725,9,22,0,102.20916671158943,5,3,0.5039884884930458,0.2832491338674652,1,Debit Card,Premium,0
CUST004781,4,4.9367805953393,20.120307660285555,9,0,0,108.75213447655683,4,1,0.19059071040619396,0.4608135627332164,1,PayPal,Occasional,0
CUST004782,19,86.94761973652045,1683.9963607679151,7,46,2,54.99012000745918,3,2,0.14423527345462278,0.363053393535274,0,Debit Card,Premium,0
CUST004783,8,50.482559747994095,408.1687257140456,14,21,2,17.74161639148636,2,6,0.1407398114217284,0.3309312613295252,0,Credit Card,Occasional,1
CUST004784,12,63.75777827858082,631.3880087541538,10,20,1,18.735217359128576,3,0,0.1408897059360964,0.4200823151732166,0,PayPal,Occasional,0
CUST004785,11,9.004640677476921,95.05694359909624,11,13,0,29.346465504484918,1,1,0.10430217898402067,0.1455708375246837,1,PayPal,Occasional,0
CUST004786,50,63.621271618218664,2712.8800576365743,11,14,3,106.88250621698455,4,1,0.18475376181840975,0.23678635534937487,1,Debit Card,Occasional,0
CUST004787,56,30.08962115293147,1699.6802753019801,9,16,2,43.445723776279415,1,1,0.5115340623304203,0.5214504969845521,1,Debit Card,Regular,0
CUST004788,16,24.97985013620634,434.6421211827614,11,0,1,126.78116565989751,4,0,0.3036399072072104,0.6311372491857659,1,Debit Card,Premium,0
CUST004789,9,33.86997616667573,278.09596129485357,11,2,2,36.45390550684,3,4,0.25908048599848005,0.09526530972320937,0,Credit Card,Regular,0
CUST004790,2,30.324570499725223,66.58372313019156,7,21,0,144.55575924724758,7,1,0.05245206236087557,0.47056997166918324,1,PayPal,Regular,0
CUST004791,73,142.09527495044512,10783.954223891666,14,4,0,96.31213392251138,2,1,0.22728002696485877,0.384134375057497,1,Debit Card,Regular,0
CUST004792,1,165.5374295083708,155.1372558637126,12,45,1,31.21110338460724,3,2,0.4233623947212262,0.2782684862887273,1,PayPal,Regular,0
CUST004793,8,88.07276406186756,702.0666945838351,9,9,0,58.83006588708359,5,1,0.11442049901294671,0.44809056843687817,1,Credit Card,Occasional,0
CUST004794,8,235.76015345968716,1727.9408427135577,12,3,0,101.42578150856127,3,3,0.2853095133502112,0.24212369927991337,0,PayPal,Regular,0
CUST004795,9,61.03328638944732,568.3329082420526,7,8,0,61.14280907023294,2,4,0.40774786713410566,0.26493647775999873,1,Debit Card,Regular,0
CUST004796,4,38.098631188952034,158.18165162407348,4,13,0,43.85527163382919,1,1,0.47368351210952725,0.061356078017663324,0,PayPal,Regular,0
CUST004797,36,75.67259767463341,2885.96526176717,6,1,0,42.53704004915393,1,2,0.15109073077353846,0.19021080723203243,1,PayPal,Premium,0
CUST004798,3,34.501697035048146,90.88541907357721,5,4,1,36.31264960880703,2,1,0.06788023147686333,0.2932701643791876,0,Credit Card,Premium,0
CUST004799,24,81.7523475434345,1942.1754196401175,11,11,2,35.35718749337641,3,5,0.3389666252729319,0.35683709427686316,1,Credit Card,Regular,0
CUST004800,3,123.08090416663269,375.7805412422573,7,11,0,50.89981494345558,0,1,0.4962449493153797,0.4784737990743763,1,Credit Card,Occasional,0
CUST004801,1,33.92481788184906,37.19048619601885,7,48,2,27.893451527258577,6,1,0.28035932886473447,0.3349343939591218,0,Credit Card,Regular,0
CUST004802,57,205.55533155488268,11289.129485544017,11,55,1,41.196074817593384,0,1,0.29369966888803656,0.21959631377376618,0,PayPal,Regular,0
CUST004803,5,287.8526000375973,1549.83974725557,8,6,1,81.08004988963026,1,1,0.1380088973547654,0.6155073347152626,1,PayPal,Occasional,0
CUST004804,41,254.23769499938334,7872.191944348163,5,3,0,30.681265406101794,5,3,0.1564002851207706,0.40629206759470854,1,PayPal,Regular,0
CUST004805,18,12.827535124907055,237.00749309223457,5,30,2,25.24385771047009,2,2,0.4641563756889724,0.3907026494350492,0,Debit Card,Occasional,0
CUST004806,1,52.70897494296456,57.573334508520134,15,48,0,24.751731957330378,2,2,0.45424530981198985,0.2830744645284548,0,Debit Card,Occasional,0
CUST004807,74,96.47605647493864,7489.338889906179,11,99,2,43.116782120198074,2,1,0.06819916762501928,0.5139407130894391,0,Debit Card,Occasional,0
CUST004808,6,21.893686694539664,149.68140730640482,9,0,3,26.79857770792932,3,2,0.24075359188112733,0.24275664833123228,0,Credit Card,Occasional,0
CUST004809,47,24.111864260021804,1127.2481967159304,7,16,1,49.370681621961836,7,2,0.49081327486644044,0.5725683315400897,1,PayPal,Regular,0
CUST004810,4,11.673551257847128,50.45130996030725,6,39,1,69.3774393095567,4,1,0.6315460775081467,0.3642671982199569,0,Debit Card,Premium,0
CUST004811,46,81.27329879541449,3650.0659318512317,12,52,1,34.940992589000935,3,3,0.16306241183494063,0.2574732959300365,0,Credit Card,Premium,0
CUST004812,0,101.26485426128093,0.0,10,1,0,18.77276302992591,2,9,0.392877199379071,0.3705882047580488,1,Debit Card,Occasional,0
CUST004813,17,160.37488086635773,2887.1030672087354,8,34,3,123.89010368866775,1,2,0.19283171313989567,0.3473594074240402,1,Debit Card,Regular,1
CUST004814,35,112.8658313097072,3661.780537363953,7,10,1,48.23597908190359,1,1,0.34439511935616046,0.09182958106516068,0,Debit Card,Premium,0
CUST004815,65,126.27585817959239,7920.510916110439,8,2,1,54.01167979300206,3,1,0.3504970770121573,0.07407688164062859,0,PayPal,Regular,0
CUST004816,57,15.477849699170287,885.6504022845247,5,20,0,83.78759187411285,10,3,0.36965174043335897,0.08266915715546307,0,Credit Card,Occasional,0
CUST004817,41,93.84361884941121,4119.2905907700915,9,5,2,24.697178257153716,2,1,0.19454381623032568,0.5495205393894012,1,Debit Card,Regular,0
CUST004818,52,73.99433043253211,3552.1690757397328,9,40,0,36.3904452431703,2,2,0.06119366027531446,0.34697974247092356,1,Debit Card,Occasional,0
CUST004819,5,45.485611257011584,212.7535493931982,4,40,1,54.2773490529709,3,1,0.11242832768652862,0.11872591535222728,0,PayPal,Occasional,0
CUST004820,8,58.40655834990396,429.6267573258699,10,55,0,68.39846444432554,2,0,0.6111064121772569,0.05075041993541837,0,PayPal,Regular,0
CUST004821,8,101.71612131441641,879.3877164370136,8,14,1,50.973601855387294,0,1,0.057335974068466786,0.6765935655968056,1,Debit Card,Occasional,0
CUST004822,11,131.6041797014859,1447.500845003234,11,0,1,58.21771522548954,8,0,0.15539928637407419,0.15939687109992387,1,Credit Card,Occasional,0
CUST004823,11,264.2423641451786,2764.600333689796,8,9,0,51.09099222223066,3,2,0.3266650611266635,0.09764735422671547,1,Credit Card,Regular,0
CUST004824,18,105.97320210320342,2193.447488426824,7,18,3,48.482790365791686,3,2,0.14264133130296183,0.20062140979087448,1,PayPal,Regular,0
CUST004825,4,141.18914649690493,510.347579710747,10,35,1,8.70614458623611,4,0,0.10610982998303115,0.17629061521863132,1,Debit Card,Occasional,0
CUST004826,28,137.81792132010307,3816.6971762084063,7,14,0,72.96255407174856,3,1,0.2157714510584789,0.2538321562170486,1,PayPal,Regular,0
CUST004827,4,166.83934059204728,745.3917666742459,11,23,0,19.39391628920554,2,1,0.41380805680673977,0.5669524171293666,1,PayPal,Regular,0
CUST004828,8,29.875356756862693,252.57565416786338,11,22,0,140.30428356453936,2,2,0.612804447988518,0.2804204255223063,1,PayPal,Premium,0
CUST004829,16,82.98611917653169,1412.1390210416816,9,5,1,40.31740296217524,3,3,0.366972950527052,0.4139054760536748,1,Debit Card,Occasional,0
CUST004830,38,35.72544994131913,1513.1243269922672,9,29,2,45.307239798078704,4,10,0.5150265251095817,0.13625172806626745,1,PayPal,Regular,0
CUST004831,32,37.86588655351999,1159.7705388241156,13,17,1,59.18456469980811,1,3,0.12080052194659073,0.4486169938235242,1,Credit Card,Regular,0
CUST004832,24,108.27644285418496,2613.3711052128956,2,49,4,109.37935774876362,3,0,0.6414539068467199,0.49406318101605534,1,PayPal,Occasional,1
CUST004833,4,109.53334029167124,441.1338496713642,9,35,0,56.21042007404392,2,0,0.28566213017331105,0.15033429338154272,1,Credit Card,Premium,0
CUST004834,19,105.18345441776728,2024.37801072192,8,3,1,16.751280593172474,4,1,0.2516604885363393,0.47335076528350906,1,PayPal,Regular,1
CUST004835,2,49.5289770868601,104.6737258431321,12,20,2,49.640106233904916,3,1,0.31201983272053296,0.27323260552223866,1,PayPal,Premium,0
CUST004836,11,84.83615280172711,858.4945526441529,12,36,0,27.49869993835615,3,2,0.3653529220691814,0.42075595175928343,0,PayPal,Occasional,0
CUST004837,12,63.51987187872026,764.075733754484,12,2,0,28.138902272330483,5,1,0.3791454353320638,0.41924388060002676,1,Debit Card,Occasional,0
CUST004838,0,105.0362766858773,0.0,10,47,1,29.39696165521238,2,2,0.10051589120860668,0.2618003577794338,0,Credit Card,Premium,0
CUST004839,7,163.49015798711034,1016.7510691558555,6,7,2,68.58400811056786,4,0,0.3782624796511465,0.2515325046625162,1,PayPal,Regular,0
CUST004840,74,34.04092919707233,2372.543630105025,12,20,1,71.83721338888321,1,2,0.2139736858471089,0.06940998025479438,1,PayPal,Regular,0
CUST004841,73,78.14963715964726,5421.133938957752,10,84,2,81.10549950118892,4,1,0.28809408607876824,0.33224834704387723,0,Credit Card,Regular,0
CUST004842,10,141.11629908919272,1349.1529126215046,7,25,1,36.80603862253339,2,0,0.35917759159332063,0.5537099634153193,1,Credit Card,Premium,0
CUST004843,1,17.116004295299632,16.394852902846885,7,16,1,57.47798240120887,2,1,0.3085289152198681,0.11356236305471992,1,Debit Card,Occasional,0
CUST004844,4,150.18602724539863,603.7803765942061,10,0,2,75.25606328638875,2,1,0.0480732784041228,0.4193556092264181,0,PayPal,Occasional,0
CUST004845,11,8.435888873543426,84.75531020576224,3,4,1,128.79966577322045,1,1,0.1298285581409116,0.24928097666702473,1,Debit Card,Occasional,0
CUST004846,70,29.76563244515506,1757.122435260035,11,25,1,17.75810057889248,3,0,0.27878760157151383,0.25700761068383454,1,Credit Card,Occasional,0
CUST004847,3,75.30165435994178,232.3460566230085,11,20,2,57.866984445025125,3,2,0.3538379065785298,0.161509116980082,1,Credit Card,Regular,0
CUST004848,34,62.06787387439234,2049.7441716476606,7,13,0,26.765884125933532,2,1,0.13033555463887245,0.4007266199383442,0,Credit Card,Regular,0
CUST004849,2,56.32056428474351,120.0149014609488,8,77,1,67.09401085159601,4,1,0.30410737291431783,0.3351241290014772,0,PayPal,Regular,0
CUST004850,95,249.61307995336824,21677.498022168653,10,12,2,20.716902849978585,5,3,0.20053056829182458,0.3081343388961753,1,Credit Card,Regular,0
CUST004851,11,26.286301569702957,291.35775404776734,13,23,2,58.84871066557892,3,2,0.2637645745844369,0.05627639211819042,1,Debit Card,Premium,0
CUST004852,35,111.31856239683167,4330.367308415564,10,25,0,37.81455375848728,3,4,0.28653424457765214,0.580169607278554,1,Credit Card,Regular,0
CUST004853,10,255.98805794649704,2266.7770397749073,10,22,1,16.80712578061427,3,2,0.28237614855512516,0.5026130510454412,0,Debit Card,Regular,0
CUST004854,23,143.99871230636967,3778.3194327302267,10,19,3,40.40987759242191,2,2,0.4028146957606997,0.0977896378220402,1,Debit Card,Regular,0
CUST004855,5,102.33042603148617,445.13410117232166,13,12,2,48.91540925804128,1,3,0.5146025836998817,0.5781137906601006,1,Debit Card,Regular,0
CUST004856,3,93.43207712858381,318.9783156722789,11,71,0,115.41635545347086,7,0,0.5128103996423586,0.43864704261723714,0,PayPal,Regular,0
CUST004857,66,55.79139535030867,4165.2676410291315,10,17,2,56.06377083972595,4,1,0.05282506174799836,0.22672071201455246,0,Debit Card,Occasional,0
CUST004858,59,52.505104490081045,3407.5945408510365,14,22,2,38.29384818768788,1,2,0.47749849499956304,0.2113498430443176,1,Credit Card,Occasional,0
CUST004859,52,21.577433328621776,1200.4791099257502,11,32,1,27.49246064057001,4,2,0.18923176216887072,0.21470199343535454,1,Credit Card,Regular,0
CUST004860,23,156.95524825896354,3692.9198288056277,7,2,0,115.12759485831482,5,2,0.27381921708408347,0.3884417162113828,0,Credit Card,Regular,0
CUST004861,39,23.81732775220911,1009.8436905171548,16,45,3,45.259540166730616,5,2,0.46986024825631656,0.24578846182749226,1,PayPal,Occasional,0
CUST004862,1,74.02321675749728,86.36130494110344,12,21,1,98.8448901280094,1,2,0.23911467632194033,0.6204049772905603,1,Debit Card,Occasional,0
CUST004863,9,60.645108918555394,521.4410323675874,8,32,0,44.94314510757155,3,1,0.13442889749311554,0.21223118219479267,0,Credit Card,Regular,0
CUST004864,9,90.1471680864212,750.7684915343461,9,44,0,42.49049755895129,2,2,0.23712870703230388,0.1434462427890447,1,Debit Card,Occasional,0
CUST004865,24,122.31588645505353,2907.3747214420355,13,62,1,48.35391681445694,1,3,0.3863441728029643,0.26436952051093754,1,Debit Card,Occasional,0
CUST004866,10,54.382817501366766,520.9394663223982,12,14,3,82.76800152479687,3,3,0.44517843746176233,0.19974234978301617,1,PayPal,Regular,0
CUST004867,3,29.620260096604767,91.3938668973986,8,50,0,44.519854501293636,4,0,0.3081154712668426,0.09271999237648157,0,Debit Card,Regular,0
CUST004868,21,43.83115834308426,883.7268802952425,15,8,1,64.63235706164593,5,0,0.24997558306212167,0.05353631090119618,1,Debit Card,Occasional,0
CUST004869,40,35.137049483209914,1592.4335269419294,8,32,0,144.67158958245133,3,0,0.3250049000301064,0.23325439335520567,1,Debit Card,Regular,0
CUST004870,11,260.46445432702205,2559.6809691069243,7,3,1,34.37594484023491,4,3,0.2812128047066621,0.3718037076699338,1,PayPal,Occasional,1
CUST004871,3,187.2263237032437,577.3431907965904,7,0,0,45.908136803886705,4,0,0.25888228906582655,0.49792863707424895,1,Credit Card,Regular,0
CUST004872,5,20.91169339103019,114.66221809655102,9,3,0,92.94217434068102,4,3,0.2818430569465487,0.29435377124546114,1,Credit Card,Premium,0
CUST004873,6,61.26894588285226,349.5979285632641,13,11,0,84.44369187881975,2,2,0.31201302142248144,0.25084786105313134,1,PayPal,Regular,0
CUST004874,8,33.76967833448618,260.13290473317306,12,0,1,46.93345922190478,6,3,0.3041023603152936,0.12387485545473993,1,Debit Card,Regular,0
CUST004875,24,44.66594761940365,1033.738786139919,15,29,2,101.47970217795896,1,0,0.05202658805244776,0.37596010824748666,1,PayPal,Occasional,0
CUST004876,22,49.907500641471806,1091.5020552234678,9,11,0,42.991906167245446,3,1,0.33304464175942555,0.06179018151247378,1,Debit Card,Occasional,1
CUST004877,28,37.25495029847977,1207.6041159839867,6,39,0,60.21975145131332,2,2,0.1446854905437382,0.3307943351169684,1,Credit Card,Regular,0
CUST004878,10,147.3665284446317,1604.4743023967933,11,1,3,81.85775066101854,3,1,0.3918493798802348,0.23763076422575943,1,Debit Card,Occasional,0
CUST004879,41,100.02704802570102,4360.121461629206,10,7,0,140.26049587797667,2,1,0.32647199360052453,0.3330187874190196,0,Debit Card,Occasional,0
CUST004880,5,94.34526835425996,549.1695423195114,17,15,0,118.6599577919497,3,2,0.40423748187554454,0.17733318185584146,0,Credit Card,Regular,0
CUST004881,15,201.2528420844792,2446.323361389623,4,14,1,45.17150754968826,2,1,0.13377696690055396,0.07083301638413168,1,PayPal,Occasional,0
CUST004882,38,140.3727580990703,4842.601369769638,11,4,0,90.15835381767337,5,2,0.18086052936847596,0.2561179540526268,0,Debit Card,Occasional,0
CUST004883,4,79.45226820036105,340.4080746174868,8,154,3,103.91533402434099,2,1,0.5911421749056985,0.19730969946412652,1,PayPal,Regular,0
CUST004884,2,95.85075890462501,183.26718758066238,5,10,1,28.976938380772776,4,2,0.1296000554359913,0.24338835850984364,0,Debit Card,Regular,1
CUST004885,51,156.57639476189016,7470.132392108657,8,38,0,71.79581378616616,3,1,0.17510913716551865,0.4036304253705892,1,Debit Card,Premium,0
CUST004886,10,149.62495048135702,1823.9713810849335,6,7,0,36.055041430056505,1,2,0.3428085881785582,0.40890625537376196,1,Debit Card,Regular,0
CUST004887,27,6.510316049517422,151.0373239761341,13,63,0,65.79941847599366,5,3,0.2055299159220155,0.16426660137903476,1,PayPal,Occasional,1
CUST004888,0,108.25569310866368,0.0,7,14,1,98.84830557027335,2,3,0.33308353794662243,0.21448437109315377,1,Credit Card,Regular,0
CUST004889,28,84.58975092377268,2342.190657966638,9,69,2,12.48539644267112,1,2,0.08612702202650853,0.30858532091572477,1,Credit Card,Regular,0
CUST004890,9,126.89185846738116,1108.0308949475238,9,12,1,125.27008572404287,5,3,0.15571029108407947,0.14578571722216088,0,Debit Card,Regular,0
CUST004891,1,12.675494534073318,13.299201072496336,11,0,2,121.6275161086177,2,2,0.38974490072131396,0.3970927103767103,1,PayPal,Regular,0
CUST004892,22,166.0827482063899,3393.9743069622023,10,21,0,91.97826568785187,3,2,0.5006410501388893,0.19432760772428534,1,Credit Card,Regular,0
CUST004893,6,132.1564014206502,757.4978093838872,11,22,1,39.9547107680132,2,3,0.26700482069893233,0.6639447187734935,0,Credit Card,Premium,0
CUST004894,11,58.48999832714973,603.4025702182277,8,3,2,114.81960132403088,2,2,0.1084126259427227,0.426496710863149,0,Debit Card,Occasional,0
CUST004895,2,235.96289869504506,453.4059453024295,8,8,1,82.81285158956743,1,1,0.6391345660341357,0.3259234652196441,0,Credit Card,Occasional,0
CUST004896,3,29.26714005399653,85.07422550669857,9,45,0,141.50694684497896,4,2,0.2928922850889006,0.09555496825738269,1,Credit Card,Occasional,0
CUST004897,8,91.5901926201354,712.3647432818362,9,1,2,46.72020017232118,3,2,0.5066396108786336,0.4804665352716084,0,PayPal,Regular,0
CUST004898,2,49.21768676451381,101.39630888178381,11,20,3,19.043782943435403,1,2,0.17349833903947573,0.42120866047688643,1,PayPal,Regular,0
CUST004899,58,40.6833220043857,2217.446380092562,9,22,2,53.89231785457825,2,2,0.1559192005783304,0.2602808545847608,1,Debit Card,Regular,0
CUST004900,0,73.45452784230142,0.0,8,35,2,68.79022373161996,4,1,0.4912854942295249,0.21176577836015995,1,Credit Card,Regular,0
CUST004901,15,14.018760925359505,182.6204347802116,13,1,1,64.55957493647685,4,1,0.1878087707738217,0.20295206593715742,1,PayPal,Premium,0
CUST004902,3,132.20476358922184,478.27342573535486,8,26,3,34.879009635763445,1,1,0.34496968901060077,0.21844010502792222,0,Debit Card,Regular,0
CUST004903,8,358.7379202149469,2691.8568384677696,8,0,0,51.220184245825074,7,2,0.29047543874389653,0.5472397727199634,0,Debit Card,Premium,0
CUST004904,62,28.24079474981292,2054.761870597704,7,9,1,49.88724213576634,4,2,0.29996308399112603,0.1276402548905268,0,Credit Card,Occasional,0
CUST004905,4,199.11639921719782,920.0922011585241,9,20,0,54.584202730069116,0,0,0.1715906286430456,0.2599494110091175,1,PayPal,Occasional,0
CUST004906,81,159.66373902843742,13161.09825062339,7,72,0,87.7077582093749,7,2,0.28811805883285413,0.4422590141330833,1,PayPal,Premium,0
CUST004907,5,18.45697348928047,84.94343047089448,4,4,1,11.079685148098818,4,1,0.35528083914616465,0.1332242076268256,0,PayPal,Occasional,0
CUST004908,32,26.50219484569275,1024.2961116763609,9,5,2,58.281262781251485,4,1,0.17148295036125677,0.3341672143065681,1,Credit Card,Regular,0
CUST004909,18,90.32637809182164,1689.5895990813783,9,33,1,63.22525525754327,3,3,0.2599411281931276,0.14748329426370274,0,Debit Card,Regular,0
CUST004910,51,126.68595270260685,6750.167555920572,10,14,1,23.566229469258168,7,1,0.30342012023687087,0.45052398410957134,1,Credit Card,Regular,0
CUST004911,19,169.01073000851545,3140.660198416564,14,29,2,75.66702647429896,3,1,0.32660056852196284,0.24337497791333695,1,Debit Card,Occasional,0
CUST004912,18,75.50545105597807,1416.033363561422,9,179,0,63.728600124369954,5,4,0.32534057480268685,0.1655701854490034,1,Credit Card,Premium,0
CUST004913,5,82.18665262039309,390.73522253945,8,129,0,113.66736239017737,6,3,0.3659300384725146,0.1382520306566746,1,PayPal,Occasional,1
CUST004914,4,21.025343727534327,73.68306312707692,15,13,3,28.89488471295227,2,0,0.24065268527046565,0.10060951415022376,1,Credit Card,Regular,0
CUST004915,59,200.26836630980523,12004.613390184297,8,21,1,22.730219604903155,6,2,0.5757116521330056,0.20968814713729866,1,PayPal,Occasional,0
CUST004916,9,161.94664080937736,1551.4453189422084,7,70,1,134.91179621727167,4,1,0.05573779043230212,0.5582151059762946,1,Credit Card,Occasional,1
CUST004917,11,113.80418215279109,1322.7202646692306,14,2,0,38.92954723937692,5,2,0.1783565373303148,0.21668935598837197,1,PayPal,Occasional,0
CUST004918,34,77.74714130354131,2469.7856474640876,6,18,1,99.8733834810381,1,4,0.39499289138922467,0.25877206195195207,1,PayPal,Regular,0
CUST004919,9,198.79685697162483,1850.9530466920178,11,14,1,54.03997854644065,2,2,0.2412408624226973,0.17984949452567114,0,Credit Card,Premium,0
CUST004920,72,27.777771888365656,2230.285503004303,11,10,0,56.14238248405037,1,0,0.09493739630686342,0.3459114309230679,1,Credit Card,Occasional,0
CUST004921,32,95.62629217187637,3337.565556170735,10,154,1,37.591219283375125,3,1,0.5536869975927405,0.2038089287629202,1,Credit Card,Regular,0
CUST004922,21,265.2751995086571,6035.862304899526,15,39,0,48.42027051766812,0,0,0.11918861684081217,0.2006408830869097,0,Debit Card,Regular,0
CUST004923,51,27.316059196454496,1334.563346424839,12,14,0,24.13081342384142,3,3,0.059286972088648526,0.4009002185646811,0,Credit Card,Regular,0
CUST004924,1,308.3696874021415,266.66148784182957,7,52,7,22.802738428951432,3,2,0.1464145326479813,0.07597010927477178,0,PayPal,Premium,0
CUST004925,7,154.05778510432697,913.1436218665386,14,20,3,28.71688141597151,4,2,0.16297945600330585,0.1458727240655843,1,PayPal,Occasional,0
CUST004926,15,130.10312810554115,1788.5329643001417,15,61,1,64.89952146023415,2,1,0.1540334670958695,0.4540453203167337,0,Credit Card,Regular,1
CUST004927,6,195.4048027528146,1306.8776390091518,9,9,2,68.45766076343219,4,3,0.16713955169188283,0.2121251936164557,0,PayPal,Regular,0
CUST004928,32,170.97995838103918,4904.384638252181,9,7,1,66.375774085504,3,1,0.4597527393730892,0.2862386704042633,0,PayPal,Regular,0
CUST004929,60,18.3064099031261,1198.6115093471108,10,8,0,96.05977039183578,3,7,0.17880053527177198,0.46843788059728264,1,PayPal,Regular,0
CUST004930,13,17.61292938963357,215.40422964210617,10,23,0,79.79359955576558,5,1,0.4113908491298897,0.15986036149861826,1,PayPal,Occasional,0
CUST004931,10,50.93240915750895,524.3324835476701,12,10,0,24.012017172921336,1,1,0.49456489247068414,0.6046826025339148,1,Debit Card,Regular,0
CUST004932,78,102.55982135162323,8886.146376765679,4,4,0,16.91084663302759,6,1,0.07489035115168236,0.4154643848875804,0,Credit Card,Occasional,0
CUST004933,14,178.0419236938613,2811.2817180145294,11,156,2,83.69264319389656,6,2,0.3160574576464958,0.4629759902515808,1,Credit Card,Regular,0
CUST004934,16,65.76012683769359,950.0764046719863,6,69,2,24.394863234388406,7,2,0.2592863897824266,0.6702700478238811,0,Debit Card,Premium,0
CUST004935,10,41.00643782496912,409.63486675495744,11,30,1,62.04355773913311,3,1,0.552278284535208,0.14141747691285642,1,Credit Card,Occasional,0
CUST004936,57,147.59196221952914,7773.465736783106,13,66,1,32.084141982297545,0,1,0.07519994953578775,0.2345065578698282,0,Credit Card,Occasional,1
CUST004937,20,63.66186773383089,1314.1714261000284,8,82,1,34.86426256426014,4,2,0.3410422160015759,0.1815304452930318,1,PayPal,Regular,1
CUST004938,34,107.26102085496746,4258.86408798553,12,33,1,52.6501736805278,4,2,0.2903315153368943,0.1597047382151891,1,Credit Card,Premium,0
CUST004939,40,81.23546101272825,3036.0996642030314,5,21,1,31.203266758531075,1,2,0.12113976165898971,0.41058585743196585,1,Credit Card,Regular,0
CUST004940,10,43.092781061197336,404.43509098028096,12,64,0,41.87335890259984,3,0,0.2965546287765479,0.3621563107467582,0,Debit Card,Premium,0
CUST004941,13,44.916261225328476,532.5630567898145,12,25,0,54.44580037666487,5,2,0.39674021599179077,0.3313918469691674,1,Credit Card,Premium,0
CUST004942,45,27.35571565713458,1088.0708574451214,9,4,0,91.47553038775018,5,4,0.16827444076493497,0.5696033975410625,1,Credit Card,Regular,0
CUST004943,10,183.48962417817495,1774.1936531996935,13,13,1,95.95804418943939,4,2,0.3957090813487346,0.06274073359511427,1,PayPal,Occasional,0
CUST004944,37,57.50001154206355,1941.654669163277,16,17,2,92.05698926007543,2,0,0.5878123394353514,0.5595125385364869,0,PayPal,Regular,0
CUST004945,67,41.687893346373905,3126.9937083201044,15,82,0,35.6525771175271,2,2,0.0932074446193664,0.48728920456967556,0,Debit Card,Regular,0
CUST004946,23,12.552173976663322,272.4905322162519,13,32,2,28.387254629464298,3,1,0.14192172099530337,0.26266926672814345,0,Debit Card,Premium,0
CUST004947,32,9.822905826630222,345.3504581342157,8,62,2,37.02350305082344,2,4,0.3584871783639491,0.18934582698918412,0,Credit Card,Regular,0
CUST004948,39,29.155214175227563,1104.2880374389613,16,42,1,32.11383966369923,4,2,0.18232617562550216,0.13002970494157728,1,Debit Card,Occasional,0
CUST004949,44,106.09908245324493,4955.196064493328,12,11,0,96.80909579374304,3,2,0.256119489299293,0.14762298050825426,0,Debit Card,Regular,0
CUST004950,12,83.78078026736557,1013.6332365463003,14,38,1,60.45724673021439,3,2,0.5631112363505929,0.2904261290076743,1,Debit Card,Regular,0
CUST004951,1,62.351857821592326,65.90959242813689,11,6,1,85.45232890429563,3,2,0.6807102557652449,0.3327632045350711,1,Credit Card,Premium,0
CUST004952,12,29.35012207025405,335.2464578163457,12,15,0,22.27148796425275,5,1,0.08999606784494618,0.3403660618155474,1,Credit Card,Regular,0
CUST004953,26,11.179296418033099,325.1994058925333,5,49,1,95.92696817211652,1,2,0.0939290199271439,0.42127362637776805,1,Debit Card,Premium,0
CUST004954,14,42.18352443200841,682.8288240464359,9,28,1,27.197610582145543,0,4,0.458255020470756,0.506762028967906,1,Debit Card,Regular,0
CUST004955,33,63.119601354471676,2385.1850823745253,8,52,1,50.42240305116762,4,4,0.2044586332007504,0.31639080450070883,1,PayPal,Regular,0
CUST004956,10,134.38177706600175,1092.7187257876174,10,8,1,68.07575846179228,3,1,0.4853286374710844,0.46682920669155303,0,Credit Card,Regular,1
CUST004957,24,18.976665983011852,547.6882076890187,6,41,2,81.93444134783262,4,3,0.5014433176795308,0.36055284043557206,1,Debit Card,Occasional,1
CUST004958,4,59.01795078080495,223.38009124691376,3,6,1,63.1980503879753,2,4,0.2808095244119158,0.5730619547990264,0,Debit Card,Regular,1
CUST004959,33,28.13234310384938,778.3510058992346,11,23,0,60.97120175810894,6,1,0.21177691999096512,0.568637259539393,1,Credit Card,Regular,0
CUST004960,18,49.57174595230748,728.6868951929624,12,17,1,27.292666044280786,0,1,0.08603717258320583,0.35635812293541963,0,Debit Card,Premium,0
CUST004961,5,297.20369430068615,1332.5442341242347,15,24,0,34.112423618616596,2,1,0.40857262827425883,0.2386864711651926,0,Debit Card,Regular,0
CUST004962,8,34.92847245272968,241.03439599201823,13,4,0,43.154932268169645,2,3,0.12421122708526172,0.344666217795607,0,Credit Card,Regular,0
CUST004963,33,29.0745088510256,899.5414004711974,15,13,2,73.6538770597684,7,3,0.32866756216764176,0.4261069200395288,1,PayPal,Regular,0
CUST004964,15,426.1943154916329,6557.909682729816,12,32,1,34.29385170181302,4,1,0.24639029733328366,0.3838252121334672,1,Debit Card,Occasional,0
CUST004965,5,122.81633593037631,567.9178961338496,12,24,0,83.14169142468474,2,2,0.47079503008157275,0.4313371325866467,1,PayPal,Occasional,0
CUST004966,82,116.44674640502623,8344.601692400502,8,23,1,70.37201688310154,3,2,0.33819222089680795,0.46617159679026565,1,PayPal,Premium,0
CUST004967,30,36.503757877406585,1041.0203832591544,14,21,0,61.24006153475847,1,3,0.2552293830993132,0.4564707954063439,1,PayPal,Regular,0
CUST004968,75,293.36315413430066,24514.35594467437,17,86,1,36.200214607918454,3,1,0.09003233633558588,0.3551061593376779,0,Debit Card,Premium,0
CUST004969,13,20.36650819320219,273.78360936534654,9,81,0,55.81689445392844,3,2,0.0507303938807726,0.489276522434313,1,PayPal,Regular,0
CUST004970,15,169.75300804572154,2640.933886692941,8,13,3,15.558048177276493,0,1,0.1527674735182494,0.48746874188954964,1,Debit Card,Occasional,1
CUST004971,54,186.0011216108279,8899.657359407352,7,13,1,49.4156826646752,3,0,0.11454696305518094,0.10018977027928808,0,Credit Card,Occasional,0
CUST004972,17,214.66704496603734,4129.651003235202,9,24,0,8.680653316503388,1,4,0.16460622540215353,0.6090164695019574,1,Debit Card,Occasional,0
CUST004973,29,231.76116887230114,7216.806856800178,14,3,3,55.23278436253226,3,0,0.5275045278949951,0.3848672899203587,0,PayPal,Premium,0
CUST004974,6,65.40136090725193,367.1474835923028,8,10,0,60.708260470135485,2,2,0.27409975459451646,0.2591018343620641,0,Credit Card,Regular,0
CUST004975,14,100.63225953716126,1580.1286780820105,10,7,1,48.230525503882475,2,2,0.4578090370324012,0.3517119662735049,1,Credit Card,Premium,0
CUST004976,3,83.88457724562959,278.9687232964479,12,7,2,26.731943999979528,2,4,0.5275818834397158,0.6912576068627077,1,Credit Card,Premium,0
CUST004977,5,31.655054811530963,152.46902047925482,8,30,3,93.95928088656765,3,5,0.06361746544421538,0.31037282215803635,0,Debit Card,Occasional,1
CUST004978,0,62.04724473772609,0.0,9,14,3,56.919994698392586,2,0,0.5929785300599165,0.32215936694879516,1,PayPal,Occasional,0
CUST004979,0,186.26445820739826,0.0,7,5,3,48.08141580359626,4,2,0.4414510028534772,0.3891481042021444,1,Debit Card,Occasional,0
CUST004980,90,21.783233874959137,1829.675023124795,12,65,0,41.07845830768346,4,5,0.563754228031368,0.2831450139863991,0,PayPal,Regular,0
CUST004981,6,144.6402630145446,878.0128439354244,10,62,1,17.53442302561887,5,5,0.697277593616821,0.13877289456670383,0,PayPal,Regular,1
CUST004982,26,149.5124837832335,4308.83706016611,4,59,1,33.983290323257854,5,0,0.3961898977707461,0.2053529951423324,1,Credit Card,Occasional,0
CUST004983,43,86.7579365919214,3840.529727728772,10,14,0,56.5171766349149,2,2,0.17951621524100908,0.1344701104920464,0,Credit Card,Regular,0
CUST004984,19,155.39576974772663,3003.1330320960797,5,1,0,82.77950939873736,4,1,0.42457989855070477,0.35580353978256174,0,Debit Card,Premium,0
CUST004985,3,32.57004327252547,90.50250648134255,9,3,0,36.11665475537773,3,0,0.07039884892509372,0.517683501432249,1,Debit Card,Occasional,0
CUST004986,31,27.56569049855184,741.7217588740273,5,9,1,96.6848806031096,3,2,0.6171047409850163,0.275086776951984,0,PayPal,Occasional,0
CUST004987,22,56.79288645612643,1492.950285410199,8,7,2,54.93949871729591,4,1,0.42672909432704476,0.2082847949901619,0,Credit Card,Regular,0
CUST004988,31,103.3470637104167,3456.20861724426,8,62,4,133.51744989896983,3,2,0.16996434962083246,0.4707166628920801,1,Debit Card,Regular,0
CUST004989,35,278.98741857361773,9707.786418857875,12,128,1,85.32128064448209,3,9,0.29310399527368736,0.3907402160113738,1,PayPal,Regular,1
CUST004990,88,86.46913544375079,7115.997614508252,8,50,1,127.87651689022226,2,1,0.43143827677053975,0.35666742944051005,0,PayPal,Premium,0
CUST004991,20,57.35583081149449,1240.4383041735236,7,39,1,60.11483559842938,0,3,0.6200143847318985,0.25247952070157,1,PayPal,Regular,0
CUST004992,10,181.47069870634002,1849.5568485934823,7,26,0,35.89352525885098,3,3,0.18166602947791413,0.3388054186674877,1,PayPal,Regular,0
CUST004993,25,23.4122964921656,570.2244599871783,12,44,1,46.23082796839426,3,3,0.0916885582574427,0.5341448826252955,0,PayPal,Regular,0
CUST004994,1,18.95834402484722,16.833549204470422,9,88,2,41.056327146885295,1,3,0.032760782846846435,0.4158627706681662,0,Credit Card,Regular,1
CUST004995,54,282.5847748035694,14557.52306310972,9,27,0,52.87694588826311,2,1,0.1900827932754718,0.3417552033532562,0,Credit Card,Regular,0
CUST004996,3,41.24608054442987,104.96331149294475,6,5,0,42.18610209833752,5,2,0.633073492435432,0.27508776533964535,0,Credit Card,Regular,1
CUST004997,9,218.02532451745319,2123.9588821661728,6,5,2,110.03504634389967,1,2,0.20862133712238667,0.09553040287750697,1,PayPal,Regular,0
CUST004998,40,200.23439280995828,8473.266839600406,13,26,2,102.92673350718866,5,2,0.43447637858467053,0.49091512732136344,1,Debit Card,Regular,0
CUST004999,21,160.3488403195416,2946.3331734063518,15,12,3,31.379804313484566,1,1,0.0904498599018104,0.17364104645623582,0,Debit Card,Occasional,0
